fondo_id;nombre_fondo;fecha;clase;numero_fondo;valor;id;nombre;moneda;riesgo;horizonte;categoria;variacion_diaria;url_detalle;fecha_scraping_x;descripcion;volatilidad_anual;rendimiento_ytd;rendimiento_mes;duration;patrimonio;fecha_informacion;factsheet_url;fecha_scraping_y;fondo_nombre;fecha_reporte;moneda_factsheet;riesgo_factsheet;horizonte_inversion;perfil_inversor;clasificacion;patrimonio_neto;valor_cuotaparte;rendimiento_7_dias;rendimiento_1_mes;rendimiento_90_dias;rendimiento_180_dias;rendimiento_anual;rendimiento_12_meses;benchmark;honorarios_sg_sd;gastos_gestion;honorarios_exito;liquidez_pct;plazo_fijo_pct;caucion_pct
fx00gteu1ughpxmzrii6nb3q;RAÍCES 24/7 | Ahorro Pesos;2026-06-03;Clase A;4;35971717;fx00gteu1ughpxmzrii6nb3q;RAÍCES 24/7 | Ahorro Pesos;ARS;Conservador;Horizonte a 1 día;Money market;0.0506;https://www.provinciafondos.com.ar/nuestros-fondos/fx00gteu1ughpxmzrii6nb3q;2026-06-04 18:32:59.455226;Fondo money market en pesos: invierte en plazos fijo en bancos del sistema financiero local, depósitos a la vista, cauciones.;14.0;2499.0;1884.0;0,4 meses;1634179117139.0;2026-05-29;https://provincia-prod-api.teocoop.site/uploads/F4_05_26_c03b947343.pdf;2026-06-04 18:33:03.649604;RAÍCES 24/7 | Ahorro Pesos;2026-05-29;Pesos;bajo;1 día;conservador;money market;1.634.179.117.139;35,881257;18,48%;18.84;21,14%;24,92%;24,99%;33.17;75% Tasa Tamar;1,9%;0%;0%;55.1;0.0;0.0
fx00gteu1ughpxmzrii6nb3q;RAÍCES 24/7 | Ahorro Pesos;2026-06-02;Clase A;4;35953528;fx00gteu1ughpxmzrii6nb3q;RAÍCES 24/7 | Ahorro Pesos;ARS;Conservador;Horizonte a 1 día;Money market;0.0506;https://www.provinciafondos.com.ar/nuestros-fondos/fx00gteu1ughpxmzrii6nb3q;2026-06-04 18:32:59.455226;Fondo money market en pesos: invierte en plazos fijo en bancos del sistema financiero local, depósitos a la vista, cauciones.;14.0;2499.0;1884.0;0,4 meses;1634179117139.0;2026-05-29;https://provincia-prod-api.teocoop.site/uploads/F4_05_26_c03b947343.pdf;2026-06-04 18:33:03.649604;RAÍCES 24/7 | Ahorro Pesos;2026-05-29;Pesos;bajo;1 día;conservador;money market;1.634.179.117.139;35,881257;18,48%;18.84;21,14%;24,92%;24,99%;33.17;75% Tasa Tamar;1,9%;0%;0%;55.1;0.0;0.0
fx00gteu1ughpxmzrii6nb3q;RAÍCES 24/7 | Ahorro Pesos;2026-06-01;Clase A;4;35935558;fx00gteu1ughpxmzrii6nb3q;RAÍCES 24/7 | Ahorro Pesos;ARS;Conservador;Horizonte a 1 día;Money market;0.0506;https://www.provinciafondos.com.ar/nuestros-fondos/fx00gteu1ughpxmzrii6nb3q;2026-06-04 18:32:59.455226;Fondo money market en pesos: invierte en plazos fijo en bancos del sistema financiero local, depósitos a la vista, cauciones.;14.0;2499.0;1884.0;0,4 meses;1634179117139.0;2026-05-29;https://provincia-prod-api.teocoop.site/uploads/F4_05_26_c03b947343.pdf;2026-06-04 18:33:03.649604;RAÍCES 24/7 | Ahorro Pesos;2026-05-29;Pesos;bajo;1 día;conservador;money market;1.634.179.117.139;35,881257;18,48%;18.84;21,14%;24,92%;24,99%;33.17;75% Tasa Tamar;1,9%;0%;0%;55.1;0.0;0.0
fx00gteu1ughpxmzrii6nb3q;RAÍCES 24/7 | Ahorro Pesos;2026-05-29;Clase A;4;35881257;fx00gteu1ughpxmzrii6nb3q;RAÍCES 24/7 | Ahorro Pesos;ARS;Conservador;Horizonte a 1 día;Money market;0.0506;https://www.provinciafondos.com.ar/nuestros-fondos/fx00gteu1ughpxmzrii6nb3q;2026-06-04 18:32:59.455226;Fondo money market en pesos: invierte en plazos fijo en bancos del sistema financiero local, depósitos a la vista, cauciones.;14.0;2499.0;1884.0;0,4 meses;1634179117139.0;2026-05-29;https://provincia-prod-api.teocoop.site/uploads/F4_05_26_c03b947343.pdf;2026-06-04 18:33:03.649604;RAÍCES 24/7 | Ahorro Pesos;2026-05-29;Pesos;bajo;1 día;conservador;money market;1.634.179.117.139;35,881257;18,48%;18.84;21,14%;24,92%;24,99%;33.17;75% Tasa Tamar;1,9%;0%;0%;55.1;0.0;0.0
fx00gteu1ughpxmzrii6nb3q;RAÍCES 24/7 | Ahorro Pesos;2026-05-28;Clase A;4;35863;fx00gteu1ughpxmzrii6nb3q;RAÍCES 24/7 | Ahorro Pesos;ARS;Conservador;Horizonte a 1 día;Money market;0.0506;https://www.provinciafondos.com.ar/nuestros-fondos/fx00gteu1ughpxmzrii6nb3q;2026-06-04 18:32:59.455226;Fondo money market en pesos: invierte en plazos fijo en bancos del sistema financiero local, depósitos a la vista, cauciones.;14.0;2499.0;1884.0;0,4 meses;1634179117139.0;2026-05-29;https://provincia-prod-api.teocoop.site/uploads/F4_05_26_c03b947343.pdf;2026-06-04 18:33:03.649604;RAÍCES 24/7 | Ahorro Pesos;2026-05-29;Pesos;bajo;1 día;conservador;money market;1.634.179.117.139;35,881257;18,48%;18.84;21,14%;24,92%;24,99%;33.17;75% Tasa Tamar;1,9%;0%;0%;55.1;0.0;0.0
fx00gteu1ughpxmzrii6nb3q;RAÍCES 24/7 | Ahorro Pesos;2026-05-27;Clase A;4;35844756;fx00gteu1ughpxmzrii6nb3q;RAÍCES 24/7 | Ahorro Pesos;ARS;Conservador;Horizonte a 1 día;Money market;0.0506;https://www.provinciafondos.com.ar/nuestros-fondos/fx00gteu1ughpxmzrii6nb3q;2026-06-04 18:32:59.455226;Fondo money market en pesos: invierte en plazos fijo en bancos del sistema financiero local, depósitos a la vista, cauciones.;14.0;2499.0;1884.0;0,4 meses;1634179117139.0;2026-05-29;https://provincia-prod-api.teocoop.site/uploads/F4_05_26_c03b947343.pdf;2026-06-04 18:33:03.649604;RAÍCES 24/7 | Ahorro Pesos;2026-05-29;Pesos;bajo;1 día;conservador;money market;1.634.179.117.139;35,881257;18,48%;18.84;21,14%;24,92%;24,99%;33.17;75% Tasa Tamar;1,9%;0%;0%;55.1;0.0;0.0
fx00gteu1ughpxmzrii6nb3q;RAÍCES 24/7 | Ahorro Pesos;2026-05-26;Clase A;4;3582651;fx00gteu1ughpxmzrii6nb3q;RAÍCES 24/7 | Ahorro Pesos;ARS;Conservador;Horizonte a 1 día;Money market;0.0506;https://www.provinciafondos.com.ar/nuestros-fondos/fx00gteu1ughpxmzrii6nb3q;2026-06-04 18:32:59.455226;Fondo money market en pesos: invierte en plazos fijo en bancos del sistema financiero local, depósitos a la vista, cauciones.;14.0;2499.0;1884.0;0,4 meses;1634179117139.0;2026-05-29;https://provincia-prod-api.teocoop.site/uploads/F4_05_26_c03b947343.pdf;2026-06-04 18:33:03.649604;RAÍCES 24/7 | Ahorro Pesos;2026-05-29;Pesos;bajo;1 día;conservador;money market;1.634.179.117.139;35,881257;18,48%;18.84;21,14%;24,92%;24,99%;33.17;75% Tasa Tamar;1,9%;0%;0%;55.1;0.0;0.0
fx00gteu1ughpxmzrii6nb3q;RAÍCES 24/7 | Ahorro Pesos;2026-05-22;Clase A;4;3575455;fx00gteu1ughpxmzrii6nb3q;RAÍCES 24/7 | Ahorro Pesos;ARS;Conservador;Horizonte a 1 día;Money market;0.0506;https://www.provinciafondos.com.ar/nuestros-fondos/fx00gteu1ughpxmzrii6nb3q;2026-06-04 18:32:59.455226;Fondo money market en pesos: invierte en plazos fijo en bancos del sistema financiero local, depósitos a la vista, cauciones.;14.0;2499.0;1884.0;0,4 meses;1634179117139.0;2026-05-29;https://provincia-prod-api.teocoop.site/uploads/F4_05_26_c03b947343.pdf;2026-06-04 18:33:03.649604;RAÍCES 24/7 | Ahorro Pesos;2026-05-29;Pesos;bajo;1 día;conservador;money market;1.634.179.117.139;35,881257;18,48%;18.84;21,14%;24,92%;24,99%;33.17;75% Tasa Tamar;1,9%;0%;0%;55.1;0.0;0.0
fx00gteu1ughpxmzrii6nb3q;RAÍCES 24/7 | Ahorro Pesos;2026-05-21;Clase A;4;35736429;fx00gteu1ughpxmzrii6nb3q;RAÍCES 24/7 | Ahorro Pesos;ARS;Conservador;Horizonte a 1 día;Money market;0.0506;https://www.provinciafondos.com.ar/nuestros-fondos/fx00gteu1ughpxmzrii6nb3q;2026-06-04 18:32:59.455226;Fondo money market en pesos: invierte en plazos fijo en bancos del sistema financiero local, depósitos a la vista, cauciones.;14.0;2499.0;1884.0;0,4 meses;1634179117139.0;2026-05-29;https://provincia-prod-api.teocoop.site/uploads/F4_05_26_c03b947343.pdf;2026-06-04 18:33:03.649604;RAÍCES 24/7 | Ahorro Pesos;2026-05-29;Pesos;bajo;1 día;conservador;money market;1.634.179.117.139;35,881257;18,48%;18.84;21,14%;24,92%;24,99%;33.17;75% Tasa Tamar;1,9%;0%;0%;55.1;0.0;0.0
fx00gteu1ughpxmzrii6nb3q;RAÍCES 24/7 | Ahorro Pesos;2026-05-20;Clase A;4;35718332;fx00gteu1ughpxmzrii6nb3q;RAÍCES 24/7 | Ahorro Pesos;ARS;Conservador;Horizonte a 1 día;Money market;0.0506;https://www.provinciafondos.com.ar/nuestros-fondos/fx00gteu1ughpxmzrii6nb3q;2026-06-04 18:32:59.455226;Fondo money market en pesos: invierte en plazos fijo en bancos del sistema financiero local, depósitos a la vista, cauciones.;14.0;2499.0;1884.0;0,4 meses;1634179117139.0;2026-05-29;https://provincia-prod-api.teocoop.site/uploads/F4_05_26_c03b947343.pdf;2026-06-04 18:33:03.649604;RAÍCES 24/7 | Ahorro Pesos;2026-05-29;Pesos;bajo;1 día;conservador;money market;1.634.179.117.139;35,881257;18,48%;18.84;21,14%;24,92%;24,99%;33.17;75% Tasa Tamar;1,9%;0%;0%;55.1;0.0;0.0
fx00gteu1ughpxmzrii6nb3q;RAÍCES 24/7 | Ahorro Pesos;2026-05-19;Clase A;4;3570006;fx00gteu1ughpxmzrii6nb3q;RAÍCES 24/7 | Ahorro Pesos;ARS;Conservador;Horizonte a 1 día;Money market;0.0506;https://www.provinciafondos.com.ar/nuestros-fondos/fx00gteu1ughpxmzrii6nb3q;2026-06-04 18:32:59.455226;Fondo money market en pesos: invierte en plazos fijo en bancos del sistema financiero local, depósitos a la vista, cauciones.;14.0;2499.0;1884.0;0,4 meses;1634179117139.0;2026-05-29;https://provincia-prod-api.teocoop.site/uploads/F4_05_26_c03b947343.pdf;2026-06-04 18:33:03.649604;RAÍCES 24/7 | Ahorro Pesos;2026-05-29;Pesos;bajo;1 día;conservador;money market;1.634.179.117.139;35,881257;18,48%;18.84;21,14%;24,92%;24,99%;33.17;75% Tasa Tamar;1,9%;0%;0%;55.1;0.0;0.0
fx00gteu1ughpxmzrii6nb3q;RAÍCES 24/7 | Ahorro Pesos;2026-05-18;Clase A;4;35681755;fx00gteu1ughpxmzrii6nb3q;RAÍCES 24/7 | Ahorro Pesos;ARS;Conservador;Horizonte a 1 día;Money market;0.0506;https://www.provinciafondos.com.ar/nuestros-fondos/fx00gteu1ughpxmzrii6nb3q;2026-06-04 18:32:59.455226;Fondo money market en pesos: invierte en plazos fijo en bancos del sistema financiero local, depósitos a la vista, cauciones.;14.0;2499.0;1884.0;0,4 meses;1634179117139.0;2026-05-29;https://provincia-prod-api.teocoop.site/uploads/F4_05_26_c03b947343.pdf;2026-06-04 18:33:03.649604;RAÍCES 24/7 | Ahorro Pesos;2026-05-29;Pesos;bajo;1 día;conservador;money market;1.634.179.117.139;35,881257;18,48%;18.84;21,14%;24,92%;24,99%;33.17;75% Tasa Tamar;1,9%;0%;0%;55.1;0.0;0.0
fx00gteu1ughpxmzrii6nb3q;RAÍCES 24/7 | Ahorro Pesos;2026-05-15;Clase A;4;35627343;fx00gteu1ughpxmzrii6nb3q;RAÍCES 24/7 | Ahorro Pesos;ARS;Conservador;Horizonte a 1 día;Money market;0.0506;https://www.provinciafondos.com.ar/nuestros-fondos/fx00gteu1ughpxmzrii6nb3q;2026-06-04 18:32:59.455226;Fondo money market en pesos: invierte en plazos fijo en bancos del sistema financiero local, depósitos a la vista, cauciones.;14.0;2499.0;1884.0;0,4 meses;1634179117139.0;2026-05-29;https://provincia-prod-api.teocoop.site/uploads/F4_05_26_c03b947343.pdf;2026-06-04 18:33:03.649604;RAÍCES 24/7 | Ahorro Pesos;2026-05-29;Pesos;bajo;1 día;conservador;money market;1.634.179.117.139;35,881257;18,48%;18.84;21,14%;24,92%;24,99%;33.17;75% Tasa Tamar;1,9%;0%;0%;55.1;0.0;0.0
fx00gteu1ughpxmzrii6nb3q;RAÍCES 24/7 | Ahorro Pesos;2026-05-14;Clase A;4;35609591;fx00gteu1ughpxmzrii6nb3q;RAÍCES 24/7 | Ahorro Pesos;ARS;Conservador;Horizonte a 1 día;Money market;0.0506;https://www.provinciafondos.com.ar/nuestros-fondos/fx00gteu1ughpxmzrii6nb3q;2026-06-04 18:32:59.455226;Fondo money market en pesos: invierte en plazos fijo en bancos del sistema financiero local, depósitos a la vista, cauciones.;14.0;2499.0;1884.0;0,4 meses;1634179117139.0;2026-05-29;https://provincia-prod-api.teocoop.site/uploads/F4_05_26_c03b947343.pdf;2026-06-04 18:33:03.649604;RAÍCES 24/7 | Ahorro Pesos;2026-05-29;Pesos;bajo;1 día;conservador;money market;1.634.179.117.139;35,881257;18,48%;18.84;21,14%;24,92%;24,99%;33.17;75% Tasa Tamar;1,9%;0%;0%;55.1;0.0;0.0
fx00gteu1ughpxmzrii6nb3q;RAÍCES 24/7 | Ahorro Pesos;2026-05-13;Clase A;4;35591704;fx00gteu1ughpxmzrii6nb3q;RAÍCES 24/7 | Ahorro Pesos;ARS;Conservador;Horizonte a 1 día;Money market;0.0506;https://www.provinciafondos.com.ar/nuestros-fondos/fx00gteu1ughpxmzrii6nb3q;2026-06-04 18:32:59.455226;Fondo money market en pesos: invierte en plazos fijo en bancos del sistema financiero local, depósitos a la vista, cauciones.;14.0;2499.0;1884.0;0,4 meses;1634179117139.0;2026-05-29;https://provincia-prod-api.teocoop.site/uploads/F4_05_26_c03b947343.pdf;2026-06-04 18:33:03.649604;RAÍCES 24/7 | Ahorro Pesos;2026-05-29;Pesos;bajo;1 día;conservador;money market;1.634.179.117.139;35,881257;18,48%;18.84;21,14%;24,92%;24,99%;33.17;75% Tasa Tamar;1,9%;0%;0%;55.1;0.0;0.0
fx00gteu1ughpxmzrii6nb3q;RAÍCES 24/7 | Ahorro Pesos;2026-05-12;Clase A;4;35573918;fx00gteu1ughpxmzrii6nb3q;RAÍCES 24/7 | Ahorro Pesos;ARS;Conservador;Horizonte a 1 día;Money market;0.0506;https://www.provinciafondos.com.ar/nuestros-fondos/fx00gteu1ughpxmzrii6nb3q;2026-06-04 18:32:59.455226;Fondo money market en pesos: invierte en plazos fijo en bancos del sistema financiero local, depósitos a la vista, cauciones.;14.0;2499.0;1884.0;0,4 meses;1634179117139.0;2026-05-29;https://provincia-prod-api.teocoop.site/uploads/F4_05_26_c03b947343.pdf;2026-06-04 18:33:03.649604;RAÍCES 24/7 | Ahorro Pesos;2026-05-29;Pesos;bajo;1 día;conservador;money market;1.634.179.117.139;35,881257;18,48%;18.84;21,14%;24,92%;24,99%;33.17;75% Tasa Tamar;1,9%;0%;0%;55.1;0.0;0.0
fx00gteu1ughpxmzrii6nb3q;RAÍCES 24/7 | Ahorro Pesos;2026-05-11;Clase A;4;35555883;fx00gteu1ughpxmzrii6nb3q;RAÍCES 24/7 | Ahorro Pesos;ARS;Conservador;Horizonte a 1 día;Money market;0.0506;https://www.provinciafondos.com.ar/nuestros-fondos/fx00gteu1ughpxmzrii6nb3q;2026-06-04 18:32:59.455226;Fondo money market en pesos: invierte en plazos fijo en bancos del sistema financiero local, depósitos a la vista, cauciones.;14.0;2499.0;1884.0;0,4 meses;1634179117139.0;2026-05-29;https://provincia-prod-api.teocoop.site/uploads/F4_05_26_c03b947343.pdf;2026-06-04 18:33:03.649604;RAÍCES 24/7 | Ahorro Pesos;2026-05-29;Pesos;bajo;1 día;conservador;money market;1.634.179.117.139;35,881257;18,48%;18.84;21,14%;24,92%;24,99%;33.17;75% Tasa Tamar;1,9%;0%;0%;55.1;0.0;0.0
fx00gteu1ughpxmzrii6nb3q;RAÍCES 24/7 | Ahorro Pesos;2026-05-08;Clase A;4;35502256;fx00gteu1ughpxmzrii6nb3q;RAÍCES 24/7 | Ahorro Pesos;ARS;Conservador;Horizonte a 1 día;Money market;0.0506;https://www.provinciafondos.com.ar/nuestros-fondos/fx00gteu1ughpxmzrii6nb3q;2026-06-04 18:32:59.455226;Fondo money market en pesos: invierte en plazos fijo en bancos del sistema financiero local, depósitos a la vista, cauciones.;14.0;2499.0;1884.0;0,4 meses;1634179117139.0;2026-05-29;https://provincia-prod-api.teocoop.site/uploads/F4_05_26_c03b947343.pdf;2026-06-04 18:33:03.649604;RAÍCES 24/7 | Ahorro Pesos;2026-05-29;Pesos;bajo;1 día;conservador;money market;1.634.179.117.139;35,881257;18,48%;18.84;21,14%;24,92%;24,99%;33.17;75% Tasa Tamar;1,9%;0%;0%;55.1;0.0;0.0
fx00gteu1ughpxmzrii6nb3q;RAÍCES 24/7 | Ahorro Pesos;2026-05-07;Clase A;4;35484447;fx00gteu1ughpxmzrii6nb3q;RAÍCES 24/7 | Ahorro Pesos;ARS;Conservador;Horizonte a 1 día;Money market;0.0506;https://www.provinciafondos.com.ar/nuestros-fondos/fx00gteu1ughpxmzrii6nb3q;2026-06-04 18:32:59.455226;Fondo money market en pesos: invierte en plazos fijo en bancos del sistema financiero local, depósitos a la vista, cauciones.;14.0;2499.0;1884.0;0,4 meses;1634179117139.0;2026-05-29;https://provincia-prod-api.teocoop.site/uploads/F4_05_26_c03b947343.pdf;2026-06-04 18:33:03.649604;RAÍCES 24/7 | Ahorro Pesos;2026-05-29;Pesos;bajo;1 día;conservador;money market;1.634.179.117.139;35,881257;18,48%;18.84;21,14%;24,92%;24,99%;33.17;75% Tasa Tamar;1,9%;0%;0%;55.1;0.0;0.0
fx00gteu1ughpxmzrii6nb3q;RAÍCES 24/7 | Ahorro Pesos;2026-05-06;Clase A;4;35466565;fx00gteu1ughpxmzrii6nb3q;RAÍCES 24/7 | Ahorro Pesos;ARS;Conservador;Horizonte a 1 día;Money market;0.0506;https://www.provinciafondos.com.ar/nuestros-fondos/fx00gteu1ughpxmzrii6nb3q;2026-06-04 18:32:59.455226;Fondo money market en pesos: invierte en plazos fijo en bancos del sistema financiero local, depósitos a la vista, cauciones.;14.0;2499.0;1884.0;0,4 meses;1634179117139.0;2026-05-29;https://provincia-prod-api.teocoop.site/uploads/F4_05_26_c03b947343.pdf;2026-06-04 18:33:03.649604;RAÍCES 24/7 | Ahorro Pesos;2026-05-29;Pesos;bajo;1 día;conservador;money market;1.634.179.117.139;35,881257;18,48%;18.84;21,14%;24,92%;24,99%;33.17;75% Tasa Tamar;1,9%;0%;0%;55.1;0.0;0.0
fx00gteu1ughpxmzrii6nb3q;RAÍCES 24/7 | Ahorro Pesos;2026-06-03;Clase A;4;35971717;fx00gteu1ughpxmzrii6nb3q;RAÍCES 24/7 | Ahorro Pesos;ARS;Conservador;Horizonte a 1 día;Money market;0.0506;https://www.provinciafondos.com.ar/nuestros-fondos/fx00gteu1ughpxmzrii6nb3q;2026-06-04 18:32:59.455226;Fondo money market en pesos: invierte en plazos fijo en bancos del sistema financiero local, depósitos a la vista, cauciones.;14.0;2499.0;1884.0;0,4 meses;1634179117139.0;2026-05-29;https://provincia-prod-api.teocoop.site/uploads/F4_05_26_c03b947343.pdf;2026-06-04 18:33:03.649604;RAÍCES 24/7 | Ahorro Pesos;2026-05-29;Pesos;bajo;1 día;conservador;money market;1.634.179.117.139;35,881257;18,48%;18.84;21,14%;24,92%;24,99%;33.17;75% Tasa Tamar;1,9%;0%;0%;55.1;0.0;0.0
fx00gteu1ughpxmzrii6nb3q;RAÍCES 24/7 | Ahorro Pesos;2026-06-02;Clase A;4;35953528;fx00gteu1ughpxmzrii6nb3q;RAÍCES 24/7 | Ahorro Pesos;ARS;Conservador;Horizonte a 1 día;Money market;0.0506;https://www.provinciafondos.com.ar/nuestros-fondos/fx00gteu1ughpxmzrii6nb3q;2026-06-04 18:32:59.455226;Fondo money market en pesos: invierte en plazos fijo en bancos del sistema financiero local, depósitos a la vista, cauciones.;14.0;2499.0;1884.0;0,4 meses;1634179117139.0;2026-05-29;https://provincia-prod-api.teocoop.site/uploads/F4_05_26_c03b947343.pdf;2026-06-04 18:33:03.649604;RAÍCES 24/7 | Ahorro Pesos;2026-05-29;Pesos;bajo;1 día;conservador;money market;1.634.179.117.139;35,881257;18,48%;18.84;21,14%;24,92%;24,99%;33.17;75% Tasa Tamar;1,9%;0%;0%;55.1;0.0;0.0
fx00gteu1ughpxmzrii6nb3q;RAÍCES 24/7 | Ahorro Pesos;2026-06-01;Clase A;4;35935558;fx00gteu1ughpxmzrii6nb3q;RAÍCES 24/7 | Ahorro Pesos;ARS;Conservador;Horizonte a 1 día;Money market;0.0506;https://www.provinciafondos.com.ar/nuestros-fondos/fx00gteu1ughpxmzrii6nb3q;2026-06-04 18:32:59.455226;Fondo money market en pesos: invierte en plazos fijo en bancos del sistema financiero local, depósitos a la vista, cauciones.;14.0;2499.0;1884.0;0,4 meses;1634179117139.0;2026-05-29;https://provincia-prod-api.teocoop.site/uploads/F4_05_26_c03b947343.pdf;2026-06-04 18:33:03.649604;RAÍCES 24/7 | Ahorro Pesos;2026-05-29;Pesos;bajo;1 día;conservador;money market;1.634.179.117.139;35,881257;18,48%;18.84;21,14%;24,92%;24,99%;33.17;75% Tasa Tamar;1,9%;0%;0%;55.1;0.0;0.0
fx00gteu1ughpxmzrii6nb3q;RAÍCES 24/7 | Ahorro Pesos;2026-05-29;Clase A;4;35881257;fx00gteu1ughpxmzrii6nb3q;RAÍCES 24/7 | Ahorro Pesos;ARS;Conservador;Horizonte a 1 día;Money market;0.0506;https://www.provinciafondos.com.ar/nuestros-fondos/fx00gteu1ughpxmzrii6nb3q;2026-06-04 18:32:59.455226;Fondo money market en pesos: invierte en plazos fijo en bancos del sistema financiero local, depósitos a la vista, cauciones.;14.0;2499.0;1884.0;0,4 meses;1634179117139.0;2026-05-29;https://provincia-prod-api.teocoop.site/uploads/F4_05_26_c03b947343.pdf;2026-06-04 18:33:03.649604;RAÍCES 24/7 | Ahorro Pesos;2026-05-29;Pesos;bajo;1 día;conservador;money market;1.634.179.117.139;35,881257;18,48%;18.84;21,14%;24,92%;24,99%;33.17;75% Tasa Tamar;1,9%;0%;0%;55.1;0.0;0.0
fx00gteu1ughpxmzrii6nb3q;RAÍCES 24/7 | Ahorro Pesos;2026-05-28;Clase A;4;35863;fx00gteu1ughpxmzrii6nb3q;RAÍCES 24/7 | Ahorro Pesos;ARS;Conservador;Horizonte a 1 día;Money market;0.0506;https://www.provinciafondos.com.ar/nuestros-fondos/fx00gteu1ughpxmzrii6nb3q;2026-06-04 18:32:59.455226;Fondo money market en pesos: invierte en plazos fijo en bancos del sistema financiero local, depósitos a la vista, cauciones.;14.0;2499.0;1884.0;0,4 meses;1634179117139.0;2026-05-29;https://provincia-prod-api.teocoop.site/uploads/F4_05_26_c03b947343.pdf;2026-06-04 18:33:03.649604;RAÍCES 24/7 | Ahorro Pesos;2026-05-29;Pesos;bajo;1 día;conservador;money market;1.634.179.117.139;35,881257;18,48%;18.84;21,14%;24,92%;24,99%;33.17;75% Tasa Tamar;1,9%;0%;0%;55.1;0.0;0.0
fx00gteu1ughpxmzrii6nb3q;RAÍCES 24/7 | Ahorro Pesos;2026-05-27;Clase A;4;35844756;fx00gteu1ughpxmzrii6nb3q;RAÍCES 24/7 | Ahorro Pesos;ARS;Conservador;Horizonte a 1 día;Money market;0.0506;https://www.provinciafondos.com.ar/nuestros-fondos/fx00gteu1ughpxmzrii6nb3q;2026-06-04 18:32:59.455226;Fondo money market en pesos: invierte en plazos fijo en bancos del sistema financiero local, depósitos a la vista, cauciones.;14.0;2499.0;1884.0;0,4 meses;1634179117139.0;2026-05-29;https://provincia-prod-api.teocoop.site/uploads/F4_05_26_c03b947343.pdf;2026-06-04 18:33:03.649604;RAÍCES 24/7 | Ahorro Pesos;2026-05-29;Pesos;bajo;1 día;conservador;money market;1.634.179.117.139;35,881257;18,48%;18.84;21,14%;24,92%;24,99%;33.17;75% Tasa Tamar;1,9%;0%;0%;55.1;0.0;0.0
fx00gteu1ughpxmzrii6nb3q;RAÍCES 24/7 | Ahorro Pesos;2026-05-26;Clase A;4;3582651;fx00gteu1ughpxmzrii6nb3q;RAÍCES 24/7 | Ahorro Pesos;ARS;Conservador;Horizonte a 1 día;Money market;0.0506;https://www.provinciafondos.com.ar/nuestros-fondos/fx00gteu1ughpxmzrii6nb3q;2026-06-04 18:32:59.455226;Fondo money market en pesos: invierte en plazos fijo en bancos del sistema financiero local, depósitos a la vista, cauciones.;14.0;2499.0;1884.0;0,4 meses;1634179117139.0;2026-05-29;https://provincia-prod-api.teocoop.site/uploads/F4_05_26_c03b947343.pdf;2026-06-04 18:33:03.649604;RAÍCES 24/7 | Ahorro Pesos;2026-05-29;Pesos;bajo;1 día;conservador;money market;1.634.179.117.139;35,881257;18,48%;18.84;21,14%;24,92%;24,99%;33.17;75% Tasa Tamar;1,9%;0%;0%;55.1;0.0;0.0
fx00gteu1ughpxmzrii6nb3q;RAÍCES 24/7 | Ahorro Pesos;2026-05-22;Clase A;4;3575455;fx00gteu1ughpxmzrii6nb3q;RAÍCES 24/7 | Ahorro Pesos;ARS;Conservador;Horizonte a 1 día;Money market;0.0506;https://www.provinciafondos.com.ar/nuestros-fondos/fx00gteu1ughpxmzrii6nb3q;2026-06-04 18:32:59.455226;Fondo money market en pesos: invierte en plazos fijo en bancos del sistema financiero local, depósitos a la vista, cauciones.;14.0;2499.0;1884.0;0,4 meses;1634179117139.0;2026-05-29;https://provincia-prod-api.teocoop.site/uploads/F4_05_26_c03b947343.pdf;2026-06-04 18:33:03.649604;RAÍCES 24/7 | Ahorro Pesos;2026-05-29;Pesos;bajo;1 día;conservador;money market;1.634.179.117.139;35,881257;18,48%;18.84;21,14%;24,92%;24,99%;33.17;75% Tasa Tamar;1,9%;0%;0%;55.1;0.0;0.0
fx00gteu1ughpxmzrii6nb3q;RAÍCES 24/7 | Ahorro Pesos;2026-05-21;Clase A;4;35736429;fx00gteu1ughpxmzrii6nb3q;RAÍCES 24/7 | Ahorro Pesos;ARS;Conservador;Horizonte a 1 día;Money market;0.0506;https://www.provinciafondos.com.ar/nuestros-fondos/fx00gteu1ughpxmzrii6nb3q;2026-06-04 18:32:59.455226;Fondo money market en pesos: invierte en plazos fijo en bancos del sistema financiero local, depósitos a la vista, cauciones.;14.0;2499.0;1884.0;0,4 meses;1634179117139.0;2026-05-29;https://provincia-prod-api.teocoop.site/uploads/F4_05_26_c03b947343.pdf;2026-06-04 18:33:03.649604;RAÍCES 24/7 | Ahorro Pesos;2026-05-29;Pesos;bajo;1 día;conservador;money market;1.634.179.117.139;35,881257;18,48%;18.84;21,14%;24,92%;24,99%;33.17;75% Tasa Tamar;1,9%;0%;0%;55.1;0.0;0.0
fx00gteu1ughpxmzrii6nb3q;RAÍCES 24/7 | Ahorro Pesos;2026-05-20;Clase A;4;35718332;fx00gteu1ughpxmzrii6nb3q;RAÍCES 24/7 | Ahorro Pesos;ARS;Conservador;Horizonte a 1 día;Money market;0.0506;https://www.provinciafondos.com.ar/nuestros-fondos/fx00gteu1ughpxmzrii6nb3q;2026-06-04 18:32:59.455226;Fondo money market en pesos: invierte en plazos fijo en bancos del sistema financiero local, depósitos a la vista, cauciones.;14.0;2499.0;1884.0;0,4 meses;1634179117139.0;2026-05-29;https://provincia-prod-api.teocoop.site/uploads/F4_05_26_c03b947343.pdf;2026-06-04 18:33:03.649604;RAÍCES 24/7 | Ahorro Pesos;2026-05-29;Pesos;bajo;1 día;conservador;money market;1.634.179.117.139;35,881257;18,48%;18.84;21,14%;24,92%;24,99%;33.17;75% Tasa Tamar;1,9%;0%;0%;55.1;0.0;0.0
fx00gteu1ughpxmzrii6nb3q;RAÍCES 24/7 | Ahorro Pesos;2026-05-19;Clase A;4;3570006;fx00gteu1ughpxmzrii6nb3q;RAÍCES 24/7 | Ahorro Pesos;ARS;Conservador;Horizonte a 1 día;Money market;0.0506;https://www.provinciafondos.com.ar/nuestros-fondos/fx00gteu1ughpxmzrii6nb3q;2026-06-04 18:32:59.455226;Fondo money market en pesos: invierte en plazos fijo en bancos del sistema financiero local, depósitos a la vista, cauciones.;14.0;2499.0;1884.0;0,4 meses;1634179117139.0;2026-05-29;https://provincia-prod-api.teocoop.site/uploads/F4_05_26_c03b947343.pdf;2026-06-04 18:33:03.649604;RAÍCES 24/7 | Ahorro Pesos;2026-05-29;Pesos;bajo;1 día;conservador;money market;1.634.179.117.139;35,881257;18,48%;18.84;21,14%;24,92%;24,99%;33.17;75% Tasa Tamar;1,9%;0%;0%;55.1;0.0;0.0
fx00gteu1ughpxmzrii6nb3q;RAÍCES 24/7 | Ahorro Pesos;2026-05-18;Clase A;4;35681755;fx00gteu1ughpxmzrii6nb3q;RAÍCES 24/7 | Ahorro Pesos;ARS;Conservador;Horizonte a 1 día;Money market;0.0506;https://www.provinciafondos.com.ar/nuestros-fondos/fx00gteu1ughpxmzrii6nb3q;2026-06-04 18:32:59.455226;Fondo money market en pesos: invierte en plazos fijo en bancos del sistema financiero local, depósitos a la vista, cauciones.;14.0;2499.0;1884.0;0,4 meses;1634179117139.0;2026-05-29;https://provincia-prod-api.teocoop.site/uploads/F4_05_26_c03b947343.pdf;2026-06-04 18:33:03.649604;RAÍCES 24/7 | Ahorro Pesos;2026-05-29;Pesos;bajo;1 día;conservador;money market;1.634.179.117.139;35,881257;18,48%;18.84;21,14%;24,92%;24,99%;33.17;75% Tasa Tamar;1,9%;0%;0%;55.1;0.0;0.0
fx00gteu1ughpxmzrii6nb3q;RAÍCES 24/7 | Ahorro Pesos;2026-05-15;Clase A;4;35627343;fx00gteu1ughpxmzrii6nb3q;RAÍCES 24/7 | Ahorro Pesos;ARS;Conservador;Horizonte a 1 día;Money market;0.0506;https://www.provinciafondos.com.ar/nuestros-fondos/fx00gteu1ughpxmzrii6nb3q;2026-06-04 18:32:59.455226;Fondo money market en pesos: invierte en plazos fijo en bancos del sistema financiero local, depósitos a la vista, cauciones.;14.0;2499.0;1884.0;0,4 meses;1634179117139.0;2026-05-29;https://provincia-prod-api.teocoop.site/uploads/F4_05_26_c03b947343.pdf;2026-06-04 18:33:03.649604;RAÍCES 24/7 | Ahorro Pesos;2026-05-29;Pesos;bajo;1 día;conservador;money market;1.634.179.117.139;35,881257;18,48%;18.84;21,14%;24,92%;24,99%;33.17;75% Tasa Tamar;1,9%;0%;0%;55.1;0.0;0.0
fx00gteu1ughpxmzrii6nb3q;RAÍCES 24/7 | Ahorro Pesos;2026-05-14;Clase A;4;35609591;fx00gteu1ughpxmzrii6nb3q;RAÍCES 24/7 | Ahorro Pesos;ARS;Conservador;Horizonte a 1 día;Money market;0.0506;https://www.provinciafondos.com.ar/nuestros-fondos/fx00gteu1ughpxmzrii6nb3q;2026-06-04 18:32:59.455226;Fondo money market en pesos: invierte en plazos fijo en bancos del sistema financiero local, depósitos a la vista, cauciones.;14.0;2499.0;1884.0;0,4 meses;1634179117139.0;2026-05-29;https://provincia-prod-api.teocoop.site/uploads/F4_05_26_c03b947343.pdf;2026-06-04 18:33:03.649604;RAÍCES 24/7 | Ahorro Pesos;2026-05-29;Pesos;bajo;1 día;conservador;money market;1.634.179.117.139;35,881257;18,48%;18.84;21,14%;24,92%;24,99%;33.17;75% Tasa Tamar;1,9%;0%;0%;55.1;0.0;0.0
fx00gteu1ughpxmzrii6nb3q;RAÍCES 24/7 | Ahorro Pesos;2026-05-13;Clase A;4;35591704;fx00gteu1ughpxmzrii6nb3q;RAÍCES 24/7 | Ahorro Pesos;ARS;Conservador;Horizonte a 1 día;Money market;0.0506;https://www.provinciafondos.com.ar/nuestros-fondos/fx00gteu1ughpxmzrii6nb3q;2026-06-04 18:32:59.455226;Fondo money market en pesos: invierte en plazos fijo en bancos del sistema financiero local, depósitos a la vista, cauciones.;14.0;2499.0;1884.0;0,4 meses;1634179117139.0;2026-05-29;https://provincia-prod-api.teocoop.site/uploads/F4_05_26_c03b947343.pdf;2026-06-04 18:33:03.649604;RAÍCES 24/7 | Ahorro Pesos;2026-05-29;Pesos;bajo;1 día;conservador;money market;1.634.179.117.139;35,881257;18,48%;18.84;21,14%;24,92%;24,99%;33.17;75% Tasa Tamar;1,9%;0%;0%;55.1;0.0;0.0
fx00gteu1ughpxmzrii6nb3q;RAÍCES 24/7 | Ahorro Pesos;2026-05-12;Clase A;4;35573918;fx00gteu1ughpxmzrii6nb3q;RAÍCES 24/7 | Ahorro Pesos;ARS;Conservador;Horizonte a 1 día;Money market;0.0506;https://www.provinciafondos.com.ar/nuestros-fondos/fx00gteu1ughpxmzrii6nb3q;2026-06-04 18:32:59.455226;Fondo money market en pesos: invierte en plazos fijo en bancos del sistema financiero local, depósitos a la vista, cauciones.;14.0;2499.0;1884.0;0,4 meses;1634179117139.0;2026-05-29;https://provincia-prod-api.teocoop.site/uploads/F4_05_26_c03b947343.pdf;2026-06-04 18:33:03.649604;RAÍCES 24/7 | Ahorro Pesos;2026-05-29;Pesos;bajo;1 día;conservador;money market;1.634.179.117.139;35,881257;18,48%;18.84;21,14%;24,92%;24,99%;33.17;75% Tasa Tamar;1,9%;0%;0%;55.1;0.0;0.0
fx00gteu1ughpxmzrii6nb3q;RAÍCES 24/7 | Ahorro Pesos;2026-05-11;Clase A;4;35555883;fx00gteu1ughpxmzrii6nb3q;RAÍCES 24/7 | Ahorro Pesos;ARS;Conservador;Horizonte a 1 día;Money market;0.0506;https://www.provinciafondos.com.ar/nuestros-fondos/fx00gteu1ughpxmzrii6nb3q;2026-06-04 18:32:59.455226;Fondo money market en pesos: invierte en plazos fijo en bancos del sistema financiero local, depósitos a la vista, cauciones.;14.0;2499.0;1884.0;0,4 meses;1634179117139.0;2026-05-29;https://provincia-prod-api.teocoop.site/uploads/F4_05_26_c03b947343.pdf;2026-06-04 18:33:03.649604;RAÍCES 24/7 | Ahorro Pesos;2026-05-29;Pesos;bajo;1 día;conservador;money market;1.634.179.117.139;35,881257;18,48%;18.84;21,14%;24,92%;24,99%;33.17;75% Tasa Tamar;1,9%;0%;0%;55.1;0.0;0.0
fx00gteu1ughpxmzrii6nb3q;RAÍCES 24/7 | Ahorro Pesos;2026-05-08;Clase A;4;35502256;fx00gteu1ughpxmzrii6nb3q;RAÍCES 24/7 | Ahorro Pesos;ARS;Conservador;Horizonte a 1 día;Money market;0.0506;https://www.provinciafondos.com.ar/nuestros-fondos/fx00gteu1ughpxmzrii6nb3q;2026-06-04 18:32:59.455226;Fondo money market en pesos: invierte en plazos fijo en bancos del sistema financiero local, depósitos a la vista, cauciones.;14.0;2499.0;1884.0;0,4 meses;1634179117139.0;2026-05-29;https://provincia-prod-api.teocoop.site/uploads/F4_05_26_c03b947343.pdf;2026-06-04 18:33:03.649604;RAÍCES 24/7 | Ahorro Pesos;2026-05-29;Pesos;bajo;1 día;conservador;money market;1.634.179.117.139;35,881257;18,48%;18.84;21,14%;24,92%;24,99%;33.17;75% Tasa Tamar;1,9%;0%;0%;55.1;0.0;0.0
fx00gteu1ughpxmzrii6nb3q;RAÍCES 24/7 | Ahorro Pesos;2026-05-07;Clase A;4;35484447;fx00gteu1ughpxmzrii6nb3q;RAÍCES 24/7 | Ahorro Pesos;ARS;Conservador;Horizonte a 1 día;Money market;0.0506;https://www.provinciafondos.com.ar/nuestros-fondos/fx00gteu1ughpxmzrii6nb3q;2026-06-04 18:32:59.455226;Fondo money market en pesos: invierte en plazos fijo en bancos del sistema financiero local, depósitos a la vista, cauciones.;14.0;2499.0;1884.0;0,4 meses;1634179117139.0;2026-05-29;https://provincia-prod-api.teocoop.site/uploads/F4_05_26_c03b947343.pdf;2026-06-04 18:33:03.649604;RAÍCES 24/7 | Ahorro Pesos;2026-05-29;Pesos;bajo;1 día;conservador;money market;1.634.179.117.139;35,881257;18,48%;18.84;21,14%;24,92%;24,99%;33.17;75% Tasa Tamar;1,9%;0%;0%;55.1;0.0;0.0
fx00gteu1ughpxmzrii6nb3q;RAÍCES 24/7 | Ahorro Pesos;2026-05-06;Clase A;4;35466565;fx00gteu1ughpxmzrii6nb3q;RAÍCES 24/7 | Ahorro Pesos;ARS;Conservador;Horizonte a 1 día;Money market;0.0506;https://www.provinciafondos.com.ar/nuestros-fondos/fx00gteu1ughpxmzrii6nb3q;2026-06-04 18:32:59.455226;Fondo money market en pesos: invierte en plazos fijo en bancos del sistema financiero local, depósitos a la vista, cauciones.;14.0;2499.0;1884.0;0,4 meses;1634179117139.0;2026-05-29;https://provincia-prod-api.teocoop.site/uploads/F4_05_26_c03b947343.pdf;2026-06-04 18:33:03.649604;RAÍCES 24/7 | Ahorro Pesos;2026-05-29;Pesos;bajo;1 día;conservador;money market;1.634.179.117.139;35,881257;18,48%;18.84;21,14%;24,92%;24,99%;33.17;75% Tasa Tamar;1,9%;0%;0%;55.1;0.0;0.0
a0wib70uk024e9fk6xmkxr1m;RAÍCES AHORRO DÓLARES;2026-06-03;Clase A;21;1000607;a0wib70uk024e9fk6xmkxr1m;RAÍCES AHORRO DÓLARES;ARS;Conservador;Horizonte a 1 Día;Money market;0.002;https://www.provinciafondos.com.ar/nuestros-fondos/a0wib70uk024e9fk6xmkxr1m;2026-06-04 18:32:59.456285;Fondo común de dinero denominado en dólares, que invierte en instrumentos de bajo riesgo: depósitos a plazo fijo, cuentas corrientes remuneradas y cauciones bursátiles. Está dirigido a inversores que priorizan la preservación del capital.;0.0;0.0;66.0;1,4 meses;10667383.0;2026-05-29;https://provincia-prod-api.teocoop.site/uploads/F21_05_26_f3f4560d18.pdf;2026-06-04 18:33:36.789008;RAÍCES AHORRO DÓLARES;2026-05-29;Dólares;depósitos a plazo fijo, cuentas corrientes;1 día;conservador;money market;10.667.383;1,000491;0,84%;0.66;;;;;75% PF USD 30 días;0,35%;0%;19,6%;0.0;0.0;36.6
a0wib70uk024e9fk6xmkxr1m;RAÍCES AHORRO DÓLARES;2026-06-02;Clase A;21;1000587;a0wib70uk024e9fk6xmkxr1m;RAÍCES AHORRO DÓLARES;ARS;Conservador;Horizonte a 1 Día;Money market;0.002;https://www.provinciafondos.com.ar/nuestros-fondos/a0wib70uk024e9fk6xmkxr1m;2026-06-04 18:32:59.456285;Fondo común de dinero denominado en dólares, que invierte en instrumentos de bajo riesgo: depósitos a plazo fijo, cuentas corrientes remuneradas y cauciones bursátiles. Está dirigido a inversores que priorizan la preservación del capital.;0.0;0.0;66.0;1,4 meses;10667383.0;2026-05-29;https://provincia-prod-api.teocoop.site/uploads/F21_05_26_f3f4560d18.pdf;2026-06-04 18:33:36.789008;RAÍCES AHORRO DÓLARES;2026-05-29;Dólares;depósitos a plazo fijo, cuentas corrientes;1 día;conservador;money market;10.667.383;1,000491;0,84%;0.66;;;;;75% PF USD 30 días;0,35%;0%;19,6%;0.0;0.0;36.6
a0wib70uk024e9fk6xmkxr1m;RAÍCES AHORRO DÓLARES;2026-06-01;Clase A;21;1000562;a0wib70uk024e9fk6xmkxr1m;RAÍCES AHORRO DÓLARES;ARS;Conservador;Horizonte a 1 Día;Money market;0.002;https://www.provinciafondos.com.ar/nuestros-fondos/a0wib70uk024e9fk6xmkxr1m;2026-06-04 18:32:59.456285;Fondo común de dinero denominado en dólares, que invierte en instrumentos de bajo riesgo: depósitos a plazo fijo, cuentas corrientes remuneradas y cauciones bursátiles. Está dirigido a inversores que priorizan la preservación del capital.;0.0;0.0;66.0;1,4 meses;10667383.0;2026-05-29;https://provincia-prod-api.teocoop.site/uploads/F21_05_26_f3f4560d18.pdf;2026-06-04 18:33:36.789008;RAÍCES AHORRO DÓLARES;2026-05-29;Dólares;depósitos a plazo fijo, cuentas corrientes;1 día;conservador;money market;10.667.383;1,000491;0,84%;0.66;;;;;75% PF USD 30 días;0,35%;0%;19,6%;0.0;0.0;36.6
a0wib70uk024e9fk6xmkxr1m;RAÍCES AHORRO DÓLARES;2026-05-29;Clase A;21;1000491;a0wib70uk024e9fk6xmkxr1m;RAÍCES AHORRO DÓLARES;ARS;Conservador;Horizonte a 1 Día;Money market;0.002;https://www.provinciafondos.com.ar/nuestros-fondos/a0wib70uk024e9fk6xmkxr1m;2026-06-04 18:32:59.456285;Fondo común de dinero denominado en dólares, que invierte en instrumentos de bajo riesgo: depósitos a plazo fijo, cuentas corrientes remuneradas y cauciones bursátiles. Está dirigido a inversores que priorizan la preservación del capital.;0.0;0.0;66.0;1,4 meses;10667383.0;2026-05-29;https://provincia-prod-api.teocoop.site/uploads/F21_05_26_f3f4560d18.pdf;2026-06-04 18:33:36.789008;RAÍCES AHORRO DÓLARES;2026-05-29;Dólares;depósitos a plazo fijo, cuentas corrientes;1 día;conservador;money market;10.667.383;1,000491;0,84%;0.66;;;;;75% PF USD 30 días;0,35%;0%;19,6%;0.0;0.0;36.6
a0wib70uk024e9fk6xmkxr1m;RAÍCES AHORRO DÓLARES;2026-05-28;Clase A;21;1000468;a0wib70uk024e9fk6xmkxr1m;RAÍCES AHORRO DÓLARES;ARS;Conservador;Horizonte a 1 Día;Money market;0.002;https://www.provinciafondos.com.ar/nuestros-fondos/a0wib70uk024e9fk6xmkxr1m;2026-06-04 18:32:59.456285;Fondo común de dinero denominado en dólares, que invierte en instrumentos de bajo riesgo: depósitos a plazo fijo, cuentas corrientes remuneradas y cauciones bursátiles. Está dirigido a inversores que priorizan la preservación del capital.;0.0;0.0;66.0;1,4 meses;10667383.0;2026-05-29;https://provincia-prod-api.teocoop.site/uploads/F21_05_26_f3f4560d18.pdf;2026-06-04 18:33:36.789008;RAÍCES AHORRO DÓLARES;2026-05-29;Dólares;depósitos a plazo fijo, cuentas corrientes;1 día;conservador;money market;10.667.383;1,000491;0,84%;0.66;;;;;75% PF USD 30 días;0,35%;0%;19,6%;0.0;0.0;36.6
a0wib70uk024e9fk6xmkxr1m;RAÍCES AHORRO DÓLARES;2026-05-27;Clase A;21;1000446;a0wib70uk024e9fk6xmkxr1m;RAÍCES AHORRO DÓLARES;ARS;Conservador;Horizonte a 1 Día;Money market;0.002;https://www.provinciafondos.com.ar/nuestros-fondos/a0wib70uk024e9fk6xmkxr1m;2026-06-04 18:32:59.456285;Fondo común de dinero denominado en dólares, que invierte en instrumentos de bajo riesgo: depósitos a plazo fijo, cuentas corrientes remuneradas y cauciones bursátiles. Está dirigido a inversores que priorizan la preservación del capital.;0.0;0.0;66.0;1,4 meses;10667383.0;2026-05-29;https://provincia-prod-api.teocoop.site/uploads/F21_05_26_f3f4560d18.pdf;2026-06-04 18:33:36.789008;RAÍCES AHORRO DÓLARES;2026-05-29;Dólares;depósitos a plazo fijo, cuentas corrientes;1 día;conservador;money market;10.667.383;1,000491;0,84%;0.66;;;;;75% PF USD 30 días;0,35%;0%;19,6%;0.0;0.0;36.6
a0wib70uk024e9fk6xmkxr1m;RAÍCES AHORRO DÓLARES;2026-05-26;Clase A;21;1000424;a0wib70uk024e9fk6xmkxr1m;RAÍCES AHORRO DÓLARES;ARS;Conservador;Horizonte a 1 Día;Money market;0.002;https://www.provinciafondos.com.ar/nuestros-fondos/a0wib70uk024e9fk6xmkxr1m;2026-06-04 18:32:59.456285;Fondo común de dinero denominado en dólares, que invierte en instrumentos de bajo riesgo: depósitos a plazo fijo, cuentas corrientes remuneradas y cauciones bursátiles. Está dirigido a inversores que priorizan la preservación del capital.;0.0;0.0;66.0;1,4 meses;10667383.0;2026-05-29;https://provincia-prod-api.teocoop.site/uploads/F21_05_26_f3f4560d18.pdf;2026-06-04 18:33:36.789008;RAÍCES AHORRO DÓLARES;2026-05-29;Dólares;depósitos a plazo fijo, cuentas corrientes;1 día;conservador;money market;10.667.383;1,000491;0,84%;0.66;;;;;75% PF USD 30 días;0,35%;0%;19,6%;0.0;0.0;36.6
a0wib70uk024e9fk6xmkxr1m;RAÍCES AHORRO DÓLARES;2026-05-22;Clase A;21;1000329;a0wib70uk024e9fk6xmkxr1m;RAÍCES AHORRO DÓLARES;ARS;Conservador;Horizonte a 1 Día;Money market;0.002;https://www.provinciafondos.com.ar/nuestros-fondos/a0wib70uk024e9fk6xmkxr1m;2026-06-04 18:32:59.456285;Fondo común de dinero denominado en dólares, que invierte en instrumentos de bajo riesgo: depósitos a plazo fijo, cuentas corrientes remuneradas y cauciones bursátiles. Está dirigido a inversores que priorizan la preservación del capital.;0.0;0.0;66.0;1,4 meses;10667383.0;2026-05-29;https://provincia-prod-api.teocoop.site/uploads/F21_05_26_f3f4560d18.pdf;2026-06-04 18:33:36.789008;RAÍCES AHORRO DÓLARES;2026-05-29;Dólares;depósitos a plazo fijo, cuentas corrientes;1 día;conservador;money market;10.667.383;1,000491;0,84%;0.66;;;;;75% PF USD 30 días;0,35%;0%;19,6%;0.0;0.0;36.6
a0wib70uk024e9fk6xmkxr1m;RAÍCES AHORRO DÓLARES;2026-05-21;Clase A;21;1000306;a0wib70uk024e9fk6xmkxr1m;RAÍCES AHORRO DÓLARES;ARS;Conservador;Horizonte a 1 Día;Money market;0.002;https://www.provinciafondos.com.ar/nuestros-fondos/a0wib70uk024e9fk6xmkxr1m;2026-06-04 18:32:59.456285;Fondo común de dinero denominado en dólares, que invierte en instrumentos de bajo riesgo: depósitos a plazo fijo, cuentas corrientes remuneradas y cauciones bursátiles. Está dirigido a inversores que priorizan la preservación del capital.;0.0;0.0;66.0;1,4 meses;10667383.0;2026-05-29;https://provincia-prod-api.teocoop.site/uploads/F21_05_26_f3f4560d18.pdf;2026-06-04 18:33:36.789008;RAÍCES AHORRO DÓLARES;2026-05-29;Dólares;depósitos a plazo fijo, cuentas corrientes;1 día;conservador;money market;10.667.383;1,000491;0,84%;0.66;;;;;75% PF USD 30 días;0,35%;0%;19,6%;0.0;0.0;36.6
a0wib70uk024e9fk6xmkxr1m;RAÍCES AHORRO DÓLARES;2026-05-20;Clase A;21;1000284;a0wib70uk024e9fk6xmkxr1m;RAÍCES AHORRO DÓLARES;ARS;Conservador;Horizonte a 1 Día;Money market;0.002;https://www.provinciafondos.com.ar/nuestros-fondos/a0wib70uk024e9fk6xmkxr1m;2026-06-04 18:32:59.456285;Fondo común de dinero denominado en dólares, que invierte en instrumentos de bajo riesgo: depósitos a plazo fijo, cuentas corrientes remuneradas y cauciones bursátiles. Está dirigido a inversores que priorizan la preservación del capital.;0.0;0.0;66.0;1,4 meses;10667383.0;2026-05-29;https://provincia-prod-api.teocoop.site/uploads/F21_05_26_f3f4560d18.pdf;2026-06-04 18:33:36.789008;RAÍCES AHORRO DÓLARES;2026-05-29;Dólares;depósitos a plazo fijo, cuentas corrientes;1 día;conservador;money market;10.667.383;1,000491;0,84%;0.66;;;;;75% PF USD 30 días;0,35%;0%;19,6%;0.0;0.0;36.6
a0wib70uk024e9fk6xmkxr1m;RAÍCES AHORRO DÓLARES;2026-05-19;Clase A;21;100026;a0wib70uk024e9fk6xmkxr1m;RAÍCES AHORRO DÓLARES;ARS;Conservador;Horizonte a 1 Día;Money market;0.002;https://www.provinciafondos.com.ar/nuestros-fondos/a0wib70uk024e9fk6xmkxr1m;2026-06-04 18:32:59.456285;Fondo común de dinero denominado en dólares, que invierte en instrumentos de bajo riesgo: depósitos a plazo fijo, cuentas corrientes remuneradas y cauciones bursátiles. Está dirigido a inversores que priorizan la preservación del capital.;0.0;0.0;66.0;1,4 meses;10667383.0;2026-05-29;https://provincia-prod-api.teocoop.site/uploads/F21_05_26_f3f4560d18.pdf;2026-06-04 18:33:36.789008;RAÍCES AHORRO DÓLARES;2026-05-29;Dólares;depósitos a plazo fijo, cuentas corrientes;1 día;conservador;money market;10.667.383;1,000491;0,84%;0.66;;;;;75% PF USD 30 días;0,35%;0%;19,6%;0.0;0.0;36.6
a0wib70uk024e9fk6xmkxr1m;RAÍCES AHORRO DÓLARES;2026-05-18;Clase A;21;1000235;a0wib70uk024e9fk6xmkxr1m;RAÍCES AHORRO DÓLARES;ARS;Conservador;Horizonte a 1 Día;Money market;0.002;https://www.provinciafondos.com.ar/nuestros-fondos/a0wib70uk024e9fk6xmkxr1m;2026-06-04 18:32:59.456285;Fondo común de dinero denominado en dólares, que invierte en instrumentos de bajo riesgo: depósitos a plazo fijo, cuentas corrientes remuneradas y cauciones bursátiles. Está dirigido a inversores que priorizan la preservación del capital.;0.0;0.0;66.0;1,4 meses;10667383.0;2026-05-29;https://provincia-prod-api.teocoop.site/uploads/F21_05_26_f3f4560d18.pdf;2026-06-04 18:33:36.789008;RAÍCES AHORRO DÓLARES;2026-05-29;Dólares;depósitos a plazo fijo, cuentas corrientes;1 día;conservador;money market;10.667.383;1,000491;0,84%;0.66;;;;;75% PF USD 30 días;0,35%;0%;19,6%;0.0;0.0;36.6
a0wib70uk024e9fk6xmkxr1m;RAÍCES AHORRO DÓLARES;2026-05-15;Clase A;21;1000155;a0wib70uk024e9fk6xmkxr1m;RAÍCES AHORRO DÓLARES;ARS;Conservador;Horizonte a 1 Día;Money market;0.002;https://www.provinciafondos.com.ar/nuestros-fondos/a0wib70uk024e9fk6xmkxr1m;2026-06-04 18:32:59.456285;Fondo común de dinero denominado en dólares, que invierte en instrumentos de bajo riesgo: depósitos a plazo fijo, cuentas corrientes remuneradas y cauciones bursátiles. Está dirigido a inversores que priorizan la preservación del capital.;0.0;0.0;66.0;1,4 meses;10667383.0;2026-05-29;https://provincia-prod-api.teocoop.site/uploads/F21_05_26_f3f4560d18.pdf;2026-06-04 18:33:36.789008;RAÍCES AHORRO DÓLARES;2026-05-29;Dólares;depósitos a plazo fijo, cuentas corrientes;1 día;conservador;money market;10.667.383;1,000491;0,84%;0.66;;;;;75% PF USD 30 días;0,35%;0%;19,6%;0.0;0.0;36.6
a0wib70uk024e9fk6xmkxr1m;RAÍCES AHORRO DÓLARES;2026-05-14;Clase A;21;1000129;a0wib70uk024e9fk6xmkxr1m;RAÍCES AHORRO DÓLARES;ARS;Conservador;Horizonte a 1 Día;Money market;0.002;https://www.provinciafondos.com.ar/nuestros-fondos/a0wib70uk024e9fk6xmkxr1m;2026-06-04 18:32:59.456285;Fondo común de dinero denominado en dólares, que invierte en instrumentos de bajo riesgo: depósitos a plazo fijo, cuentas corrientes remuneradas y cauciones bursátiles. Está dirigido a inversores que priorizan la preservación del capital.;0.0;0.0;66.0;1,4 meses;10667383.0;2026-05-29;https://provincia-prod-api.teocoop.site/uploads/F21_05_26_f3f4560d18.pdf;2026-06-04 18:33:36.789008;RAÍCES AHORRO DÓLARES;2026-05-29;Dólares;depósitos a plazo fijo, cuentas corrientes;1 día;conservador;money market;10.667.383;1,000491;0,84%;0.66;;;;;75% PF USD 30 días;0,35%;0%;19,6%;0.0;0.0;36.6
a0wib70uk024e9fk6xmkxr1m;RAÍCES AHORRO DÓLARES;2026-05-13;Clase A;21;1000102;a0wib70uk024e9fk6xmkxr1m;RAÍCES AHORRO DÓLARES;ARS;Conservador;Horizonte a 1 Día;Money market;0.002;https://www.provinciafondos.com.ar/nuestros-fondos/a0wib70uk024e9fk6xmkxr1m;2026-06-04 18:32:59.456285;Fondo común de dinero denominado en dólares, que invierte en instrumentos de bajo riesgo: depósitos a plazo fijo, cuentas corrientes remuneradas y cauciones bursátiles. Está dirigido a inversores que priorizan la preservación del capital.;0.0;0.0;66.0;1,4 meses;10667383.0;2026-05-29;https://provincia-prod-api.teocoop.site/uploads/F21_05_26_f3f4560d18.pdf;2026-06-04 18:33:36.789008;RAÍCES AHORRO DÓLARES;2026-05-29;Dólares;depósitos a plazo fijo, cuentas corrientes;1 día;conservador;money market;10.667.383;1,000491;0,84%;0.66;;;;;75% PF USD 30 días;0,35%;0%;19,6%;0.0;0.0;36.6
a0wib70uk024e9fk6xmkxr1m;RAÍCES AHORRO DÓLARES;2026-05-12;Clase A;21;1000083;a0wib70uk024e9fk6xmkxr1m;RAÍCES AHORRO DÓLARES;ARS;Conservador;Horizonte a 1 Día;Money market;0.002;https://www.provinciafondos.com.ar/nuestros-fondos/a0wib70uk024e9fk6xmkxr1m;2026-06-04 18:32:59.456285;Fondo común de dinero denominado en dólares, que invierte en instrumentos de bajo riesgo: depósitos a plazo fijo, cuentas corrientes remuneradas y cauciones bursátiles. Está dirigido a inversores que priorizan la preservación del capital.;0.0;0.0;66.0;1,4 meses;10667383.0;2026-05-29;https://provincia-prod-api.teocoop.site/uploads/F21_05_26_f3f4560d18.pdf;2026-06-04 18:33:36.789008;RAÍCES AHORRO DÓLARES;2026-05-29;Dólares;depósitos a plazo fijo, cuentas corrientes;1 día;conservador;money market;10.667.383;1,000491;0,84%;0.66;;;;;75% PF USD 30 días;0,35%;0%;19,6%;0.0;0.0;36.6
a0wib70uk024e9fk6xmkxr1m;RAÍCES AHORRO DÓLARES;2026-05-11;Clase A;21;1000076;a0wib70uk024e9fk6xmkxr1m;RAÍCES AHORRO DÓLARES;ARS;Conservador;Horizonte a 1 Día;Money market;0.002;https://www.provinciafondos.com.ar/nuestros-fondos/a0wib70uk024e9fk6xmkxr1m;2026-06-04 18:32:59.456285;Fondo común de dinero denominado en dólares, que invierte en instrumentos de bajo riesgo: depósitos a plazo fijo, cuentas corrientes remuneradas y cauciones bursátiles. Está dirigido a inversores que priorizan la preservación del capital.;0.0;0.0;66.0;1,4 meses;10667383.0;2026-05-29;https://provincia-prod-api.teocoop.site/uploads/F21_05_26_f3f4560d18.pdf;2026-06-04 18:33:36.789008;RAÍCES AHORRO DÓLARES;2026-05-29;Dólares;depósitos a plazo fijo, cuentas corrientes;1 día;conservador;money market;10.667.383;1,000491;0,84%;0.66;;;;;75% PF USD 30 días;0,35%;0%;19,6%;0.0;0.0;36.6
a0wib70uk024e9fk6xmkxr1m;RAÍCES AHORRO DÓLARES;2026-05-08;Clase A;21;1000046;a0wib70uk024e9fk6xmkxr1m;RAÍCES AHORRO DÓLARES;ARS;Conservador;Horizonte a 1 Día;Money market;0.002;https://www.provinciafondos.com.ar/nuestros-fondos/a0wib70uk024e9fk6xmkxr1m;2026-06-04 18:32:59.456285;Fondo común de dinero denominado en dólares, que invierte en instrumentos de bajo riesgo: depósitos a plazo fijo, cuentas corrientes remuneradas y cauciones bursátiles. Está dirigido a inversores que priorizan la preservación del capital.;0.0;0.0;66.0;1,4 meses;10667383.0;2026-05-29;https://provincia-prod-api.teocoop.site/uploads/F21_05_26_f3f4560d18.pdf;2026-06-04 18:33:36.789008;RAÍCES AHORRO DÓLARES;2026-05-29;Dólares;depósitos a plazo fijo, cuentas corrientes;1 día;conservador;money market;10.667.383;1,000491;0,84%;0.66;;;;;75% PF USD 30 días;0,35%;0%;19,6%;0.0;0.0;36.6
a0wib70uk024e9fk6xmkxr1m;RAÍCES AHORRO DÓLARES;2026-05-07;Clase A;21;1000036;a0wib70uk024e9fk6xmkxr1m;RAÍCES AHORRO DÓLARES;ARS;Conservador;Horizonte a 1 Día;Money market;0.002;https://www.provinciafondos.com.ar/nuestros-fondos/a0wib70uk024e9fk6xmkxr1m;2026-06-04 18:32:59.456285;Fondo común de dinero denominado en dólares, que invierte en instrumentos de bajo riesgo: depósitos a plazo fijo, cuentas corrientes remuneradas y cauciones bursátiles. Está dirigido a inversores que priorizan la preservación del capital.;0.0;0.0;66.0;1,4 meses;10667383.0;2026-05-29;https://provincia-prod-api.teocoop.site/uploads/F21_05_26_f3f4560d18.pdf;2026-06-04 18:33:36.789008;RAÍCES AHORRO DÓLARES;2026-05-29;Dólares;depósitos a plazo fijo, cuentas corrientes;1 día;conservador;money market;10.667.383;1,000491;0,84%;0.66;;;;;75% PF USD 30 días;0,35%;0%;19,6%;0.0;0.0;36.6
a0wib70uk024e9fk6xmkxr1m;RAÍCES AHORRO DÓLARES;2026-05-06;Clase A;21;1000026;a0wib70uk024e9fk6xmkxr1m;RAÍCES AHORRO DÓLARES;ARS;Conservador;Horizonte a 1 Día;Money market;0.002;https://www.provinciafondos.com.ar/nuestros-fondos/a0wib70uk024e9fk6xmkxr1m;2026-06-04 18:32:59.456285;Fondo común de dinero denominado en dólares, que invierte en instrumentos de bajo riesgo: depósitos a plazo fijo, cuentas corrientes remuneradas y cauciones bursátiles. Está dirigido a inversores que priorizan la preservación del capital.;0.0;0.0;66.0;1,4 meses;10667383.0;2026-05-29;https://provincia-prod-api.teocoop.site/uploads/F21_05_26_f3f4560d18.pdf;2026-06-04 18:33:36.789008;RAÍCES AHORRO DÓLARES;2026-05-29;Dólares;depósitos a plazo fijo, cuentas corrientes;1 día;conservador;money market;10.667.383;1,000491;0,84%;0.66;;;;;75% PF USD 30 días;0,35%;0%;19,6%;0.0;0.0;36.6
a0wib70uk024e9fk6xmkxr1m;RAÍCES AHORRO DÓLARES;2026-06-03;Clase A;21;1000607;a0wib70uk024e9fk6xmkxr1m;RAÍCES AHORRO DÓLARES;ARS;Conservador;Horizonte a 1 Día;Money market;0.002;https://www.provinciafondos.com.ar/nuestros-fondos/a0wib70uk024e9fk6xmkxr1m;2026-06-04 18:32:59.456285;Fondo común de dinero denominado en dólares, que invierte en instrumentos de bajo riesgo: depósitos a plazo fijo, cuentas corrientes remuneradas y cauciones bursátiles. Está dirigido a inversores que priorizan la preservación del capital.;0.0;0.0;66.0;1,4 meses;10667383.0;2026-05-29;https://provincia-prod-api.teocoop.site/uploads/F21_05_26_f3f4560d18.pdf;2026-06-04 18:33:36.789008;RAÍCES AHORRO DÓLARES;2026-05-29;Dólares;depósitos a plazo fijo, cuentas corrientes;1 día;conservador;money market;10.667.383;1,000491;0,84%;0.66;;;;;75% PF USD 30 días;0,35%;0%;19,6%;0.0;0.0;36.6
a0wib70uk024e9fk6xmkxr1m;RAÍCES AHORRO DÓLARES;2026-06-02;Clase A;21;1000587;a0wib70uk024e9fk6xmkxr1m;RAÍCES AHORRO DÓLARES;ARS;Conservador;Horizonte a 1 Día;Money market;0.002;https://www.provinciafondos.com.ar/nuestros-fondos/a0wib70uk024e9fk6xmkxr1m;2026-06-04 18:32:59.456285;Fondo común de dinero denominado en dólares, que invierte en instrumentos de bajo riesgo: depósitos a plazo fijo, cuentas corrientes remuneradas y cauciones bursátiles. Está dirigido a inversores que priorizan la preservación del capital.;0.0;0.0;66.0;1,4 meses;10667383.0;2026-05-29;https://provincia-prod-api.teocoop.site/uploads/F21_05_26_f3f4560d18.pdf;2026-06-04 18:33:36.789008;RAÍCES AHORRO DÓLARES;2026-05-29;Dólares;depósitos a plazo fijo, cuentas corrientes;1 día;conservador;money market;10.667.383;1,000491;0,84%;0.66;;;;;75% PF USD 30 días;0,35%;0%;19,6%;0.0;0.0;36.6
a0wib70uk024e9fk6xmkxr1m;RAÍCES AHORRO DÓLARES;2026-06-01;Clase A;21;1000562;a0wib70uk024e9fk6xmkxr1m;RAÍCES AHORRO DÓLARES;ARS;Conservador;Horizonte a 1 Día;Money market;0.002;https://www.provinciafondos.com.ar/nuestros-fondos/a0wib70uk024e9fk6xmkxr1m;2026-06-04 18:32:59.456285;Fondo común de dinero denominado en dólares, que invierte en instrumentos de bajo riesgo: depósitos a plazo fijo, cuentas corrientes remuneradas y cauciones bursátiles. Está dirigido a inversores que priorizan la preservación del capital.;0.0;0.0;66.0;1,4 meses;10667383.0;2026-05-29;https://provincia-prod-api.teocoop.site/uploads/F21_05_26_f3f4560d18.pdf;2026-06-04 18:33:36.789008;RAÍCES AHORRO DÓLARES;2026-05-29;Dólares;depósitos a plazo fijo, cuentas corrientes;1 día;conservador;money market;10.667.383;1,000491;0,84%;0.66;;;;;75% PF USD 30 días;0,35%;0%;19,6%;0.0;0.0;36.6
a0wib70uk024e9fk6xmkxr1m;RAÍCES AHORRO DÓLARES;2026-05-29;Clase A;21;1000491;a0wib70uk024e9fk6xmkxr1m;RAÍCES AHORRO DÓLARES;ARS;Conservador;Horizonte a 1 Día;Money market;0.002;https://www.provinciafondos.com.ar/nuestros-fondos/a0wib70uk024e9fk6xmkxr1m;2026-06-04 18:32:59.456285;Fondo común de dinero denominado en dólares, que invierte en instrumentos de bajo riesgo: depósitos a plazo fijo, cuentas corrientes remuneradas y cauciones bursátiles. Está dirigido a inversores que priorizan la preservación del capital.;0.0;0.0;66.0;1,4 meses;10667383.0;2026-05-29;https://provincia-prod-api.teocoop.site/uploads/F21_05_26_f3f4560d18.pdf;2026-06-04 18:33:36.789008;RAÍCES AHORRO DÓLARES;2026-05-29;Dólares;depósitos a plazo fijo, cuentas corrientes;1 día;conservador;money market;10.667.383;1,000491;0,84%;0.66;;;;;75% PF USD 30 días;0,35%;0%;19,6%;0.0;0.0;36.6
a0wib70uk024e9fk6xmkxr1m;RAÍCES AHORRO DÓLARES;2026-05-28;Clase A;21;1000468;a0wib70uk024e9fk6xmkxr1m;RAÍCES AHORRO DÓLARES;ARS;Conservador;Horizonte a 1 Día;Money market;0.002;https://www.provinciafondos.com.ar/nuestros-fondos/a0wib70uk024e9fk6xmkxr1m;2026-06-04 18:32:59.456285;Fondo común de dinero denominado en dólares, que invierte en instrumentos de bajo riesgo: depósitos a plazo fijo, cuentas corrientes remuneradas y cauciones bursátiles. Está dirigido a inversores que priorizan la preservación del capital.;0.0;0.0;66.0;1,4 meses;10667383.0;2026-05-29;https://provincia-prod-api.teocoop.site/uploads/F21_05_26_f3f4560d18.pdf;2026-06-04 18:33:36.789008;RAÍCES AHORRO DÓLARES;2026-05-29;Dólares;depósitos a plazo fijo, cuentas corrientes;1 día;conservador;money market;10.667.383;1,000491;0,84%;0.66;;;;;75% PF USD 30 días;0,35%;0%;19,6%;0.0;0.0;36.6
a0wib70uk024e9fk6xmkxr1m;RAÍCES AHORRO DÓLARES;2026-05-27;Clase A;21;1000446;a0wib70uk024e9fk6xmkxr1m;RAÍCES AHORRO DÓLARES;ARS;Conservador;Horizonte a 1 Día;Money market;0.002;https://www.provinciafondos.com.ar/nuestros-fondos/a0wib70uk024e9fk6xmkxr1m;2026-06-04 18:32:59.456285;Fondo común de dinero denominado en dólares, que invierte en instrumentos de bajo riesgo: depósitos a plazo fijo, cuentas corrientes remuneradas y cauciones bursátiles. Está dirigido a inversores que priorizan la preservación del capital.;0.0;0.0;66.0;1,4 meses;10667383.0;2026-05-29;https://provincia-prod-api.teocoop.site/uploads/F21_05_26_f3f4560d18.pdf;2026-06-04 18:33:36.789008;RAÍCES AHORRO DÓLARES;2026-05-29;Dólares;depósitos a plazo fijo, cuentas corrientes;1 día;conservador;money market;10.667.383;1,000491;0,84%;0.66;;;;;75% PF USD 30 días;0,35%;0%;19,6%;0.0;0.0;36.6
a0wib70uk024e9fk6xmkxr1m;RAÍCES AHORRO DÓLARES;2026-05-26;Clase A;21;1000424;a0wib70uk024e9fk6xmkxr1m;RAÍCES AHORRO DÓLARES;ARS;Conservador;Horizonte a 1 Día;Money market;0.002;https://www.provinciafondos.com.ar/nuestros-fondos/a0wib70uk024e9fk6xmkxr1m;2026-06-04 18:32:59.456285;Fondo común de dinero denominado en dólares, que invierte en instrumentos de bajo riesgo: depósitos a plazo fijo, cuentas corrientes remuneradas y cauciones bursátiles. Está dirigido a inversores que priorizan la preservación del capital.;0.0;0.0;66.0;1,4 meses;10667383.0;2026-05-29;https://provincia-prod-api.teocoop.site/uploads/F21_05_26_f3f4560d18.pdf;2026-06-04 18:33:36.789008;RAÍCES AHORRO DÓLARES;2026-05-29;Dólares;depósitos a plazo fijo, cuentas corrientes;1 día;conservador;money market;10.667.383;1,000491;0,84%;0.66;;;;;75% PF USD 30 días;0,35%;0%;19,6%;0.0;0.0;36.6
a0wib70uk024e9fk6xmkxr1m;RAÍCES AHORRO DÓLARES;2026-05-22;Clase A;21;1000329;a0wib70uk024e9fk6xmkxr1m;RAÍCES AHORRO DÓLARES;ARS;Conservador;Horizonte a 1 Día;Money market;0.002;https://www.provinciafondos.com.ar/nuestros-fondos/a0wib70uk024e9fk6xmkxr1m;2026-06-04 18:32:59.456285;Fondo común de dinero denominado en dólares, que invierte en instrumentos de bajo riesgo: depósitos a plazo fijo, cuentas corrientes remuneradas y cauciones bursátiles. Está dirigido a inversores que priorizan la preservación del capital.;0.0;0.0;66.0;1,4 meses;10667383.0;2026-05-29;https://provincia-prod-api.teocoop.site/uploads/F21_05_26_f3f4560d18.pdf;2026-06-04 18:33:36.789008;RAÍCES AHORRO DÓLARES;2026-05-29;Dólares;depósitos a plazo fijo, cuentas corrientes;1 día;conservador;money market;10.667.383;1,000491;0,84%;0.66;;;;;75% PF USD 30 días;0,35%;0%;19,6%;0.0;0.0;36.6
a0wib70uk024e9fk6xmkxr1m;RAÍCES AHORRO DÓLARES;2026-05-21;Clase A;21;1000306;a0wib70uk024e9fk6xmkxr1m;RAÍCES AHORRO DÓLARES;ARS;Conservador;Horizonte a 1 Día;Money market;0.002;https://www.provinciafondos.com.ar/nuestros-fondos/a0wib70uk024e9fk6xmkxr1m;2026-06-04 18:32:59.456285;Fondo común de dinero denominado en dólares, que invierte en instrumentos de bajo riesgo: depósitos a plazo fijo, cuentas corrientes remuneradas y cauciones bursátiles. Está dirigido a inversores que priorizan la preservación del capital.;0.0;0.0;66.0;1,4 meses;10667383.0;2026-05-29;https://provincia-prod-api.teocoop.site/uploads/F21_05_26_f3f4560d18.pdf;2026-06-04 18:33:36.789008;RAÍCES AHORRO DÓLARES;2026-05-29;Dólares;depósitos a plazo fijo, cuentas corrientes;1 día;conservador;money market;10.667.383;1,000491;0,84%;0.66;;;;;75% PF USD 30 días;0,35%;0%;19,6%;0.0;0.0;36.6
a0wib70uk024e9fk6xmkxr1m;RAÍCES AHORRO DÓLARES;2026-05-20;Clase A;21;1000284;a0wib70uk024e9fk6xmkxr1m;RAÍCES AHORRO DÓLARES;ARS;Conservador;Horizonte a 1 Día;Money market;0.002;https://www.provinciafondos.com.ar/nuestros-fondos/a0wib70uk024e9fk6xmkxr1m;2026-06-04 18:32:59.456285;Fondo común de dinero denominado en dólares, que invierte en instrumentos de bajo riesgo: depósitos a plazo fijo, cuentas corrientes remuneradas y cauciones bursátiles. Está dirigido a inversores que priorizan la preservación del capital.;0.0;0.0;66.0;1,4 meses;10667383.0;2026-05-29;https://provincia-prod-api.teocoop.site/uploads/F21_05_26_f3f4560d18.pdf;2026-06-04 18:33:36.789008;RAÍCES AHORRO DÓLARES;2026-05-29;Dólares;depósitos a plazo fijo, cuentas corrientes;1 día;conservador;money market;10.667.383;1,000491;0,84%;0.66;;;;;75% PF USD 30 días;0,35%;0%;19,6%;0.0;0.0;36.6
a0wib70uk024e9fk6xmkxr1m;RAÍCES AHORRO DÓLARES;2026-05-19;Clase A;21;100026;a0wib70uk024e9fk6xmkxr1m;RAÍCES AHORRO DÓLARES;ARS;Conservador;Horizonte a 1 Día;Money market;0.002;https://www.provinciafondos.com.ar/nuestros-fondos/a0wib70uk024e9fk6xmkxr1m;2026-06-04 18:32:59.456285;Fondo común de dinero denominado en dólares, que invierte en instrumentos de bajo riesgo: depósitos a plazo fijo, cuentas corrientes remuneradas y cauciones bursátiles. Está dirigido a inversores que priorizan la preservación del capital.;0.0;0.0;66.0;1,4 meses;10667383.0;2026-05-29;https://provincia-prod-api.teocoop.site/uploads/F21_05_26_f3f4560d18.pdf;2026-06-04 18:33:36.789008;RAÍCES AHORRO DÓLARES;2026-05-29;Dólares;depósitos a plazo fijo, cuentas corrientes;1 día;conservador;money market;10.667.383;1,000491;0,84%;0.66;;;;;75% PF USD 30 días;0,35%;0%;19,6%;0.0;0.0;36.6
a0wib70uk024e9fk6xmkxr1m;RAÍCES AHORRO DÓLARES;2026-05-18;Clase A;21;1000235;a0wib70uk024e9fk6xmkxr1m;RAÍCES AHORRO DÓLARES;ARS;Conservador;Horizonte a 1 Día;Money market;0.002;https://www.provinciafondos.com.ar/nuestros-fondos/a0wib70uk024e9fk6xmkxr1m;2026-06-04 18:32:59.456285;Fondo común de dinero denominado en dólares, que invierte en instrumentos de bajo riesgo: depósitos a plazo fijo, cuentas corrientes remuneradas y cauciones bursátiles. Está dirigido a inversores que priorizan la preservación del capital.;0.0;0.0;66.0;1,4 meses;10667383.0;2026-05-29;https://provincia-prod-api.teocoop.site/uploads/F21_05_26_f3f4560d18.pdf;2026-06-04 18:33:36.789008;RAÍCES AHORRO DÓLARES;2026-05-29;Dólares;depósitos a plazo fijo, cuentas corrientes;1 día;conservador;money market;10.667.383;1,000491;0,84%;0.66;;;;;75% PF USD 30 días;0,35%;0%;19,6%;0.0;0.0;36.6
a0wib70uk024e9fk6xmkxr1m;RAÍCES AHORRO DÓLARES;2026-05-15;Clase A;21;1000155;a0wib70uk024e9fk6xmkxr1m;RAÍCES AHORRO DÓLARES;ARS;Conservador;Horizonte a 1 Día;Money market;0.002;https://www.provinciafondos.com.ar/nuestros-fondos/a0wib70uk024e9fk6xmkxr1m;2026-06-04 18:32:59.456285;Fondo común de dinero denominado en dólares, que invierte en instrumentos de bajo riesgo: depósitos a plazo fijo, cuentas corrientes remuneradas y cauciones bursátiles. Está dirigido a inversores que priorizan la preservación del capital.;0.0;0.0;66.0;1,4 meses;10667383.0;2026-05-29;https://provincia-prod-api.teocoop.site/uploads/F21_05_26_f3f4560d18.pdf;2026-06-04 18:33:36.789008;RAÍCES AHORRO DÓLARES;2026-05-29;Dólares;depósitos a plazo fijo, cuentas corrientes;1 día;conservador;money market;10.667.383;1,000491;0,84%;0.66;;;;;75% PF USD 30 días;0,35%;0%;19,6%;0.0;0.0;36.6
a0wib70uk024e9fk6xmkxr1m;RAÍCES AHORRO DÓLARES;2026-05-14;Clase A;21;1000129;a0wib70uk024e9fk6xmkxr1m;RAÍCES AHORRO DÓLARES;ARS;Conservador;Horizonte a 1 Día;Money market;0.002;https://www.provinciafondos.com.ar/nuestros-fondos/a0wib70uk024e9fk6xmkxr1m;2026-06-04 18:32:59.456285;Fondo común de dinero denominado en dólares, que invierte en instrumentos de bajo riesgo: depósitos a plazo fijo, cuentas corrientes remuneradas y cauciones bursátiles. Está dirigido a inversores que priorizan la preservación del capital.;0.0;0.0;66.0;1,4 meses;10667383.0;2026-05-29;https://provincia-prod-api.teocoop.site/uploads/F21_05_26_f3f4560d18.pdf;2026-06-04 18:33:36.789008;RAÍCES AHORRO DÓLARES;2026-05-29;Dólares;depósitos a plazo fijo, cuentas corrientes;1 día;conservador;money market;10.667.383;1,000491;0,84%;0.66;;;;;75% PF USD 30 días;0,35%;0%;19,6%;0.0;0.0;36.6
a0wib70uk024e9fk6xmkxr1m;RAÍCES AHORRO DÓLARES;2026-05-13;Clase A;21;1000102;a0wib70uk024e9fk6xmkxr1m;RAÍCES AHORRO DÓLARES;ARS;Conservador;Horizonte a 1 Día;Money market;0.002;https://www.provinciafondos.com.ar/nuestros-fondos/a0wib70uk024e9fk6xmkxr1m;2026-06-04 18:32:59.456285;Fondo común de dinero denominado en dólares, que invierte en instrumentos de bajo riesgo: depósitos a plazo fijo, cuentas corrientes remuneradas y cauciones bursátiles. Está dirigido a inversores que priorizan la preservación del capital.;0.0;0.0;66.0;1,4 meses;10667383.0;2026-05-29;https://provincia-prod-api.teocoop.site/uploads/F21_05_26_f3f4560d18.pdf;2026-06-04 18:33:36.789008;RAÍCES AHORRO DÓLARES;2026-05-29;Dólares;depósitos a plazo fijo, cuentas corrientes;1 día;conservador;money market;10.667.383;1,000491;0,84%;0.66;;;;;75% PF USD 30 días;0,35%;0%;19,6%;0.0;0.0;36.6
a0wib70uk024e9fk6xmkxr1m;RAÍCES AHORRO DÓLARES;2026-05-12;Clase A;21;1000083;a0wib70uk024e9fk6xmkxr1m;RAÍCES AHORRO DÓLARES;ARS;Conservador;Horizonte a 1 Día;Money market;0.002;https://www.provinciafondos.com.ar/nuestros-fondos/a0wib70uk024e9fk6xmkxr1m;2026-06-04 18:32:59.456285;Fondo común de dinero denominado en dólares, que invierte en instrumentos de bajo riesgo: depósitos a plazo fijo, cuentas corrientes remuneradas y cauciones bursátiles. Está dirigido a inversores que priorizan la preservación del capital.;0.0;0.0;66.0;1,4 meses;10667383.0;2026-05-29;https://provincia-prod-api.teocoop.site/uploads/F21_05_26_f3f4560d18.pdf;2026-06-04 18:33:36.789008;RAÍCES AHORRO DÓLARES;2026-05-29;Dólares;depósitos a plazo fijo, cuentas corrientes;1 día;conservador;money market;10.667.383;1,000491;0,84%;0.66;;;;;75% PF USD 30 días;0,35%;0%;19,6%;0.0;0.0;36.6
a0wib70uk024e9fk6xmkxr1m;RAÍCES AHORRO DÓLARES;2026-05-11;Clase A;21;1000076;a0wib70uk024e9fk6xmkxr1m;RAÍCES AHORRO DÓLARES;ARS;Conservador;Horizonte a 1 Día;Money market;0.002;https://www.provinciafondos.com.ar/nuestros-fondos/a0wib70uk024e9fk6xmkxr1m;2026-06-04 18:32:59.456285;Fondo común de dinero denominado en dólares, que invierte en instrumentos de bajo riesgo: depósitos a plazo fijo, cuentas corrientes remuneradas y cauciones bursátiles. Está dirigido a inversores que priorizan la preservación del capital.;0.0;0.0;66.0;1,4 meses;10667383.0;2026-05-29;https://provincia-prod-api.teocoop.site/uploads/F21_05_26_f3f4560d18.pdf;2026-06-04 18:33:36.789008;RAÍCES AHORRO DÓLARES;2026-05-29;Dólares;depósitos a plazo fijo, cuentas corrientes;1 día;conservador;money market;10.667.383;1,000491;0,84%;0.66;;;;;75% PF USD 30 días;0,35%;0%;19,6%;0.0;0.0;36.6
a0wib70uk024e9fk6xmkxr1m;RAÍCES AHORRO DÓLARES;2026-05-08;Clase A;21;1000046;a0wib70uk024e9fk6xmkxr1m;RAÍCES AHORRO DÓLARES;ARS;Conservador;Horizonte a 1 Día;Money market;0.002;https://www.provinciafondos.com.ar/nuestros-fondos/a0wib70uk024e9fk6xmkxr1m;2026-06-04 18:32:59.456285;Fondo común de dinero denominado en dólares, que invierte en instrumentos de bajo riesgo: depósitos a plazo fijo, cuentas corrientes remuneradas y cauciones bursátiles. Está dirigido a inversores que priorizan la preservación del capital.;0.0;0.0;66.0;1,4 meses;10667383.0;2026-05-29;https://provincia-prod-api.teocoop.site/uploads/F21_05_26_f3f4560d18.pdf;2026-06-04 18:33:36.789008;RAÍCES AHORRO DÓLARES;2026-05-29;Dólares;depósitos a plazo fijo, cuentas corrientes;1 día;conservador;money market;10.667.383;1,000491;0,84%;0.66;;;;;75% PF USD 30 días;0,35%;0%;19,6%;0.0;0.0;36.6
a0wib70uk024e9fk6xmkxr1m;RAÍCES AHORRO DÓLARES;2026-05-07;Clase A;21;1000036;a0wib70uk024e9fk6xmkxr1m;RAÍCES AHORRO DÓLARES;ARS;Conservador;Horizonte a 1 Día;Money market;0.002;https://www.provinciafondos.com.ar/nuestros-fondos/a0wib70uk024e9fk6xmkxr1m;2026-06-04 18:32:59.456285;Fondo común de dinero denominado en dólares, que invierte en instrumentos de bajo riesgo: depósitos a plazo fijo, cuentas corrientes remuneradas y cauciones bursátiles. Está dirigido a inversores que priorizan la preservación del capital.;0.0;0.0;66.0;1,4 meses;10667383.0;2026-05-29;https://provincia-prod-api.teocoop.site/uploads/F21_05_26_f3f4560d18.pdf;2026-06-04 18:33:36.789008;RAÍCES AHORRO DÓLARES;2026-05-29;Dólares;depósitos a plazo fijo, cuentas corrientes;1 día;conservador;money market;10.667.383;1,000491;0,84%;0.66;;;;;75% PF USD 30 días;0,35%;0%;19,6%;0.0;0.0;36.6
a0wib70uk024e9fk6xmkxr1m;RAÍCES AHORRO DÓLARES;2026-05-06;Clase A;21;1000026;a0wib70uk024e9fk6xmkxr1m;RAÍCES AHORRO DÓLARES;ARS;Conservador;Horizonte a 1 Día;Money market;0.002;https://www.provinciafondos.com.ar/nuestros-fondos/a0wib70uk024e9fk6xmkxr1m;2026-06-04 18:32:59.456285;Fondo común de dinero denominado en dólares, que invierte en instrumentos de bajo riesgo: depósitos a plazo fijo, cuentas corrientes remuneradas y cauciones bursátiles. Está dirigido a inversores que priorizan la preservación del capital.;0.0;0.0;66.0;1,4 meses;10667383.0;2026-05-29;https://provincia-prod-api.teocoop.site/uploads/F21_05_26_f3f4560d18.pdf;2026-06-04 18:33:36.789008;RAÍCES AHORRO DÓLARES;2026-05-29;Dólares;depósitos a plazo fijo, cuentas corrientes;1 día;conservador;money market;10.667.383;1,000491;0,84%;0.66;;;;;75% PF USD 30 días;0,35%;0%;19,6%;0.0;0.0;36.6
rx6ogk3gkm5m5wbnhsfbbaj0;RAÍCES AHORRO PLUS;2026-06-03;Clase A;14;1844117;rx6ogk3gkm5m5wbnhsfbbaj0;RAÍCES AHORRO PLUS;ARS;Conservador;Horizonte a 30 días;Renta fija;-0.0657;https://www.provinciafondos.com.ar/nuestros-fondos/rx6ogk3gkm5m5wbnhsfbbaj0;2026-06-04 18:32:59.456021;El fondo invierte principalmente en instrumentos a tasa fija capitalizable emitidos por el Tesoro Nacional.;40.0;1302.0;221.0;2,7 meses;21205666582.0;2026-05-29;https://provincia-prod-api.teocoop.site/uploads/F14_05_26_9be272a77d.pdf;2026-06-04 18:33:26.233262;RAÍCES AHORRO PLUS;2026-05-29;Pesos;bajo;30 días;conservador;renta fija;21.205.666.582;1,841452;0,53%;2.21;7,23%;14,38%;13,02%;36.7;Tasa Fija Capitalizable 30 días;3,2%;0%;0%;3.2;;
rx6ogk3gkm5m5wbnhsfbbaj0;RAÍCES AHORRO PLUS;2026-06-02;Clase A;14;184533;rx6ogk3gkm5m5wbnhsfbbaj0;RAÍCES AHORRO PLUS;ARS;Conservador;Horizonte a 30 días;Renta fija;-0.0657;https://www.provinciafondos.com.ar/nuestros-fondos/rx6ogk3gkm5m5wbnhsfbbaj0;2026-06-04 18:32:59.456021;El fondo invierte principalmente en instrumentos a tasa fija capitalizable emitidos por el Tesoro Nacional.;40.0;1302.0;221.0;2,7 meses;21205666582.0;2026-05-29;https://provincia-prod-api.teocoop.site/uploads/F14_05_26_9be272a77d.pdf;2026-06-04 18:33:26.233262;RAÍCES AHORRO PLUS;2026-05-29;Pesos;bajo;30 días;conservador;renta fija;21.205.666.582;1,841452;0,53%;2.21;7,23%;14,38%;13,02%;36.7;Tasa Fija Capitalizable 30 días;3,2%;0%;0%;3.2;;
rx6ogk3gkm5m5wbnhsfbbaj0;RAÍCES AHORRO PLUS;2026-06-01;Clase A;14;1844434;rx6ogk3gkm5m5wbnhsfbbaj0;RAÍCES AHORRO PLUS;ARS;Conservador;Horizonte a 30 días;Renta fija;-0.0657;https://www.provinciafondos.com.ar/nuestros-fondos/rx6ogk3gkm5m5wbnhsfbbaj0;2026-06-04 18:32:59.456021;El fondo invierte principalmente en instrumentos a tasa fija capitalizable emitidos por el Tesoro Nacional.;40.0;1302.0;221.0;2,7 meses;21205666582.0;2026-05-29;https://provincia-prod-api.teocoop.site/uploads/F14_05_26_9be272a77d.pdf;2026-06-04 18:33:26.233262;RAÍCES AHORRO PLUS;2026-05-29;Pesos;bajo;30 días;conservador;renta fija;21.205.666.582;1,841452;0,53%;2.21;7,23%;14,38%;13,02%;36.7;Tasa Fija Capitalizable 30 días;3,2%;0%;0%;3.2;;
rx6ogk3gkm5m5wbnhsfbbaj0;RAÍCES AHORRO PLUS;2026-05-29;Clase A;14;1841452;rx6ogk3gkm5m5wbnhsfbbaj0;RAÍCES AHORRO PLUS;ARS;Conservador;Horizonte a 30 días;Renta fija;-0.0657;https://www.provinciafondos.com.ar/nuestros-fondos/rx6ogk3gkm5m5wbnhsfbbaj0;2026-06-04 18:32:59.456021;El fondo invierte principalmente en instrumentos a tasa fija capitalizable emitidos por el Tesoro Nacional.;40.0;1302.0;221.0;2,7 meses;21205666582.0;2026-05-29;https://provincia-prod-api.teocoop.site/uploads/F14_05_26_9be272a77d.pdf;2026-06-04 18:33:26.233262;RAÍCES AHORRO PLUS;2026-05-29;Pesos;bajo;30 días;conservador;renta fija;21.205.666.582;1,841452;0,53%;2.21;7,23%;14,38%;13,02%;36.7;Tasa Fija Capitalizable 30 días;3,2%;0%;0%;3.2;;
rx6ogk3gkm5m5wbnhsfbbaj0;RAÍCES AHORRO PLUS;2026-05-28;Clase A;14;1838715;rx6ogk3gkm5m5wbnhsfbbaj0;RAÍCES AHORRO PLUS;ARS;Conservador;Horizonte a 30 días;Renta fija;-0.0657;https://www.provinciafondos.com.ar/nuestros-fondos/rx6ogk3gkm5m5wbnhsfbbaj0;2026-06-04 18:32:59.456021;El fondo invierte principalmente en instrumentos a tasa fija capitalizable emitidos por el Tesoro Nacional.;40.0;1302.0;221.0;2,7 meses;21205666582.0;2026-05-29;https://provincia-prod-api.teocoop.site/uploads/F14_05_26_9be272a77d.pdf;2026-06-04 18:33:26.233262;RAÍCES AHORRO PLUS;2026-05-29;Pesos;bajo;30 días;conservador;renta fija;21.205.666.582;1,841452;0,53%;2.21;7,23%;14,38%;13,02%;36.7;Tasa Fija Capitalizable 30 días;3,2%;0%;0%;3.2;;
rx6ogk3gkm5m5wbnhsfbbaj0;RAÍCES AHORRO PLUS;2026-05-27;Clase A;14;1835701;rx6ogk3gkm5m5wbnhsfbbaj0;RAÍCES AHORRO PLUS;ARS;Conservador;Horizonte a 30 días;Renta fija;-0.0657;https://www.provinciafondos.com.ar/nuestros-fondos/rx6ogk3gkm5m5wbnhsfbbaj0;2026-06-04 18:32:59.456021;El fondo invierte principalmente en instrumentos a tasa fija capitalizable emitidos por el Tesoro Nacional.;40.0;1302.0;221.0;2,7 meses;21205666582.0;2026-05-29;https://provincia-prod-api.teocoop.site/uploads/F14_05_26_9be272a77d.pdf;2026-06-04 18:33:26.233262;RAÍCES AHORRO PLUS;2026-05-29;Pesos;bajo;30 días;conservador;renta fija;21.205.666.582;1,841452;0,53%;2.21;7,23%;14,38%;13,02%;36.7;Tasa Fija Capitalizable 30 días;3,2%;0%;0%;3.2;;
rx6ogk3gkm5m5wbnhsfbbaj0;RAÍCES AHORRO PLUS;2026-05-26;Clase A;14;183476;rx6ogk3gkm5m5wbnhsfbbaj0;RAÍCES AHORRO PLUS;ARS;Conservador;Horizonte a 30 días;Renta fija;-0.0657;https://www.provinciafondos.com.ar/nuestros-fondos/rx6ogk3gkm5m5wbnhsfbbaj0;2026-06-04 18:32:59.456021;El fondo invierte principalmente en instrumentos a tasa fija capitalizable emitidos por el Tesoro Nacional.;40.0;1302.0;221.0;2,7 meses;21205666582.0;2026-05-29;https://provincia-prod-api.teocoop.site/uploads/F14_05_26_9be272a77d.pdf;2026-06-04 18:33:26.233262;RAÍCES AHORRO PLUS;2026-05-29;Pesos;bajo;30 días;conservador;renta fija;21.205.666.582;1,841452;0,53%;2.21;7,23%;14,38%;13,02%;36.7;Tasa Fija Capitalizable 30 días;3,2%;0%;0%;3.2;;
rx6ogk3gkm5m5wbnhsfbbaj0;RAÍCES AHORRO PLUS;2026-05-22;Clase A;14;1831796;rx6ogk3gkm5m5wbnhsfbbaj0;RAÍCES AHORRO PLUS;ARS;Conservador;Horizonte a 30 días;Renta fija;-0.0657;https://www.provinciafondos.com.ar/nuestros-fondos/rx6ogk3gkm5m5wbnhsfbbaj0;2026-06-04 18:32:59.456021;El fondo invierte principalmente en instrumentos a tasa fija capitalizable emitidos por el Tesoro Nacional.;40.0;1302.0;221.0;2,7 meses;21205666582.0;2026-05-29;https://provincia-prod-api.teocoop.site/uploads/F14_05_26_9be272a77d.pdf;2026-06-04 18:33:26.233262;RAÍCES AHORRO PLUS;2026-05-29;Pesos;bajo;30 días;conservador;renta fija;21.205.666.582;1,841452;0,53%;2.21;7,23%;14,38%;13,02%;36.7;Tasa Fija Capitalizable 30 días;3,2%;0%;0%;3.2;;
rx6ogk3gkm5m5wbnhsfbbaj0;RAÍCES AHORRO PLUS;2026-05-21;Clase A;14;1830633;rx6ogk3gkm5m5wbnhsfbbaj0;RAÍCES AHORRO PLUS;ARS;Conservador;Horizonte a 30 días;Renta fija;-0.0657;https://www.provinciafondos.com.ar/nuestros-fondos/rx6ogk3gkm5m5wbnhsfbbaj0;2026-06-04 18:32:59.456021;El fondo invierte principalmente en instrumentos a tasa fija capitalizable emitidos por el Tesoro Nacional.;40.0;1302.0;221.0;2,7 meses;21205666582.0;2026-05-29;https://provincia-prod-api.teocoop.site/uploads/F14_05_26_9be272a77d.pdf;2026-06-04 18:33:26.233262;RAÍCES AHORRO PLUS;2026-05-29;Pesos;bajo;30 días;conservador;renta fija;21.205.666.582;1,841452;0,53%;2.21;7,23%;14,38%;13,02%;36.7;Tasa Fija Capitalizable 30 días;3,2%;0%;0%;3.2;;
rx6ogk3gkm5m5wbnhsfbbaj0;RAÍCES AHORRO PLUS;2026-05-20;Clase A;14;1828638;rx6ogk3gkm5m5wbnhsfbbaj0;RAÍCES AHORRO PLUS;ARS;Conservador;Horizonte a 30 días;Renta fija;-0.0657;https://www.provinciafondos.com.ar/nuestros-fondos/rx6ogk3gkm5m5wbnhsfbbaj0;2026-06-04 18:32:59.456021;El fondo invierte principalmente en instrumentos a tasa fija capitalizable emitidos por el Tesoro Nacional.;40.0;1302.0;221.0;2,7 meses;21205666582.0;2026-05-29;https://provincia-prod-api.teocoop.site/uploads/F14_05_26_9be272a77d.pdf;2026-06-04 18:33:26.233262;RAÍCES AHORRO PLUS;2026-05-29;Pesos;bajo;30 días;conservador;renta fija;21.205.666.582;1,841452;0,53%;2.21;7,23%;14,38%;13,02%;36.7;Tasa Fija Capitalizable 30 días;3,2%;0%;0%;3.2;;
rx6ogk3gkm5m5wbnhsfbbaj0;RAÍCES AHORRO PLUS;2026-05-19;Clase A;14;1827909;rx6ogk3gkm5m5wbnhsfbbaj0;RAÍCES AHORRO PLUS;ARS;Conservador;Horizonte a 30 días;Renta fija;-0.0657;https://www.provinciafondos.com.ar/nuestros-fondos/rx6ogk3gkm5m5wbnhsfbbaj0;2026-06-04 18:32:59.456021;El fondo invierte principalmente en instrumentos a tasa fija capitalizable emitidos por el Tesoro Nacional.;40.0;1302.0;221.0;2,7 meses;21205666582.0;2026-05-29;https://provincia-prod-api.teocoop.site/uploads/F14_05_26_9be272a77d.pdf;2026-06-04 18:33:26.233262;RAÍCES AHORRO PLUS;2026-05-29;Pesos;bajo;30 días;conservador;renta fija;21.205.666.582;1,841452;0,53%;2.21;7,23%;14,38%;13,02%;36.7;Tasa Fija Capitalizable 30 días;3,2%;0%;0%;3.2;;
rx6ogk3gkm5m5wbnhsfbbaj0;RAÍCES AHORRO PLUS;2026-05-18;Clase A;14;1827866;rx6ogk3gkm5m5wbnhsfbbaj0;RAÍCES AHORRO PLUS;ARS;Conservador;Horizonte a 30 días;Renta fija;-0.0657;https://www.provinciafondos.com.ar/nuestros-fondos/rx6ogk3gkm5m5wbnhsfbbaj0;2026-06-04 18:32:59.456021;El fondo invierte principalmente en instrumentos a tasa fija capitalizable emitidos por el Tesoro Nacional.;40.0;1302.0;221.0;2,7 meses;21205666582.0;2026-05-29;https://provincia-prod-api.teocoop.site/uploads/F14_05_26_9be272a77d.pdf;2026-06-04 18:33:26.233262;RAÍCES AHORRO PLUS;2026-05-29;Pesos;bajo;30 días;conservador;renta fija;21.205.666.582;1,841452;0,53%;2.21;7,23%;14,38%;13,02%;36.7;Tasa Fija Capitalizable 30 días;3,2%;0%;0%;3.2;;
rx6ogk3gkm5m5wbnhsfbbaj0;RAÍCES AHORRO PLUS;2026-05-15;Clase A;14;1824847;rx6ogk3gkm5m5wbnhsfbbaj0;RAÍCES AHORRO PLUS;ARS;Conservador;Horizonte a 30 días;Renta fija;-0.0657;https://www.provinciafondos.com.ar/nuestros-fondos/rx6ogk3gkm5m5wbnhsfbbaj0;2026-06-04 18:32:59.456021;El fondo invierte principalmente en instrumentos a tasa fija capitalizable emitidos por el Tesoro Nacional.;40.0;1302.0;221.0;2,7 meses;21205666582.0;2026-05-29;https://provincia-prod-api.teocoop.site/uploads/F14_05_26_9be272a77d.pdf;2026-06-04 18:33:26.233262;RAÍCES AHORRO PLUS;2026-05-29;Pesos;bajo;30 días;conservador;renta fija;21.205.666.582;1,841452;0,53%;2.21;7,23%;14,38%;13,02%;36.7;Tasa Fija Capitalizable 30 días;3,2%;0%;0%;3.2;;
rx6ogk3gkm5m5wbnhsfbbaj0;RAÍCES AHORRO PLUS;2026-05-14;Clase A;14;1822931;rx6ogk3gkm5m5wbnhsfbbaj0;RAÍCES AHORRO PLUS;ARS;Conservador;Horizonte a 30 días;Renta fija;-0.0657;https://www.provinciafondos.com.ar/nuestros-fondos/rx6ogk3gkm5m5wbnhsfbbaj0;2026-06-04 18:32:59.456021;El fondo invierte principalmente en instrumentos a tasa fija capitalizable emitidos por el Tesoro Nacional.;40.0;1302.0;221.0;2,7 meses;21205666582.0;2026-05-29;https://provincia-prod-api.teocoop.site/uploads/F14_05_26_9be272a77d.pdf;2026-06-04 18:33:26.233262;RAÍCES AHORRO PLUS;2026-05-29;Pesos;bajo;30 días;conservador;renta fija;21.205.666.582;1,841452;0,53%;2.21;7,23%;14,38%;13,02%;36.7;Tasa Fija Capitalizable 30 días;3,2%;0%;0%;3.2;;
rx6ogk3gkm5m5wbnhsfbbaj0;RAÍCES AHORRO PLUS;2026-05-13;Clase A;14;182025;rx6ogk3gkm5m5wbnhsfbbaj0;RAÍCES AHORRO PLUS;ARS;Conservador;Horizonte a 30 días;Renta fija;-0.0657;https://www.provinciafondos.com.ar/nuestros-fondos/rx6ogk3gkm5m5wbnhsfbbaj0;2026-06-04 18:32:59.456021;El fondo invierte principalmente en instrumentos a tasa fija capitalizable emitidos por el Tesoro Nacional.;40.0;1302.0;221.0;2,7 meses;21205666582.0;2026-05-29;https://provincia-prod-api.teocoop.site/uploads/F14_05_26_9be272a77d.pdf;2026-06-04 18:33:26.233262;RAÍCES AHORRO PLUS;2026-05-29;Pesos;bajo;30 días;conservador;renta fija;21.205.666.582;1,841452;0,53%;2.21;7,23%;14,38%;13,02%;36.7;Tasa Fija Capitalizable 30 días;3,2%;0%;0%;3.2;;
rx6ogk3gkm5m5wbnhsfbbaj0;RAÍCES AHORRO PLUS;2026-05-12;Clase A;14;1819158;rx6ogk3gkm5m5wbnhsfbbaj0;RAÍCES AHORRO PLUS;ARS;Conservador;Horizonte a 30 días;Renta fija;-0.0657;https://www.provinciafondos.com.ar/nuestros-fondos/rx6ogk3gkm5m5wbnhsfbbaj0;2026-06-04 18:32:59.456021;El fondo invierte principalmente en instrumentos a tasa fija capitalizable emitidos por el Tesoro Nacional.;40.0;1302.0;221.0;2,7 meses;21205666582.0;2026-05-29;https://provincia-prod-api.teocoop.site/uploads/F14_05_26_9be272a77d.pdf;2026-06-04 18:33:26.233262;RAÍCES AHORRO PLUS;2026-05-29;Pesos;bajo;30 días;conservador;renta fija;21.205.666.582;1,841452;0,53%;2.21;7,23%;14,38%;13,02%;36.7;Tasa Fija Capitalizable 30 días;3,2%;0%;0%;3.2;;
rx6ogk3gkm5m5wbnhsfbbaj0;RAÍCES AHORRO PLUS;2026-05-11;Clase A;14;1817453;rx6ogk3gkm5m5wbnhsfbbaj0;RAÍCES AHORRO PLUS;ARS;Conservador;Horizonte a 30 días;Renta fija;-0.0657;https://www.provinciafondos.com.ar/nuestros-fondos/rx6ogk3gkm5m5wbnhsfbbaj0;2026-06-04 18:32:59.456021;El fondo invierte principalmente en instrumentos a tasa fija capitalizable emitidos por el Tesoro Nacional.;40.0;1302.0;221.0;2,7 meses;21205666582.0;2026-05-29;https://provincia-prod-api.teocoop.site/uploads/F14_05_26_9be272a77d.pdf;2026-06-04 18:33:26.233262;RAÍCES AHORRO PLUS;2026-05-29;Pesos;bajo;30 días;conservador;renta fija;21.205.666.582;1,841452;0,53%;2.21;7,23%;14,38%;13,02%;36.7;Tasa Fija Capitalizable 30 días;3,2%;0%;0%;3.2;;
rx6ogk3gkm5m5wbnhsfbbaj0;RAÍCES AHORRO PLUS;2026-05-08;Clase A;14;1812938;rx6ogk3gkm5m5wbnhsfbbaj0;RAÍCES AHORRO PLUS;ARS;Conservador;Horizonte a 30 días;Renta fija;-0.0657;https://www.provinciafondos.com.ar/nuestros-fondos/rx6ogk3gkm5m5wbnhsfbbaj0;2026-06-04 18:32:59.456021;El fondo invierte principalmente en instrumentos a tasa fija capitalizable emitidos por el Tesoro Nacional.;40.0;1302.0;221.0;2,7 meses;21205666582.0;2026-05-29;https://provincia-prod-api.teocoop.site/uploads/F14_05_26_9be272a77d.pdf;2026-06-04 18:33:26.233262;RAÍCES AHORRO PLUS;2026-05-29;Pesos;bajo;30 días;conservador;renta fija;21.205.666.582;1,841452;0,53%;2.21;7,23%;14,38%;13,02%;36.7;Tasa Fija Capitalizable 30 días;3,2%;0%;0%;3.2;;
rx6ogk3gkm5m5wbnhsfbbaj0;RAÍCES AHORRO PLUS;2026-05-07;Clase A;14;1812234;rx6ogk3gkm5m5wbnhsfbbaj0;RAÍCES AHORRO PLUS;ARS;Conservador;Horizonte a 30 días;Renta fija;-0.0657;https://www.provinciafondos.com.ar/nuestros-fondos/rx6ogk3gkm5m5wbnhsfbbaj0;2026-06-04 18:32:59.456021;El fondo invierte principalmente en instrumentos a tasa fija capitalizable emitidos por el Tesoro Nacional.;40.0;1302.0;221.0;2,7 meses;21205666582.0;2026-05-29;https://provincia-prod-api.teocoop.site/uploads/F14_05_26_9be272a77d.pdf;2026-06-04 18:33:26.233262;RAÍCES AHORRO PLUS;2026-05-29;Pesos;bajo;30 días;conservador;renta fija;21.205.666.582;1,841452;0,53%;2.21;7,23%;14,38%;13,02%;36.7;Tasa Fija Capitalizable 30 días;3,2%;0%;0%;3.2;;
rx6ogk3gkm5m5wbnhsfbbaj0;RAÍCES AHORRO PLUS;2026-05-06;Clase A;14;1810792;rx6ogk3gkm5m5wbnhsfbbaj0;RAÍCES AHORRO PLUS;ARS;Conservador;Horizonte a 30 días;Renta fija;-0.0657;https://www.provinciafondos.com.ar/nuestros-fondos/rx6ogk3gkm5m5wbnhsfbbaj0;2026-06-04 18:32:59.456021;El fondo invierte principalmente en instrumentos a tasa fija capitalizable emitidos por el Tesoro Nacional.;40.0;1302.0;221.0;2,7 meses;21205666582.0;2026-05-29;https://provincia-prod-api.teocoop.site/uploads/F14_05_26_9be272a77d.pdf;2026-06-04 18:33:26.233262;RAÍCES AHORRO PLUS;2026-05-29;Pesos;bajo;30 días;conservador;renta fija;21.205.666.582;1,841452;0,53%;2.21;7,23%;14,38%;13,02%;36.7;Tasa Fija Capitalizable 30 días;3,2%;0%;0%;3.2;;
rx6ogk3gkm5m5wbnhsfbbaj0;RAÍCES AHORRO PLUS;2026-06-03;Clase A;14;1844117;rx6ogk3gkm5m5wbnhsfbbaj0;RAÍCES AHORRO PLUS;ARS;Conservador;Horizonte a 30 días;Renta fija;-0.0657;https://www.provinciafondos.com.ar/nuestros-fondos/rx6ogk3gkm5m5wbnhsfbbaj0;2026-06-04 18:32:59.456021;El fondo invierte principalmente en instrumentos a tasa fija capitalizable emitidos por el Tesoro Nacional.;40.0;1302.0;221.0;2,7 meses;21205666582.0;2026-05-29;https://provincia-prod-api.teocoop.site/uploads/F14_05_26_9be272a77d.pdf;2026-06-04 18:33:26.233262;RAÍCES AHORRO PLUS;2026-05-29;Pesos;bajo;30 días;conservador;renta fija;21.205.666.582;1,841452;0,53%;2.21;7,23%;14,38%;13,02%;36.7;Tasa Fija Capitalizable 30 días;3,2%;0%;0%;3.2;;
rx6ogk3gkm5m5wbnhsfbbaj0;RAÍCES AHORRO PLUS;2026-06-02;Clase A;14;184533;rx6ogk3gkm5m5wbnhsfbbaj0;RAÍCES AHORRO PLUS;ARS;Conservador;Horizonte a 30 días;Renta fija;-0.0657;https://www.provinciafondos.com.ar/nuestros-fondos/rx6ogk3gkm5m5wbnhsfbbaj0;2026-06-04 18:32:59.456021;El fondo invierte principalmente en instrumentos a tasa fija capitalizable emitidos por el Tesoro Nacional.;40.0;1302.0;221.0;2,7 meses;21205666582.0;2026-05-29;https://provincia-prod-api.teocoop.site/uploads/F14_05_26_9be272a77d.pdf;2026-06-04 18:33:26.233262;RAÍCES AHORRO PLUS;2026-05-29;Pesos;bajo;30 días;conservador;renta fija;21.205.666.582;1,841452;0,53%;2.21;7,23%;14,38%;13,02%;36.7;Tasa Fija Capitalizable 30 días;3,2%;0%;0%;3.2;;
rx6ogk3gkm5m5wbnhsfbbaj0;RAÍCES AHORRO PLUS;2026-06-01;Clase A;14;1844434;rx6ogk3gkm5m5wbnhsfbbaj0;RAÍCES AHORRO PLUS;ARS;Conservador;Horizonte a 30 días;Renta fija;-0.0657;https://www.provinciafondos.com.ar/nuestros-fondos/rx6ogk3gkm5m5wbnhsfbbaj0;2026-06-04 18:32:59.456021;El fondo invierte principalmente en instrumentos a tasa fija capitalizable emitidos por el Tesoro Nacional.;40.0;1302.0;221.0;2,7 meses;21205666582.0;2026-05-29;https://provincia-prod-api.teocoop.site/uploads/F14_05_26_9be272a77d.pdf;2026-06-04 18:33:26.233262;RAÍCES AHORRO PLUS;2026-05-29;Pesos;bajo;30 días;conservador;renta fija;21.205.666.582;1,841452;0,53%;2.21;7,23%;14,38%;13,02%;36.7;Tasa Fija Capitalizable 30 días;3,2%;0%;0%;3.2;;
rx6ogk3gkm5m5wbnhsfbbaj0;RAÍCES AHORRO PLUS;2026-05-29;Clase A;14;1841452;rx6ogk3gkm5m5wbnhsfbbaj0;RAÍCES AHORRO PLUS;ARS;Conservador;Horizonte a 30 días;Renta fija;-0.0657;https://www.provinciafondos.com.ar/nuestros-fondos/rx6ogk3gkm5m5wbnhsfbbaj0;2026-06-04 18:32:59.456021;El fondo invierte principalmente en instrumentos a tasa fija capitalizable emitidos por el Tesoro Nacional.;40.0;1302.0;221.0;2,7 meses;21205666582.0;2026-05-29;https://provincia-prod-api.teocoop.site/uploads/F14_05_26_9be272a77d.pdf;2026-06-04 18:33:26.233262;RAÍCES AHORRO PLUS;2026-05-29;Pesos;bajo;30 días;conservador;renta fija;21.205.666.582;1,841452;0,53%;2.21;7,23%;14,38%;13,02%;36.7;Tasa Fija Capitalizable 30 días;3,2%;0%;0%;3.2;;
rx6ogk3gkm5m5wbnhsfbbaj0;RAÍCES AHORRO PLUS;2026-05-28;Clase A;14;1838715;rx6ogk3gkm5m5wbnhsfbbaj0;RAÍCES AHORRO PLUS;ARS;Conservador;Horizonte a 30 días;Renta fija;-0.0657;https://www.provinciafondos.com.ar/nuestros-fondos/rx6ogk3gkm5m5wbnhsfbbaj0;2026-06-04 18:32:59.456021;El fondo invierte principalmente en instrumentos a tasa fija capitalizable emitidos por el Tesoro Nacional.;40.0;1302.0;221.0;2,7 meses;21205666582.0;2026-05-29;https://provincia-prod-api.teocoop.site/uploads/F14_05_26_9be272a77d.pdf;2026-06-04 18:33:26.233262;RAÍCES AHORRO PLUS;2026-05-29;Pesos;bajo;30 días;conservador;renta fija;21.205.666.582;1,841452;0,53%;2.21;7,23%;14,38%;13,02%;36.7;Tasa Fija Capitalizable 30 días;3,2%;0%;0%;3.2;;
rx6ogk3gkm5m5wbnhsfbbaj0;RAÍCES AHORRO PLUS;2026-05-27;Clase A;14;1835701;rx6ogk3gkm5m5wbnhsfbbaj0;RAÍCES AHORRO PLUS;ARS;Conservador;Horizonte a 30 días;Renta fija;-0.0657;https://www.provinciafondos.com.ar/nuestros-fondos/rx6ogk3gkm5m5wbnhsfbbaj0;2026-06-04 18:32:59.456021;El fondo invierte principalmente en instrumentos a tasa fija capitalizable emitidos por el Tesoro Nacional.;40.0;1302.0;221.0;2,7 meses;21205666582.0;2026-05-29;https://provincia-prod-api.teocoop.site/uploads/F14_05_26_9be272a77d.pdf;2026-06-04 18:33:26.233262;RAÍCES AHORRO PLUS;2026-05-29;Pesos;bajo;30 días;conservador;renta fija;21.205.666.582;1,841452;0,53%;2.21;7,23%;14,38%;13,02%;36.7;Tasa Fija Capitalizable 30 días;3,2%;0%;0%;3.2;;
rx6ogk3gkm5m5wbnhsfbbaj0;RAÍCES AHORRO PLUS;2026-05-26;Clase A;14;183476;rx6ogk3gkm5m5wbnhsfbbaj0;RAÍCES AHORRO PLUS;ARS;Conservador;Horizonte a 30 días;Renta fija;-0.0657;https://www.provinciafondos.com.ar/nuestros-fondos/rx6ogk3gkm5m5wbnhsfbbaj0;2026-06-04 18:32:59.456021;El fondo invierte principalmente en instrumentos a tasa fija capitalizable emitidos por el Tesoro Nacional.;40.0;1302.0;221.0;2,7 meses;21205666582.0;2026-05-29;https://provincia-prod-api.teocoop.site/uploads/F14_05_26_9be272a77d.pdf;2026-06-04 18:33:26.233262;RAÍCES AHORRO PLUS;2026-05-29;Pesos;bajo;30 días;conservador;renta fija;21.205.666.582;1,841452;0,53%;2.21;7,23%;14,38%;13,02%;36.7;Tasa Fija Capitalizable 30 días;3,2%;0%;0%;3.2;;
rx6ogk3gkm5m5wbnhsfbbaj0;RAÍCES AHORRO PLUS;2026-05-22;Clase A;14;1831796;rx6ogk3gkm5m5wbnhsfbbaj0;RAÍCES AHORRO PLUS;ARS;Conservador;Horizonte a 30 días;Renta fija;-0.0657;https://www.provinciafondos.com.ar/nuestros-fondos/rx6ogk3gkm5m5wbnhsfbbaj0;2026-06-04 18:32:59.456021;El fondo invierte principalmente en instrumentos a tasa fija capitalizable emitidos por el Tesoro Nacional.;40.0;1302.0;221.0;2,7 meses;21205666582.0;2026-05-29;https://provincia-prod-api.teocoop.site/uploads/F14_05_26_9be272a77d.pdf;2026-06-04 18:33:26.233262;RAÍCES AHORRO PLUS;2026-05-29;Pesos;bajo;30 días;conservador;renta fija;21.205.666.582;1,841452;0,53%;2.21;7,23%;14,38%;13,02%;36.7;Tasa Fija Capitalizable 30 días;3,2%;0%;0%;3.2;;
rx6ogk3gkm5m5wbnhsfbbaj0;RAÍCES AHORRO PLUS;2026-05-21;Clase A;14;1830633;rx6ogk3gkm5m5wbnhsfbbaj0;RAÍCES AHORRO PLUS;ARS;Conservador;Horizonte a 30 días;Renta fija;-0.0657;https://www.provinciafondos.com.ar/nuestros-fondos/rx6ogk3gkm5m5wbnhsfbbaj0;2026-06-04 18:32:59.456021;El fondo invierte principalmente en instrumentos a tasa fija capitalizable emitidos por el Tesoro Nacional.;40.0;1302.0;221.0;2,7 meses;21205666582.0;2026-05-29;https://provincia-prod-api.teocoop.site/uploads/F14_05_26_9be272a77d.pdf;2026-06-04 18:33:26.233262;RAÍCES AHORRO PLUS;2026-05-29;Pesos;bajo;30 días;conservador;renta fija;21.205.666.582;1,841452;0,53%;2.21;7,23%;14,38%;13,02%;36.7;Tasa Fija Capitalizable 30 días;3,2%;0%;0%;3.2;;
rx6ogk3gkm5m5wbnhsfbbaj0;RAÍCES AHORRO PLUS;2026-05-20;Clase A;14;1828638;rx6ogk3gkm5m5wbnhsfbbaj0;RAÍCES AHORRO PLUS;ARS;Conservador;Horizonte a 30 días;Renta fija;-0.0657;https://www.provinciafondos.com.ar/nuestros-fondos/rx6ogk3gkm5m5wbnhsfbbaj0;2026-06-04 18:32:59.456021;El fondo invierte principalmente en instrumentos a tasa fija capitalizable emitidos por el Tesoro Nacional.;40.0;1302.0;221.0;2,7 meses;21205666582.0;2026-05-29;https://provincia-prod-api.teocoop.site/uploads/F14_05_26_9be272a77d.pdf;2026-06-04 18:33:26.233262;RAÍCES AHORRO PLUS;2026-05-29;Pesos;bajo;30 días;conservador;renta fija;21.205.666.582;1,841452;0,53%;2.21;7,23%;14,38%;13,02%;36.7;Tasa Fija Capitalizable 30 días;3,2%;0%;0%;3.2;;
rx6ogk3gkm5m5wbnhsfbbaj0;RAÍCES AHORRO PLUS;2026-05-19;Clase A;14;1827909;rx6ogk3gkm5m5wbnhsfbbaj0;RAÍCES AHORRO PLUS;ARS;Conservador;Horizonte a 30 días;Renta fija;-0.0657;https://www.provinciafondos.com.ar/nuestros-fondos/rx6ogk3gkm5m5wbnhsfbbaj0;2026-06-04 18:32:59.456021;El fondo invierte principalmente en instrumentos a tasa fija capitalizable emitidos por el Tesoro Nacional.;40.0;1302.0;221.0;2,7 meses;21205666582.0;2026-05-29;https://provincia-prod-api.teocoop.site/uploads/F14_05_26_9be272a77d.pdf;2026-06-04 18:33:26.233262;RAÍCES AHORRO PLUS;2026-05-29;Pesos;bajo;30 días;conservador;renta fija;21.205.666.582;1,841452;0,53%;2.21;7,23%;14,38%;13,02%;36.7;Tasa Fija Capitalizable 30 días;3,2%;0%;0%;3.2;;
rx6ogk3gkm5m5wbnhsfbbaj0;RAÍCES AHORRO PLUS;2026-05-18;Clase A;14;1827866;rx6ogk3gkm5m5wbnhsfbbaj0;RAÍCES AHORRO PLUS;ARS;Conservador;Horizonte a 30 días;Renta fija;-0.0657;https://www.provinciafondos.com.ar/nuestros-fondos/rx6ogk3gkm5m5wbnhsfbbaj0;2026-06-04 18:32:59.456021;El fondo invierte principalmente en instrumentos a tasa fija capitalizable emitidos por el Tesoro Nacional.;40.0;1302.0;221.0;2,7 meses;21205666582.0;2026-05-29;https://provincia-prod-api.teocoop.site/uploads/F14_05_26_9be272a77d.pdf;2026-06-04 18:33:26.233262;RAÍCES AHORRO PLUS;2026-05-29;Pesos;bajo;30 días;conservador;renta fija;21.205.666.582;1,841452;0,53%;2.21;7,23%;14,38%;13,02%;36.7;Tasa Fija Capitalizable 30 días;3,2%;0%;0%;3.2;;
rx6ogk3gkm5m5wbnhsfbbaj0;RAÍCES AHORRO PLUS;2026-05-15;Clase A;14;1824847;rx6ogk3gkm5m5wbnhsfbbaj0;RAÍCES AHORRO PLUS;ARS;Conservador;Horizonte a 30 días;Renta fija;-0.0657;https://www.provinciafondos.com.ar/nuestros-fondos/rx6ogk3gkm5m5wbnhsfbbaj0;2026-06-04 18:32:59.456021;El fondo invierte principalmente en instrumentos a tasa fija capitalizable emitidos por el Tesoro Nacional.;40.0;1302.0;221.0;2,7 meses;21205666582.0;2026-05-29;https://provincia-prod-api.teocoop.site/uploads/F14_05_26_9be272a77d.pdf;2026-06-04 18:33:26.233262;RAÍCES AHORRO PLUS;2026-05-29;Pesos;bajo;30 días;conservador;renta fija;21.205.666.582;1,841452;0,53%;2.21;7,23%;14,38%;13,02%;36.7;Tasa Fija Capitalizable 30 días;3,2%;0%;0%;3.2;;
rx6ogk3gkm5m5wbnhsfbbaj0;RAÍCES AHORRO PLUS;2026-05-14;Clase A;14;1822931;rx6ogk3gkm5m5wbnhsfbbaj0;RAÍCES AHORRO PLUS;ARS;Conservador;Horizonte a 30 días;Renta fija;-0.0657;https://www.provinciafondos.com.ar/nuestros-fondos/rx6ogk3gkm5m5wbnhsfbbaj0;2026-06-04 18:32:59.456021;El fondo invierte principalmente en instrumentos a tasa fija capitalizable emitidos por el Tesoro Nacional.;40.0;1302.0;221.0;2,7 meses;21205666582.0;2026-05-29;https://provincia-prod-api.teocoop.site/uploads/F14_05_26_9be272a77d.pdf;2026-06-04 18:33:26.233262;RAÍCES AHORRO PLUS;2026-05-29;Pesos;bajo;30 días;conservador;renta fija;21.205.666.582;1,841452;0,53%;2.21;7,23%;14,38%;13,02%;36.7;Tasa Fija Capitalizable 30 días;3,2%;0%;0%;3.2;;
rx6ogk3gkm5m5wbnhsfbbaj0;RAÍCES AHORRO PLUS;2026-05-13;Clase A;14;182025;rx6ogk3gkm5m5wbnhsfbbaj0;RAÍCES AHORRO PLUS;ARS;Conservador;Horizonte a 30 días;Renta fija;-0.0657;https://www.provinciafondos.com.ar/nuestros-fondos/rx6ogk3gkm5m5wbnhsfbbaj0;2026-06-04 18:32:59.456021;El fondo invierte principalmente en instrumentos a tasa fija capitalizable emitidos por el Tesoro Nacional.;40.0;1302.0;221.0;2,7 meses;21205666582.0;2026-05-29;https://provincia-prod-api.teocoop.site/uploads/F14_05_26_9be272a77d.pdf;2026-06-04 18:33:26.233262;RAÍCES AHORRO PLUS;2026-05-29;Pesos;bajo;30 días;conservador;renta fija;21.205.666.582;1,841452;0,53%;2.21;7,23%;14,38%;13,02%;36.7;Tasa Fija Capitalizable 30 días;3,2%;0%;0%;3.2;;
rx6ogk3gkm5m5wbnhsfbbaj0;RAÍCES AHORRO PLUS;2026-05-12;Clase A;14;1819158;rx6ogk3gkm5m5wbnhsfbbaj0;RAÍCES AHORRO PLUS;ARS;Conservador;Horizonte a 30 días;Renta fija;-0.0657;https://www.provinciafondos.com.ar/nuestros-fondos/rx6ogk3gkm5m5wbnhsfbbaj0;2026-06-04 18:32:59.456021;El fondo invierte principalmente en instrumentos a tasa fija capitalizable emitidos por el Tesoro Nacional.;40.0;1302.0;221.0;2,7 meses;21205666582.0;2026-05-29;https://provincia-prod-api.teocoop.site/uploads/F14_05_26_9be272a77d.pdf;2026-06-04 18:33:26.233262;RAÍCES AHORRO PLUS;2026-05-29;Pesos;bajo;30 días;conservador;renta fija;21.205.666.582;1,841452;0,53%;2.21;7,23%;14,38%;13,02%;36.7;Tasa Fija Capitalizable 30 días;3,2%;0%;0%;3.2;;
rx6ogk3gkm5m5wbnhsfbbaj0;RAÍCES AHORRO PLUS;2026-05-11;Clase A;14;1817453;rx6ogk3gkm5m5wbnhsfbbaj0;RAÍCES AHORRO PLUS;ARS;Conservador;Horizonte a 30 días;Renta fija;-0.0657;https://www.provinciafondos.com.ar/nuestros-fondos/rx6ogk3gkm5m5wbnhsfbbaj0;2026-06-04 18:32:59.456021;El fondo invierte principalmente en instrumentos a tasa fija capitalizable emitidos por el Tesoro Nacional.;40.0;1302.0;221.0;2,7 meses;21205666582.0;2026-05-29;https://provincia-prod-api.teocoop.site/uploads/F14_05_26_9be272a77d.pdf;2026-06-04 18:33:26.233262;RAÍCES AHORRO PLUS;2026-05-29;Pesos;bajo;30 días;conservador;renta fija;21.205.666.582;1,841452;0,53%;2.21;7,23%;14,38%;13,02%;36.7;Tasa Fija Capitalizable 30 días;3,2%;0%;0%;3.2;;
rx6ogk3gkm5m5wbnhsfbbaj0;RAÍCES AHORRO PLUS;2026-05-08;Clase A;14;1812938;rx6ogk3gkm5m5wbnhsfbbaj0;RAÍCES AHORRO PLUS;ARS;Conservador;Horizonte a 30 días;Renta fija;-0.0657;https://www.provinciafondos.com.ar/nuestros-fondos/rx6ogk3gkm5m5wbnhsfbbaj0;2026-06-04 18:32:59.456021;El fondo invierte principalmente en instrumentos a tasa fija capitalizable emitidos por el Tesoro Nacional.;40.0;1302.0;221.0;2,7 meses;21205666582.0;2026-05-29;https://provincia-prod-api.teocoop.site/uploads/F14_05_26_9be272a77d.pdf;2026-06-04 18:33:26.233262;RAÍCES AHORRO PLUS;2026-05-29;Pesos;bajo;30 días;conservador;renta fija;21.205.666.582;1,841452;0,53%;2.21;7,23%;14,38%;13,02%;36.7;Tasa Fija Capitalizable 30 días;3,2%;0%;0%;3.2;;
rx6ogk3gkm5m5wbnhsfbbaj0;RAÍCES AHORRO PLUS;2026-05-07;Clase A;14;1812234;rx6ogk3gkm5m5wbnhsfbbaj0;RAÍCES AHORRO PLUS;ARS;Conservador;Horizonte a 30 días;Renta fija;-0.0657;https://www.provinciafondos.com.ar/nuestros-fondos/rx6ogk3gkm5m5wbnhsfbbaj0;2026-06-04 18:32:59.456021;El fondo invierte principalmente en instrumentos a tasa fija capitalizable emitidos por el Tesoro Nacional.;40.0;1302.0;221.0;2,7 meses;21205666582.0;2026-05-29;https://provincia-prod-api.teocoop.site/uploads/F14_05_26_9be272a77d.pdf;2026-06-04 18:33:26.233262;RAÍCES AHORRO PLUS;2026-05-29;Pesos;bajo;30 días;conservador;renta fija;21.205.666.582;1,841452;0,53%;2.21;7,23%;14,38%;13,02%;36.7;Tasa Fija Capitalizable 30 días;3,2%;0%;0%;3.2;;
rx6ogk3gkm5m5wbnhsfbbaj0;RAÍCES AHORRO PLUS;2026-05-06;Clase A;14;1810792;rx6ogk3gkm5m5wbnhsfbbaj0;RAÍCES AHORRO PLUS;ARS;Conservador;Horizonte a 30 días;Renta fija;-0.0657;https://www.provinciafondos.com.ar/nuestros-fondos/rx6ogk3gkm5m5wbnhsfbbaj0;2026-06-04 18:32:59.456021;El fondo invierte principalmente en instrumentos a tasa fija capitalizable emitidos por el Tesoro Nacional.;40.0;1302.0;221.0;2,7 meses;21205666582.0;2026-05-29;https://provincia-prod-api.teocoop.site/uploads/F14_05_26_9be272a77d.pdf;2026-06-04 18:33:26.233262;RAÍCES AHORRO PLUS;2026-05-29;Pesos;bajo;30 días;conservador;renta fija;21.205.666.582;1,841452;0,53%;2.21;7,23%;14,38%;13,02%;36.7;Tasa Fija Capitalizable 30 días;3,2%;0%;0%;3.2;;
pnlxvgys0ytcff8sx5hmozq2;RAÍCES DÓLARES PLUS;2026-06-03;Clase A;12;1301782;pnlxvgys0ytcff8sx5hmozq2;RAÍCES DÓLARES PLUS;ARS;Agresivo;Horizonte a 1 año;Renta fija;-0.089;https://www.provinciafondos.com.ar/nuestros-fondos/pnlxvgys0ytcff8sx5hmozq2;2026-06-04 18:32:59.458310;El fondo busca obtener rentabilidad en el mediano/largo plazo a través de una cartera de renta fija diversificada en dólares, cuyos emisores pueden ser soberanos, sub-soberanos, o corporativos.;108.0;439.0;109.0;31,9 meses;38641143.0;2026-05-29;https://provincia-prod-api.teocoop.site/uploads/F12_05_26_eff0172c84.pdf;2026-06-04 18:35:02.354008;RAÍCES DÓLARES PLUS;2026-05-29;Dólares;alto;1 año;agresivo;renta fija;(USD): 38.641.143;1,301687;0,47%;1.09;2,55%;6,10%;4,39%;8.91;-;0,5%;0%;0%;0.5;;
pnlxvgys0ytcff8sx5hmozq2;RAÍCES DÓLARES PLUS;2026-06-02;Clase A;12;1302942;pnlxvgys0ytcff8sx5hmozq2;RAÍCES DÓLARES PLUS;ARS;Agresivo;Horizonte a 1 año;Renta fija;-0.089;https://www.provinciafondos.com.ar/nuestros-fondos/pnlxvgys0ytcff8sx5hmozq2;2026-06-04 18:32:59.458310;El fondo busca obtener rentabilidad en el mediano/largo plazo a través de una cartera de renta fija diversificada en dólares, cuyos emisores pueden ser soberanos, sub-soberanos, o corporativos.;108.0;439.0;109.0;31,9 meses;38641143.0;2026-05-29;https://provincia-prod-api.teocoop.site/uploads/F12_05_26_eff0172c84.pdf;2026-06-04 18:35:02.354008;RAÍCES DÓLARES PLUS;2026-05-29;Dólares;alto;1 año;agresivo;renta fija;(USD): 38.641.143;1,301687;0,47%;1.09;2,55%;6,10%;4,39%;8.91;-;0,5%;0%;0%;0.5;;
pnlxvgys0ytcff8sx5hmozq2;RAÍCES DÓLARES PLUS;2026-06-01;Clase A;12;130198;pnlxvgys0ytcff8sx5hmozq2;RAÍCES DÓLARES PLUS;ARS;Agresivo;Horizonte a 1 año;Renta fija;-0.089;https://www.provinciafondos.com.ar/nuestros-fondos/pnlxvgys0ytcff8sx5hmozq2;2026-06-04 18:32:59.458310;El fondo busca obtener rentabilidad en el mediano/largo plazo a través de una cartera de renta fija diversificada en dólares, cuyos emisores pueden ser soberanos, sub-soberanos, o corporativos.;108.0;439.0;109.0;31,9 meses;38641143.0;2026-05-29;https://provincia-prod-api.teocoop.site/uploads/F12_05_26_eff0172c84.pdf;2026-06-04 18:35:02.354008;RAÍCES DÓLARES PLUS;2026-05-29;Dólares;alto;1 año;agresivo;renta fija;(USD): 38.641.143;1,301687;0,47%;1.09;2,55%;6,10%;4,39%;8.91;-;0,5%;0%;0%;0.5;;
pnlxvgys0ytcff8sx5hmozq2;RAÍCES DÓLARES PLUS;2026-05-29;Clase A;12;1301687;pnlxvgys0ytcff8sx5hmozq2;RAÍCES DÓLARES PLUS;ARS;Agresivo;Horizonte a 1 año;Renta fija;-0.089;https://www.provinciafondos.com.ar/nuestros-fondos/pnlxvgys0ytcff8sx5hmozq2;2026-06-04 18:32:59.458310;El fondo busca obtener rentabilidad en el mediano/largo plazo a través de una cartera de renta fija diversificada en dólares, cuyos emisores pueden ser soberanos, sub-soberanos, o corporativos.;108.0;439.0;109.0;31,9 meses;38641143.0;2026-05-29;https://provincia-prod-api.teocoop.site/uploads/F12_05_26_eff0172c84.pdf;2026-06-04 18:35:02.354008;RAÍCES DÓLARES PLUS;2026-05-29;Dólares;alto;1 año;agresivo;renta fija;(USD): 38.641.143;1,301687;0,47%;1.09;2,55%;6,10%;4,39%;8.91;-;0,5%;0%;0%;0.5;;
pnlxvgys0ytcff8sx5hmozq2;RAÍCES DÓLARES PLUS;2026-05-28;Clase A;12;1302619;pnlxvgys0ytcff8sx5hmozq2;RAÍCES DÓLARES PLUS;ARS;Agresivo;Horizonte a 1 año;Renta fija;-0.089;https://www.provinciafondos.com.ar/nuestros-fondos/pnlxvgys0ytcff8sx5hmozq2;2026-06-04 18:32:59.458310;El fondo busca obtener rentabilidad en el mediano/largo plazo a través de una cartera de renta fija diversificada en dólares, cuyos emisores pueden ser soberanos, sub-soberanos, o corporativos.;108.0;439.0;109.0;31,9 meses;38641143.0;2026-05-29;https://provincia-prod-api.teocoop.site/uploads/F12_05_26_eff0172c84.pdf;2026-06-04 18:35:02.354008;RAÍCES DÓLARES PLUS;2026-05-29;Dólares;alto;1 año;agresivo;renta fija;(USD): 38.641.143;1,301687;0,47%;1.09;2,55%;6,10%;4,39%;8.91;-;0,5%;0%;0%;0.5;;
pnlxvgys0ytcff8sx5hmozq2;RAÍCES DÓLARES PLUS;2026-05-27;Clase A;12;1301143;pnlxvgys0ytcff8sx5hmozq2;RAÍCES DÓLARES PLUS;ARS;Agresivo;Horizonte a 1 año;Renta fija;-0.089;https://www.provinciafondos.com.ar/nuestros-fondos/pnlxvgys0ytcff8sx5hmozq2;2026-06-04 18:32:59.458310;El fondo busca obtener rentabilidad en el mediano/largo plazo a través de una cartera de renta fija diversificada en dólares, cuyos emisores pueden ser soberanos, sub-soberanos, o corporativos.;108.0;439.0;109.0;31,9 meses;38641143.0;2026-05-29;https://provincia-prod-api.teocoop.site/uploads/F12_05_26_eff0172c84.pdf;2026-06-04 18:35:02.354008;RAÍCES DÓLARES PLUS;2026-05-29;Dólares;alto;1 año;agresivo;renta fija;(USD): 38.641.143;1,301687;0,47%;1.09;2,55%;6,10%;4,39%;8.91;-;0,5%;0%;0%;0.5;;
pnlxvgys0ytcff8sx5hmozq2;RAÍCES DÓLARES PLUS;2026-05-26;Clase A;12;1299607;pnlxvgys0ytcff8sx5hmozq2;RAÍCES DÓLARES PLUS;ARS;Agresivo;Horizonte a 1 año;Renta fija;-0.089;https://www.provinciafondos.com.ar/nuestros-fondos/pnlxvgys0ytcff8sx5hmozq2;2026-06-04 18:32:59.458310;El fondo busca obtener rentabilidad en el mediano/largo plazo a través de una cartera de renta fija diversificada en dólares, cuyos emisores pueden ser soberanos, sub-soberanos, o corporativos.;108.0;439.0;109.0;31,9 meses;38641143.0;2026-05-29;https://provincia-prod-api.teocoop.site/uploads/F12_05_26_eff0172c84.pdf;2026-06-04 18:35:02.354008;RAÍCES DÓLARES PLUS;2026-05-29;Dólares;alto;1 año;agresivo;renta fija;(USD): 38.641.143;1,301687;0,47%;1.09;2,55%;6,10%;4,39%;8.91;-;0,5%;0%;0%;0.5;;
pnlxvgys0ytcff8sx5hmozq2;RAÍCES DÓLARES PLUS;2026-05-22;Clase A;12;1295632;pnlxvgys0ytcff8sx5hmozq2;RAÍCES DÓLARES PLUS;ARS;Agresivo;Horizonte a 1 año;Renta fija;-0.089;https://www.provinciafondos.com.ar/nuestros-fondos/pnlxvgys0ytcff8sx5hmozq2;2026-06-04 18:32:59.458310;El fondo busca obtener rentabilidad en el mediano/largo plazo a través de una cartera de renta fija diversificada en dólares, cuyos emisores pueden ser soberanos, sub-soberanos, o corporativos.;108.0;439.0;109.0;31,9 meses;38641143.0;2026-05-29;https://provincia-prod-api.teocoop.site/uploads/F12_05_26_eff0172c84.pdf;2026-06-04 18:35:02.354008;RAÍCES DÓLARES PLUS;2026-05-29;Dólares;alto;1 año;agresivo;renta fija;(USD): 38.641.143;1,301687;0,47%;1.09;2,55%;6,10%;4,39%;8.91;-;0,5%;0%;0%;0.5;;
pnlxvgys0ytcff8sx5hmozq2;RAÍCES DÓLARES PLUS;2026-05-21;Clase A;12;1294249;pnlxvgys0ytcff8sx5hmozq2;RAÍCES DÓLARES PLUS;ARS;Agresivo;Horizonte a 1 año;Renta fija;-0.089;https://www.provinciafondos.com.ar/nuestros-fondos/pnlxvgys0ytcff8sx5hmozq2;2026-06-04 18:32:59.458310;El fondo busca obtener rentabilidad en el mediano/largo plazo a través de una cartera de renta fija diversificada en dólares, cuyos emisores pueden ser soberanos, sub-soberanos, o corporativos.;108.0;439.0;109.0;31,9 meses;38641143.0;2026-05-29;https://provincia-prod-api.teocoop.site/uploads/F12_05_26_eff0172c84.pdf;2026-06-04 18:35:02.354008;RAÍCES DÓLARES PLUS;2026-05-29;Dólares;alto;1 año;agresivo;renta fija;(USD): 38.641.143;1,301687;0,47%;1.09;2,55%;6,10%;4,39%;8.91;-;0,5%;0%;0%;0.5;;
pnlxvgys0ytcff8sx5hmozq2;RAÍCES DÓLARES PLUS;2026-05-20;Clase A;12;1291774;pnlxvgys0ytcff8sx5hmozq2;RAÍCES DÓLARES PLUS;ARS;Agresivo;Horizonte a 1 año;Renta fija;-0.089;https://www.provinciafondos.com.ar/nuestros-fondos/pnlxvgys0ytcff8sx5hmozq2;2026-06-04 18:32:59.458310;El fondo busca obtener rentabilidad en el mediano/largo plazo a través de una cartera de renta fija diversificada en dólares, cuyos emisores pueden ser soberanos, sub-soberanos, o corporativos.;108.0;439.0;109.0;31,9 meses;38641143.0;2026-05-29;https://provincia-prod-api.teocoop.site/uploads/F12_05_26_eff0172c84.pdf;2026-06-04 18:35:02.354008;RAÍCES DÓLARES PLUS;2026-05-29;Dólares;alto;1 año;agresivo;renta fija;(USD): 38.641.143;1,301687;0,47%;1.09;2,55%;6,10%;4,39%;8.91;-;0,5%;0%;0%;0.5;;
pnlxvgys0ytcff8sx5hmozq2;RAÍCES DÓLARES PLUS;2026-05-19;Clase A;12;1290475;pnlxvgys0ytcff8sx5hmozq2;RAÍCES DÓLARES PLUS;ARS;Agresivo;Horizonte a 1 año;Renta fija;-0.089;https://www.provinciafondos.com.ar/nuestros-fondos/pnlxvgys0ytcff8sx5hmozq2;2026-06-04 18:32:59.458310;El fondo busca obtener rentabilidad en el mediano/largo plazo a través de una cartera de renta fija diversificada en dólares, cuyos emisores pueden ser soberanos, sub-soberanos, o corporativos.;108.0;439.0;109.0;31,9 meses;38641143.0;2026-05-29;https://provincia-prod-api.teocoop.site/uploads/F12_05_26_eff0172c84.pdf;2026-06-04 18:35:02.354008;RAÍCES DÓLARES PLUS;2026-05-29;Dólares;alto;1 año;agresivo;renta fija;(USD): 38.641.143;1,301687;0,47%;1.09;2,55%;6,10%;4,39%;8.91;-;0,5%;0%;0%;0.5;;
pnlxvgys0ytcff8sx5hmozq2;RAÍCES DÓLARES PLUS;2026-05-18;Clase A;12;1290945;pnlxvgys0ytcff8sx5hmozq2;RAÍCES DÓLARES PLUS;ARS;Agresivo;Horizonte a 1 año;Renta fija;-0.089;https://www.provinciafondos.com.ar/nuestros-fondos/pnlxvgys0ytcff8sx5hmozq2;2026-06-04 18:32:59.458310;El fondo busca obtener rentabilidad en el mediano/largo plazo a través de una cartera de renta fija diversificada en dólares, cuyos emisores pueden ser soberanos, sub-soberanos, o corporativos.;108.0;439.0;109.0;31,9 meses;38641143.0;2026-05-29;https://provincia-prod-api.teocoop.site/uploads/F12_05_26_eff0172c84.pdf;2026-06-04 18:35:02.354008;RAÍCES DÓLARES PLUS;2026-05-29;Dólares;alto;1 año;agresivo;renta fija;(USD): 38.641.143;1,301687;0,47%;1.09;2,55%;6,10%;4,39%;8.91;-;0,5%;0%;0%;0.5;;
pnlxvgys0ytcff8sx5hmozq2;RAÍCES DÓLARES PLUS;2026-05-15;Clase A;12;1291805;pnlxvgys0ytcff8sx5hmozq2;RAÍCES DÓLARES PLUS;ARS;Agresivo;Horizonte a 1 año;Renta fija;-0.089;https://www.provinciafondos.com.ar/nuestros-fondos/pnlxvgys0ytcff8sx5hmozq2;2026-06-04 18:32:59.458310;El fondo busca obtener rentabilidad en el mediano/largo plazo a través de una cartera de renta fija diversificada en dólares, cuyos emisores pueden ser soberanos, sub-soberanos, o corporativos.;108.0;439.0;109.0;31,9 meses;38641143.0;2026-05-29;https://provincia-prod-api.teocoop.site/uploads/F12_05_26_eff0172c84.pdf;2026-06-04 18:35:02.354008;RAÍCES DÓLARES PLUS;2026-05-29;Dólares;alto;1 año;agresivo;renta fija;(USD): 38.641.143;1,301687;0,47%;1.09;2,55%;6,10%;4,39%;8.91;-;0,5%;0%;0%;0.5;;
pnlxvgys0ytcff8sx5hmozq2;RAÍCES DÓLARES PLUS;2026-05-14;Clase A;12;1295727;pnlxvgys0ytcff8sx5hmozq2;RAÍCES DÓLARES PLUS;ARS;Agresivo;Horizonte a 1 año;Renta fija;-0.089;https://www.provinciafondos.com.ar/nuestros-fondos/pnlxvgys0ytcff8sx5hmozq2;2026-06-04 18:32:59.458310;El fondo busca obtener rentabilidad en el mediano/largo plazo a través de una cartera de renta fija diversificada en dólares, cuyos emisores pueden ser soberanos, sub-soberanos, o corporativos.;108.0;439.0;109.0;31,9 meses;38641143.0;2026-05-29;https://provincia-prod-api.teocoop.site/uploads/F12_05_26_eff0172c84.pdf;2026-06-04 18:35:02.354008;RAÍCES DÓLARES PLUS;2026-05-29;Dólares;alto;1 año;agresivo;renta fija;(USD): 38.641.143;1,301687;0,47%;1.09;2,55%;6,10%;4,39%;8.91;-;0,5%;0%;0%;0.5;;
pnlxvgys0ytcff8sx5hmozq2;RAÍCES DÓLARES PLUS;2026-05-13;Clase A;12;1296073;pnlxvgys0ytcff8sx5hmozq2;RAÍCES DÓLARES PLUS;ARS;Agresivo;Horizonte a 1 año;Renta fija;-0.089;https://www.provinciafondos.com.ar/nuestros-fondos/pnlxvgys0ytcff8sx5hmozq2;2026-06-04 18:32:59.458310;El fondo busca obtener rentabilidad en el mediano/largo plazo a través de una cartera de renta fija diversificada en dólares, cuyos emisores pueden ser soberanos, sub-soberanos, o corporativos.;108.0;439.0;109.0;31,9 meses;38641143.0;2026-05-29;https://provincia-prod-api.teocoop.site/uploads/F12_05_26_eff0172c84.pdf;2026-06-04 18:35:02.354008;RAÍCES DÓLARES PLUS;2026-05-29;Dólares;alto;1 año;agresivo;renta fija;(USD): 38.641.143;1,301687;0,47%;1.09;2,55%;6,10%;4,39%;8.91;-;0,5%;0%;0%;0.5;;
pnlxvgys0ytcff8sx5hmozq2;RAÍCES DÓLARES PLUS;2026-05-12;Clase A;12;1298511;pnlxvgys0ytcff8sx5hmozq2;RAÍCES DÓLARES PLUS;ARS;Agresivo;Horizonte a 1 año;Renta fija;-0.089;https://www.provinciafondos.com.ar/nuestros-fondos/pnlxvgys0ytcff8sx5hmozq2;2026-06-04 18:32:59.458310;El fondo busca obtener rentabilidad en el mediano/largo plazo a través de una cartera de renta fija diversificada en dólares, cuyos emisores pueden ser soberanos, sub-soberanos, o corporativos.;108.0;439.0;109.0;31,9 meses;38641143.0;2026-05-29;https://provincia-prod-api.teocoop.site/uploads/F12_05_26_eff0172c84.pdf;2026-06-04 18:35:02.354008;RAÍCES DÓLARES PLUS;2026-05-29;Dólares;alto;1 año;agresivo;renta fija;(USD): 38.641.143;1,301687;0,47%;1.09;2,55%;6,10%;4,39%;8.91;-;0,5%;0%;0%;0.5;;
pnlxvgys0ytcff8sx5hmozq2;RAÍCES DÓLARES PLUS;2026-05-11;Clase A;12;1301125;pnlxvgys0ytcff8sx5hmozq2;RAÍCES DÓLARES PLUS;ARS;Agresivo;Horizonte a 1 año;Renta fija;-0.089;https://www.provinciafondos.com.ar/nuestros-fondos/pnlxvgys0ytcff8sx5hmozq2;2026-06-04 18:32:59.458310;El fondo busca obtener rentabilidad en el mediano/largo plazo a través de una cartera de renta fija diversificada en dólares, cuyos emisores pueden ser soberanos, sub-soberanos, o corporativos.;108.0;439.0;109.0;31,9 meses;38641143.0;2026-05-29;https://provincia-prod-api.teocoop.site/uploads/F12_05_26_eff0172c84.pdf;2026-06-04 18:35:02.354008;RAÍCES DÓLARES PLUS;2026-05-29;Dólares;alto;1 año;agresivo;renta fija;(USD): 38.641.143;1,301687;0,47%;1.09;2,55%;6,10%;4,39%;8.91;-;0,5%;0%;0%;0.5;;
pnlxvgys0ytcff8sx5hmozq2;RAÍCES DÓLARES PLUS;2026-05-08;Clase A;12;1297237;pnlxvgys0ytcff8sx5hmozq2;RAÍCES DÓLARES PLUS;ARS;Agresivo;Horizonte a 1 año;Renta fija;-0.089;https://www.provinciafondos.com.ar/nuestros-fondos/pnlxvgys0ytcff8sx5hmozq2;2026-06-04 18:32:59.458310;El fondo busca obtener rentabilidad en el mediano/largo plazo a través de una cartera de renta fija diversificada en dólares, cuyos emisores pueden ser soberanos, sub-soberanos, o corporativos.;108.0;439.0;109.0;31,9 meses;38641143.0;2026-05-29;https://provincia-prod-api.teocoop.site/uploads/F12_05_26_eff0172c84.pdf;2026-06-04 18:35:02.354008;RAÍCES DÓLARES PLUS;2026-05-29;Dólares;alto;1 año;agresivo;renta fija;(USD): 38.641.143;1,301687;0,47%;1.09;2,55%;6,10%;4,39%;8.91;-;0,5%;0%;0%;0.5;;
pnlxvgys0ytcff8sx5hmozq2;RAÍCES DÓLARES PLUS;2026-05-07;Clase A;12;1294719;pnlxvgys0ytcff8sx5hmozq2;RAÍCES DÓLARES PLUS;ARS;Agresivo;Horizonte a 1 año;Renta fija;-0.089;https://www.provinciafondos.com.ar/nuestros-fondos/pnlxvgys0ytcff8sx5hmozq2;2026-06-04 18:32:59.458310;El fondo busca obtener rentabilidad en el mediano/largo plazo a través de una cartera de renta fija diversificada en dólares, cuyos emisores pueden ser soberanos, sub-soberanos, o corporativos.;108.0;439.0;109.0;31,9 meses;38641143.0;2026-05-29;https://provincia-prod-api.teocoop.site/uploads/F12_05_26_eff0172c84.pdf;2026-06-04 18:35:02.354008;RAÍCES DÓLARES PLUS;2026-05-29;Dólares;alto;1 año;agresivo;renta fija;(USD): 38.641.143;1,301687;0,47%;1.09;2,55%;6,10%;4,39%;8.91;-;0,5%;0%;0%;0.5;;
pnlxvgys0ytcff8sx5hmozq2;RAÍCES DÓLARES PLUS;2026-05-06;Clase A;12;1292876;pnlxvgys0ytcff8sx5hmozq2;RAÍCES DÓLARES PLUS;ARS;Agresivo;Horizonte a 1 año;Renta fija;-0.089;https://www.provinciafondos.com.ar/nuestros-fondos/pnlxvgys0ytcff8sx5hmozq2;2026-06-04 18:32:59.458310;El fondo busca obtener rentabilidad en el mediano/largo plazo a través de una cartera de renta fija diversificada en dólares, cuyos emisores pueden ser soberanos, sub-soberanos, o corporativos.;108.0;439.0;109.0;31,9 meses;38641143.0;2026-05-29;https://provincia-prod-api.teocoop.site/uploads/F12_05_26_eff0172c84.pdf;2026-06-04 18:35:02.354008;RAÍCES DÓLARES PLUS;2026-05-29;Dólares;alto;1 año;agresivo;renta fija;(USD): 38.641.143;1,301687;0,47%;1.09;2,55%;6,10%;4,39%;8.91;-;0,5%;0%;0%;0.5;;
pnlxvgys0ytcff8sx5hmozq2;RAÍCES DÓLARES PLUS;2026-06-03;Clase A;12;1301782;pnlxvgys0ytcff8sx5hmozq2;RAÍCES DÓLARES PLUS;ARS;Agresivo;Horizonte a 1 año;Renta fija;-0.089;https://www.provinciafondos.com.ar/nuestros-fondos/pnlxvgys0ytcff8sx5hmozq2;2026-06-04 18:32:59.458310;El fondo busca obtener rentabilidad en el mediano/largo plazo a través de una cartera de renta fija diversificada en dólares, cuyos emisores pueden ser soberanos, sub-soberanos, o corporativos.;108.0;439.0;109.0;31,9 meses;38641143.0;2026-05-29;https://provincia-prod-api.teocoop.site/uploads/F12_05_26_eff0172c84.pdf;2026-06-04 18:35:02.354008;RAÍCES DÓLARES PLUS;2026-05-29;Dólares;alto;1 año;agresivo;renta fija;(USD): 38.641.143;1,301687;0,47%;1.09;2,55%;6,10%;4,39%;8.91;-;0,5%;0%;0%;0.5;;
pnlxvgys0ytcff8sx5hmozq2;RAÍCES DÓLARES PLUS;2026-06-02;Clase A;12;1302942;pnlxvgys0ytcff8sx5hmozq2;RAÍCES DÓLARES PLUS;ARS;Agresivo;Horizonte a 1 año;Renta fija;-0.089;https://www.provinciafondos.com.ar/nuestros-fondos/pnlxvgys0ytcff8sx5hmozq2;2026-06-04 18:32:59.458310;El fondo busca obtener rentabilidad en el mediano/largo plazo a través de una cartera de renta fija diversificada en dólares, cuyos emisores pueden ser soberanos, sub-soberanos, o corporativos.;108.0;439.0;109.0;31,9 meses;38641143.0;2026-05-29;https://provincia-prod-api.teocoop.site/uploads/F12_05_26_eff0172c84.pdf;2026-06-04 18:35:02.354008;RAÍCES DÓLARES PLUS;2026-05-29;Dólares;alto;1 año;agresivo;renta fija;(USD): 38.641.143;1,301687;0,47%;1.09;2,55%;6,10%;4,39%;8.91;-;0,5%;0%;0%;0.5;;
pnlxvgys0ytcff8sx5hmozq2;RAÍCES DÓLARES PLUS;2026-06-01;Clase A;12;130198;pnlxvgys0ytcff8sx5hmozq2;RAÍCES DÓLARES PLUS;ARS;Agresivo;Horizonte a 1 año;Renta fija;-0.089;https://www.provinciafondos.com.ar/nuestros-fondos/pnlxvgys0ytcff8sx5hmozq2;2026-06-04 18:32:59.458310;El fondo busca obtener rentabilidad en el mediano/largo plazo a través de una cartera de renta fija diversificada en dólares, cuyos emisores pueden ser soberanos, sub-soberanos, o corporativos.;108.0;439.0;109.0;31,9 meses;38641143.0;2026-05-29;https://provincia-prod-api.teocoop.site/uploads/F12_05_26_eff0172c84.pdf;2026-06-04 18:35:02.354008;RAÍCES DÓLARES PLUS;2026-05-29;Dólares;alto;1 año;agresivo;renta fija;(USD): 38.641.143;1,301687;0,47%;1.09;2,55%;6,10%;4,39%;8.91;-;0,5%;0%;0%;0.5;;
pnlxvgys0ytcff8sx5hmozq2;RAÍCES DÓLARES PLUS;2026-05-29;Clase A;12;1301687;pnlxvgys0ytcff8sx5hmozq2;RAÍCES DÓLARES PLUS;ARS;Agresivo;Horizonte a 1 año;Renta fija;-0.089;https://www.provinciafondos.com.ar/nuestros-fondos/pnlxvgys0ytcff8sx5hmozq2;2026-06-04 18:32:59.458310;El fondo busca obtener rentabilidad en el mediano/largo plazo a través de una cartera de renta fija diversificada en dólares, cuyos emisores pueden ser soberanos, sub-soberanos, o corporativos.;108.0;439.0;109.0;31,9 meses;38641143.0;2026-05-29;https://provincia-prod-api.teocoop.site/uploads/F12_05_26_eff0172c84.pdf;2026-06-04 18:35:02.354008;RAÍCES DÓLARES PLUS;2026-05-29;Dólares;alto;1 año;agresivo;renta fija;(USD): 38.641.143;1,301687;0,47%;1.09;2,55%;6,10%;4,39%;8.91;-;0,5%;0%;0%;0.5;;
pnlxvgys0ytcff8sx5hmozq2;RAÍCES DÓLARES PLUS;2026-05-28;Clase A;12;1302619;pnlxvgys0ytcff8sx5hmozq2;RAÍCES DÓLARES PLUS;ARS;Agresivo;Horizonte a 1 año;Renta fija;-0.089;https://www.provinciafondos.com.ar/nuestros-fondos/pnlxvgys0ytcff8sx5hmozq2;2026-06-04 18:32:59.458310;El fondo busca obtener rentabilidad en el mediano/largo plazo a través de una cartera de renta fija diversificada en dólares, cuyos emisores pueden ser soberanos, sub-soberanos, o corporativos.;108.0;439.0;109.0;31,9 meses;38641143.0;2026-05-29;https://provincia-prod-api.teocoop.site/uploads/F12_05_26_eff0172c84.pdf;2026-06-04 18:35:02.354008;RAÍCES DÓLARES PLUS;2026-05-29;Dólares;alto;1 año;agresivo;renta fija;(USD): 38.641.143;1,301687;0,47%;1.09;2,55%;6,10%;4,39%;8.91;-;0,5%;0%;0%;0.5;;
pnlxvgys0ytcff8sx5hmozq2;RAÍCES DÓLARES PLUS;2026-05-27;Clase A;12;1301143;pnlxvgys0ytcff8sx5hmozq2;RAÍCES DÓLARES PLUS;ARS;Agresivo;Horizonte a 1 año;Renta fija;-0.089;https://www.provinciafondos.com.ar/nuestros-fondos/pnlxvgys0ytcff8sx5hmozq2;2026-06-04 18:32:59.458310;El fondo busca obtener rentabilidad en el mediano/largo plazo a través de una cartera de renta fija diversificada en dólares, cuyos emisores pueden ser soberanos, sub-soberanos, o corporativos.;108.0;439.0;109.0;31,9 meses;38641143.0;2026-05-29;https://provincia-prod-api.teocoop.site/uploads/F12_05_26_eff0172c84.pdf;2026-06-04 18:35:02.354008;RAÍCES DÓLARES PLUS;2026-05-29;Dólares;alto;1 año;agresivo;renta fija;(USD): 38.641.143;1,301687;0,47%;1.09;2,55%;6,10%;4,39%;8.91;-;0,5%;0%;0%;0.5;;
pnlxvgys0ytcff8sx5hmozq2;RAÍCES DÓLARES PLUS;2026-05-26;Clase A;12;1299607;pnlxvgys0ytcff8sx5hmozq2;RAÍCES DÓLARES PLUS;ARS;Agresivo;Horizonte a 1 año;Renta fija;-0.089;https://www.provinciafondos.com.ar/nuestros-fondos/pnlxvgys0ytcff8sx5hmozq2;2026-06-04 18:32:59.458310;El fondo busca obtener rentabilidad en el mediano/largo plazo a través de una cartera de renta fija diversificada en dólares, cuyos emisores pueden ser soberanos, sub-soberanos, o corporativos.;108.0;439.0;109.0;31,9 meses;38641143.0;2026-05-29;https://provincia-prod-api.teocoop.site/uploads/F12_05_26_eff0172c84.pdf;2026-06-04 18:35:02.354008;RAÍCES DÓLARES PLUS;2026-05-29;Dólares;alto;1 año;agresivo;renta fija;(USD): 38.641.143;1,301687;0,47%;1.09;2,55%;6,10%;4,39%;8.91;-;0,5%;0%;0%;0.5;;
pnlxvgys0ytcff8sx5hmozq2;RAÍCES DÓLARES PLUS;2026-05-22;Clase A;12;1295632;pnlxvgys0ytcff8sx5hmozq2;RAÍCES DÓLARES PLUS;ARS;Agresivo;Horizonte a 1 año;Renta fija;-0.089;https://www.provinciafondos.com.ar/nuestros-fondos/pnlxvgys0ytcff8sx5hmozq2;2026-06-04 18:32:59.458310;El fondo busca obtener rentabilidad en el mediano/largo plazo a través de una cartera de renta fija diversificada en dólares, cuyos emisores pueden ser soberanos, sub-soberanos, o corporativos.;108.0;439.0;109.0;31,9 meses;38641143.0;2026-05-29;https://provincia-prod-api.teocoop.site/uploads/F12_05_26_eff0172c84.pdf;2026-06-04 18:35:02.354008;RAÍCES DÓLARES PLUS;2026-05-29;Dólares;alto;1 año;agresivo;renta fija;(USD): 38.641.143;1,301687;0,47%;1.09;2,55%;6,10%;4,39%;8.91;-;0,5%;0%;0%;0.5;;
pnlxvgys0ytcff8sx5hmozq2;RAÍCES DÓLARES PLUS;2026-05-21;Clase A;12;1294249;pnlxvgys0ytcff8sx5hmozq2;RAÍCES DÓLARES PLUS;ARS;Agresivo;Horizonte a 1 año;Renta fija;-0.089;https://www.provinciafondos.com.ar/nuestros-fondos/pnlxvgys0ytcff8sx5hmozq2;2026-06-04 18:32:59.458310;El fondo busca obtener rentabilidad en el mediano/largo plazo a través de una cartera de renta fija diversificada en dólares, cuyos emisores pueden ser soberanos, sub-soberanos, o corporativos.;108.0;439.0;109.0;31,9 meses;38641143.0;2026-05-29;https://provincia-prod-api.teocoop.site/uploads/F12_05_26_eff0172c84.pdf;2026-06-04 18:35:02.354008;RAÍCES DÓLARES PLUS;2026-05-29;Dólares;alto;1 año;agresivo;renta fija;(USD): 38.641.143;1,301687;0,47%;1.09;2,55%;6,10%;4,39%;8.91;-;0,5%;0%;0%;0.5;;
pnlxvgys0ytcff8sx5hmozq2;RAÍCES DÓLARES PLUS;2026-05-20;Clase A;12;1291774;pnlxvgys0ytcff8sx5hmozq2;RAÍCES DÓLARES PLUS;ARS;Agresivo;Horizonte a 1 año;Renta fija;-0.089;https://www.provinciafondos.com.ar/nuestros-fondos/pnlxvgys0ytcff8sx5hmozq2;2026-06-04 18:32:59.458310;El fondo busca obtener rentabilidad en el mediano/largo plazo a través de una cartera de renta fija diversificada en dólares, cuyos emisores pueden ser soberanos, sub-soberanos, o corporativos.;108.0;439.0;109.0;31,9 meses;38641143.0;2026-05-29;https://provincia-prod-api.teocoop.site/uploads/F12_05_26_eff0172c84.pdf;2026-06-04 18:35:02.354008;RAÍCES DÓLARES PLUS;2026-05-29;Dólares;alto;1 año;agresivo;renta fija;(USD): 38.641.143;1,301687;0,47%;1.09;2,55%;6,10%;4,39%;8.91;-;0,5%;0%;0%;0.5;;
pnlxvgys0ytcff8sx5hmozq2;RAÍCES DÓLARES PLUS;2026-05-19;Clase A;12;1290475;pnlxvgys0ytcff8sx5hmozq2;RAÍCES DÓLARES PLUS;ARS;Agresivo;Horizonte a 1 año;Renta fija;-0.089;https://www.provinciafondos.com.ar/nuestros-fondos/pnlxvgys0ytcff8sx5hmozq2;2026-06-04 18:32:59.458310;El fondo busca obtener rentabilidad en el mediano/largo plazo a través de una cartera de renta fija diversificada en dólares, cuyos emisores pueden ser soberanos, sub-soberanos, o corporativos.;108.0;439.0;109.0;31,9 meses;38641143.0;2026-05-29;https://provincia-prod-api.teocoop.site/uploads/F12_05_26_eff0172c84.pdf;2026-06-04 18:35:02.354008;RAÍCES DÓLARES PLUS;2026-05-29;Dólares;alto;1 año;agresivo;renta fija;(USD): 38.641.143;1,301687;0,47%;1.09;2,55%;6,10%;4,39%;8.91;-;0,5%;0%;0%;0.5;;
pnlxvgys0ytcff8sx5hmozq2;RAÍCES DÓLARES PLUS;2026-05-18;Clase A;12;1290945;pnlxvgys0ytcff8sx5hmozq2;RAÍCES DÓLARES PLUS;ARS;Agresivo;Horizonte a 1 año;Renta fija;-0.089;https://www.provinciafondos.com.ar/nuestros-fondos/pnlxvgys0ytcff8sx5hmozq2;2026-06-04 18:32:59.458310;El fondo busca obtener rentabilidad en el mediano/largo plazo a través de una cartera de renta fija diversificada en dólares, cuyos emisores pueden ser soberanos, sub-soberanos, o corporativos.;108.0;439.0;109.0;31,9 meses;38641143.0;2026-05-29;https://provincia-prod-api.teocoop.site/uploads/F12_05_26_eff0172c84.pdf;2026-06-04 18:35:02.354008;RAÍCES DÓLARES PLUS;2026-05-29;Dólares;alto;1 año;agresivo;renta fija;(USD): 38.641.143;1,301687;0,47%;1.09;2,55%;6,10%;4,39%;8.91;-;0,5%;0%;0%;0.5;;
pnlxvgys0ytcff8sx5hmozq2;RAÍCES DÓLARES PLUS;2026-05-15;Clase A;12;1291805;pnlxvgys0ytcff8sx5hmozq2;RAÍCES DÓLARES PLUS;ARS;Agresivo;Horizonte a 1 año;Renta fija;-0.089;https://www.provinciafondos.com.ar/nuestros-fondos/pnlxvgys0ytcff8sx5hmozq2;2026-06-04 18:32:59.458310;El fondo busca obtener rentabilidad en el mediano/largo plazo a través de una cartera de renta fija diversificada en dólares, cuyos emisores pueden ser soberanos, sub-soberanos, o corporativos.;108.0;439.0;109.0;31,9 meses;38641143.0;2026-05-29;https://provincia-prod-api.teocoop.site/uploads/F12_05_26_eff0172c84.pdf;2026-06-04 18:35:02.354008;RAÍCES DÓLARES PLUS;2026-05-29;Dólares;alto;1 año;agresivo;renta fija;(USD): 38.641.143;1,301687;0,47%;1.09;2,55%;6,10%;4,39%;8.91;-;0,5%;0%;0%;0.5;;
pnlxvgys0ytcff8sx5hmozq2;RAÍCES DÓLARES PLUS;2026-05-14;Clase A;12;1295727;pnlxvgys0ytcff8sx5hmozq2;RAÍCES DÓLARES PLUS;ARS;Agresivo;Horizonte a 1 año;Renta fija;-0.089;https://www.provinciafondos.com.ar/nuestros-fondos/pnlxvgys0ytcff8sx5hmozq2;2026-06-04 18:32:59.458310;El fondo busca obtener rentabilidad en el mediano/largo plazo a través de una cartera de renta fija diversificada en dólares, cuyos emisores pueden ser soberanos, sub-soberanos, o corporativos.;108.0;439.0;109.0;31,9 meses;38641143.0;2026-05-29;https://provincia-prod-api.teocoop.site/uploads/F12_05_26_eff0172c84.pdf;2026-06-04 18:35:02.354008;RAÍCES DÓLARES PLUS;2026-05-29;Dólares;alto;1 año;agresivo;renta fija;(USD): 38.641.143;1,301687;0,47%;1.09;2,55%;6,10%;4,39%;8.91;-;0,5%;0%;0%;0.5;;
pnlxvgys0ytcff8sx5hmozq2;RAÍCES DÓLARES PLUS;2026-05-13;Clase A;12;1296073;pnlxvgys0ytcff8sx5hmozq2;RAÍCES DÓLARES PLUS;ARS;Agresivo;Horizonte a 1 año;Renta fija;-0.089;https://www.provinciafondos.com.ar/nuestros-fondos/pnlxvgys0ytcff8sx5hmozq2;2026-06-04 18:32:59.458310;El fondo busca obtener rentabilidad en el mediano/largo plazo a través de una cartera de renta fija diversificada en dólares, cuyos emisores pueden ser soberanos, sub-soberanos, o corporativos.;108.0;439.0;109.0;31,9 meses;38641143.0;2026-05-29;https://provincia-prod-api.teocoop.site/uploads/F12_05_26_eff0172c84.pdf;2026-06-04 18:35:02.354008;RAÍCES DÓLARES PLUS;2026-05-29;Dólares;alto;1 año;agresivo;renta fija;(USD): 38.641.143;1,301687;0,47%;1.09;2,55%;6,10%;4,39%;8.91;-;0,5%;0%;0%;0.5;;
pnlxvgys0ytcff8sx5hmozq2;RAÍCES DÓLARES PLUS;2026-05-12;Clase A;12;1298511;pnlxvgys0ytcff8sx5hmozq2;RAÍCES DÓLARES PLUS;ARS;Agresivo;Horizonte a 1 año;Renta fija;-0.089;https://www.provinciafondos.com.ar/nuestros-fondos/pnlxvgys0ytcff8sx5hmozq2;2026-06-04 18:32:59.458310;El fondo busca obtener rentabilidad en el mediano/largo plazo a través de una cartera de renta fija diversificada en dólares, cuyos emisores pueden ser soberanos, sub-soberanos, o corporativos.;108.0;439.0;109.0;31,9 meses;38641143.0;2026-05-29;https://provincia-prod-api.teocoop.site/uploads/F12_05_26_eff0172c84.pdf;2026-06-04 18:35:02.354008;RAÍCES DÓLARES PLUS;2026-05-29;Dólares;alto;1 año;agresivo;renta fija;(USD): 38.641.143;1,301687;0,47%;1.09;2,55%;6,10%;4,39%;8.91;-;0,5%;0%;0%;0.5;;
pnlxvgys0ytcff8sx5hmozq2;RAÍCES DÓLARES PLUS;2026-05-11;Clase A;12;1301125;pnlxvgys0ytcff8sx5hmozq2;RAÍCES DÓLARES PLUS;ARS;Agresivo;Horizonte a 1 año;Renta fija;-0.089;https://www.provinciafondos.com.ar/nuestros-fondos/pnlxvgys0ytcff8sx5hmozq2;2026-06-04 18:32:59.458310;El fondo busca obtener rentabilidad en el mediano/largo plazo a través de una cartera de renta fija diversificada en dólares, cuyos emisores pueden ser soberanos, sub-soberanos, o corporativos.;108.0;439.0;109.0;31,9 meses;38641143.0;2026-05-29;https://provincia-prod-api.teocoop.site/uploads/F12_05_26_eff0172c84.pdf;2026-06-04 18:35:02.354008;RAÍCES DÓLARES PLUS;2026-05-29;Dólares;alto;1 año;agresivo;renta fija;(USD): 38.641.143;1,301687;0,47%;1.09;2,55%;6,10%;4,39%;8.91;-;0,5%;0%;0%;0.5;;
pnlxvgys0ytcff8sx5hmozq2;RAÍCES DÓLARES PLUS;2026-05-08;Clase A;12;1297237;pnlxvgys0ytcff8sx5hmozq2;RAÍCES DÓLARES PLUS;ARS;Agresivo;Horizonte a 1 año;Renta fija;-0.089;https://www.provinciafondos.com.ar/nuestros-fondos/pnlxvgys0ytcff8sx5hmozq2;2026-06-04 18:32:59.458310;El fondo busca obtener rentabilidad en el mediano/largo plazo a través de una cartera de renta fija diversificada en dólares, cuyos emisores pueden ser soberanos, sub-soberanos, o corporativos.;108.0;439.0;109.0;31,9 meses;38641143.0;2026-05-29;https://provincia-prod-api.teocoop.site/uploads/F12_05_26_eff0172c84.pdf;2026-06-04 18:35:02.354008;RAÍCES DÓLARES PLUS;2026-05-29;Dólares;alto;1 año;agresivo;renta fija;(USD): 38.641.143;1,301687;0,47%;1.09;2,55%;6,10%;4,39%;8.91;-;0,5%;0%;0%;0.5;;
pnlxvgys0ytcff8sx5hmozq2;RAÍCES DÓLARES PLUS;2026-05-07;Clase A;12;1294719;pnlxvgys0ytcff8sx5hmozq2;RAÍCES DÓLARES PLUS;ARS;Agresivo;Horizonte a 1 año;Renta fija;-0.089;https://www.provinciafondos.com.ar/nuestros-fondos/pnlxvgys0ytcff8sx5hmozq2;2026-06-04 18:32:59.458310;El fondo busca obtener rentabilidad en el mediano/largo plazo a través de una cartera de renta fija diversificada en dólares, cuyos emisores pueden ser soberanos, sub-soberanos, o corporativos.;108.0;439.0;109.0;31,9 meses;38641143.0;2026-05-29;https://provincia-prod-api.teocoop.site/uploads/F12_05_26_eff0172c84.pdf;2026-06-04 18:35:02.354008;RAÍCES DÓLARES PLUS;2026-05-29;Dólares;alto;1 año;agresivo;renta fija;(USD): 38.641.143;1,301687;0,47%;1.09;2,55%;6,10%;4,39%;8.91;-;0,5%;0%;0%;0.5;;
pnlxvgys0ytcff8sx5hmozq2;RAÍCES DÓLARES PLUS;2026-05-06;Clase A;12;1292876;pnlxvgys0ytcff8sx5hmozq2;RAÍCES DÓLARES PLUS;ARS;Agresivo;Horizonte a 1 año;Renta fija;-0.089;https://www.provinciafondos.com.ar/nuestros-fondos/pnlxvgys0ytcff8sx5hmozq2;2026-06-04 18:32:59.458310;El fondo busca obtener rentabilidad en el mediano/largo plazo a través de una cartera de renta fija diversificada en dólares, cuyos emisores pueden ser soberanos, sub-soberanos, o corporativos.;108.0;439.0;109.0;31,9 meses;38641143.0;2026-05-29;https://provincia-prod-api.teocoop.site/uploads/F12_05_26_eff0172c84.pdf;2026-06-04 18:35:02.354008;RAÍCES DÓLARES PLUS;2026-05-29;Dólares;alto;1 año;agresivo;renta fija;(USD): 38.641.143;1,301687;0,47%;1.09;2,55%;6,10%;4,39%;8.91;-;0,5%;0%;0%;0.5;;
pgzqbxx6azd042ya4vcg788r;RAÍCES FIDEICOMISOS;2026-06-03;Clase A;9;225671232;pgzqbxx6azd042ya4vcg788r;RAÍCES FIDEICOMISOS;ARS;Conservador;Horizonte a 30 días;Renta fija;0.0543;https://www.provinciafondos.com.ar/nuestros-fondos/pgzqbxx6azd042ya4vcg788r;2026-06-04 18:32:59.455687;Este fondo está integrado, principalmente, por fideicomisos financieros con oferta pública. Constituye una alternativa de inversión diversificada para aquellos inversores que buscan posicionarse en fideicomisos financieros.;21.0;1413.0;195.0;3,9 meses;221010412752.0;2026-05-29;https://provincia-prod-api.teocoop.site/uploads/F9_05_26_76f5501a34.pdf;2026-06-04 18:33:15.337166;RAÍCES FIDEICOMISOS;2026-05-29;Pesos;bajo;30 días;conservador;renta fija;221.010.412.752;225,262007;0,40%;1.95;7,72%;18,19%;14,13%;46.46;Tasa Tamar;0,9%;3,3%;0%;0.9;;
pgzqbxx6azd042ya4vcg788r;RAÍCES FIDEICOMISOS;2026-06-02;Clase A;9;225548862;pgzqbxx6azd042ya4vcg788r;RAÍCES FIDEICOMISOS;ARS;Conservador;Horizonte a 30 días;Renta fija;0.0543;https://www.provinciafondos.com.ar/nuestros-fondos/pgzqbxx6azd042ya4vcg788r;2026-06-04 18:32:59.455687;Este fondo está integrado, principalmente, por fideicomisos financieros con oferta pública. Constituye una alternativa de inversión diversificada para aquellos inversores que buscan posicionarse en fideicomisos financieros.;21.0;1413.0;195.0;3,9 meses;221010412752.0;2026-05-29;https://provincia-prod-api.teocoop.site/uploads/F9_05_26_76f5501a34.pdf;2026-06-04 18:33:15.337166;RAÍCES FIDEICOMISOS;2026-05-29;Pesos;bajo;30 días;conservador;renta fija;221.010.412.752;225,262007;0,40%;1.95;7,72%;18,19%;14,13%;46.46;Tasa Tamar;0,9%;3,3%;0%;0.9;;
pgzqbxx6azd042ya4vcg788r;RAÍCES FIDEICOMISOS;2026-06-01;Clase A;9;225414188;pgzqbxx6azd042ya4vcg788r;RAÍCES FIDEICOMISOS;ARS;Conservador;Horizonte a 30 días;Renta fija;0.0543;https://www.provinciafondos.com.ar/nuestros-fondos/pgzqbxx6azd042ya4vcg788r;2026-06-04 18:32:59.455687;Este fondo está integrado, principalmente, por fideicomisos financieros con oferta pública. Constituye una alternativa de inversión diversificada para aquellos inversores que buscan posicionarse en fideicomisos financieros.;21.0;1413.0;195.0;3,9 meses;221010412752.0;2026-05-29;https://provincia-prod-api.teocoop.site/uploads/F9_05_26_76f5501a34.pdf;2026-06-04 18:33:15.337166;RAÍCES FIDEICOMISOS;2026-05-29;Pesos;bajo;30 días;conservador;renta fija;221.010.412.752;225,262007;0,40%;1.95;7,72%;18,19%;14,13%;46.46;Tasa Tamar;0,9%;3,3%;0%;0.9;;
pgzqbxx6azd042ya4vcg788r;RAÍCES FIDEICOMISOS;2026-05-29;Clase A;9;225262007;pgzqbxx6azd042ya4vcg788r;RAÍCES FIDEICOMISOS;ARS;Conservador;Horizonte a 30 días;Renta fija;0.0543;https://www.provinciafondos.com.ar/nuestros-fondos/pgzqbxx6azd042ya4vcg788r;2026-06-04 18:32:59.455687;Este fondo está integrado, principalmente, por fideicomisos financieros con oferta pública. Constituye una alternativa de inversión diversificada para aquellos inversores que buscan posicionarse en fideicomisos financieros.;21.0;1413.0;195.0;3,9 meses;221010412752.0;2026-05-29;https://provincia-prod-api.teocoop.site/uploads/F9_05_26_76f5501a34.pdf;2026-06-04 18:33:15.337166;RAÍCES FIDEICOMISOS;2026-05-29;Pesos;bajo;30 días;conservador;renta fija;221.010.412.752;225,262007;0,40%;1.95;7,72%;18,19%;14,13%;46.46;Tasa Tamar;0,9%;3,3%;0%;0.9;;
pgzqbxx6azd042ya4vcg788r;RAÍCES FIDEICOMISOS;2026-05-28;Clase A;9;224783131;pgzqbxx6azd042ya4vcg788r;RAÍCES FIDEICOMISOS;ARS;Conservador;Horizonte a 30 días;Renta fija;0.0543;https://www.provinciafondos.com.ar/nuestros-fondos/pgzqbxx6azd042ya4vcg788r;2026-06-04 18:32:59.455687;Este fondo está integrado, principalmente, por fideicomisos financieros con oferta pública. Constituye una alternativa de inversión diversificada para aquellos inversores que buscan posicionarse en fideicomisos financieros.;21.0;1413.0;195.0;3,9 meses;221010412752.0;2026-05-29;https://provincia-prod-api.teocoop.site/uploads/F9_05_26_76f5501a34.pdf;2026-06-04 18:33:15.337166;RAÍCES FIDEICOMISOS;2026-05-29;Pesos;bajo;30 días;conservador;renta fija;221.010.412.752;225,262007;0,40%;1.95;7,72%;18,19%;14,13%;46.46;Tasa Tamar;0,9%;3,3%;0%;0.9;;
pgzqbxx6azd042ya4vcg788r;RAÍCES FIDEICOMISOS;2026-05-27;Clase A;9;224636256;pgzqbxx6azd042ya4vcg788r;RAÍCES FIDEICOMISOS;ARS;Conservador;Horizonte a 30 días;Renta fija;0.0543;https://www.provinciafondos.com.ar/nuestros-fondos/pgzqbxx6azd042ya4vcg788r;2026-06-04 18:32:59.455687;Este fondo está integrado, principalmente, por fideicomisos financieros con oferta pública. Constituye una alternativa de inversión diversificada para aquellos inversores que buscan posicionarse en fideicomisos financieros.;21.0;1413.0;195.0;3,9 meses;221010412752.0;2026-05-29;https://provincia-prod-api.teocoop.site/uploads/F9_05_26_76f5501a34.pdf;2026-06-04 18:33:15.337166;RAÍCES FIDEICOMISOS;2026-05-29;Pesos;bajo;30 días;conservador;renta fija;221.010.412.752;225,262007;0,40%;1.95;7,72%;18,19%;14,13%;46.46;Tasa Tamar;0,9%;3,3%;0%;0.9;;
pgzqbxx6azd042ya4vcg788r;RAÍCES FIDEICOMISOS;2026-05-26;Clase A;9;224519156;pgzqbxx6azd042ya4vcg788r;RAÍCES FIDEICOMISOS;ARS;Conservador;Horizonte a 30 días;Renta fija;0.0543;https://www.provinciafondos.com.ar/nuestros-fondos/pgzqbxx6azd042ya4vcg788r;2026-06-04 18:32:59.455687;Este fondo está integrado, principalmente, por fideicomisos financieros con oferta pública. Constituye una alternativa de inversión diversificada para aquellos inversores que buscan posicionarse en fideicomisos financieros.;21.0;1413.0;195.0;3,9 meses;221010412752.0;2026-05-29;https://provincia-prod-api.teocoop.site/uploads/F9_05_26_76f5501a34.pdf;2026-06-04 18:33:15.337166;RAÍCES FIDEICOMISOS;2026-05-29;Pesos;bajo;30 días;conservador;renta fija;221.010.412.752;225,262007;0,40%;1.95;7,72%;18,19%;14,13%;46.46;Tasa Tamar;0,9%;3,3%;0%;0.9;;
pgzqbxx6azd042ya4vcg788r;RAÍCES FIDEICOMISOS;2026-05-22;Clase A;9;224361106;pgzqbxx6azd042ya4vcg788r;RAÍCES FIDEICOMISOS;ARS;Conservador;Horizonte a 30 días;Renta fija;0.0543;https://www.provinciafondos.com.ar/nuestros-fondos/pgzqbxx6azd042ya4vcg788r;2026-06-04 18:32:59.455687;Este fondo está integrado, principalmente, por fideicomisos financieros con oferta pública. Constituye una alternativa de inversión diversificada para aquellos inversores que buscan posicionarse en fideicomisos financieros.;21.0;1413.0;195.0;3,9 meses;221010412752.0;2026-05-29;https://provincia-prod-api.teocoop.site/uploads/F9_05_26_76f5501a34.pdf;2026-06-04 18:33:15.337166;RAÍCES FIDEICOMISOS;2026-05-29;Pesos;bajo;30 días;conservador;renta fija;221.010.412.752;225,262007;0,40%;1.95;7,72%;18,19%;14,13%;46.46;Tasa Tamar;0,9%;3,3%;0%;0.9;;
pgzqbxx6azd042ya4vcg788r;RAÍCES FIDEICOMISOS;2026-05-21;Clase A;9;223761416;pgzqbxx6azd042ya4vcg788r;RAÍCES FIDEICOMISOS;ARS;Conservador;Horizonte a 30 días;Renta fija;0.0543;https://www.provinciafondos.com.ar/nuestros-fondos/pgzqbxx6azd042ya4vcg788r;2026-06-04 18:32:59.455687;Este fondo está integrado, principalmente, por fideicomisos financieros con oferta pública. Constituye una alternativa de inversión diversificada para aquellos inversores que buscan posicionarse en fideicomisos financieros.;21.0;1413.0;195.0;3,9 meses;221010412752.0;2026-05-29;https://provincia-prod-api.teocoop.site/uploads/F9_05_26_76f5501a34.pdf;2026-06-04 18:33:15.337166;RAÍCES FIDEICOMISOS;2026-05-29;Pesos;bajo;30 días;conservador;renta fija;221.010.412.752;225,262007;0,40%;1.95;7,72%;18,19%;14,13%;46.46;Tasa Tamar;0,9%;3,3%;0%;0.9;;
pgzqbxx6azd042ya4vcg788r;RAÍCES FIDEICOMISOS;2026-05-20;Clase A;9;223611272;pgzqbxx6azd042ya4vcg788r;RAÍCES FIDEICOMISOS;ARS;Conservador;Horizonte a 30 días;Renta fija;0.0543;https://www.provinciafondos.com.ar/nuestros-fondos/pgzqbxx6azd042ya4vcg788r;2026-06-04 18:32:59.455687;Este fondo está integrado, principalmente, por fideicomisos financieros con oferta pública. Constituye una alternativa de inversión diversificada para aquellos inversores que buscan posicionarse en fideicomisos financieros.;21.0;1413.0;195.0;3,9 meses;221010412752.0;2026-05-29;https://provincia-prod-api.teocoop.site/uploads/F9_05_26_76f5501a34.pdf;2026-06-04 18:33:15.337166;RAÍCES FIDEICOMISOS;2026-05-29;Pesos;bajo;30 días;conservador;renta fija;221.010.412.752;225,262007;0,40%;1.95;7,72%;18,19%;14,13%;46.46;Tasa Tamar;0,9%;3,3%;0%;0.9;;
pgzqbxx6azd042ya4vcg788r;RAÍCES FIDEICOMISOS;2026-05-19;Clase A;9;223469616;pgzqbxx6azd042ya4vcg788r;RAÍCES FIDEICOMISOS;ARS;Conservador;Horizonte a 30 días;Renta fija;0.0543;https://www.provinciafondos.com.ar/nuestros-fondos/pgzqbxx6azd042ya4vcg788r;2026-06-04 18:32:59.455687;Este fondo está integrado, principalmente, por fideicomisos financieros con oferta pública. Constituye una alternativa de inversión diversificada para aquellos inversores que buscan posicionarse en fideicomisos financieros.;21.0;1413.0;195.0;3,9 meses;221010412752.0;2026-05-29;https://provincia-prod-api.teocoop.site/uploads/F9_05_26_76f5501a34.pdf;2026-06-04 18:33:15.337166;RAÍCES FIDEICOMISOS;2026-05-29;Pesos;bajo;30 días;conservador;renta fija;221.010.412.752;225,262007;0,40%;1.95;7,72%;18,19%;14,13%;46.46;Tasa Tamar;0,9%;3,3%;0%;0.9;;
pgzqbxx6azd042ya4vcg788r;RAÍCES FIDEICOMISOS;2026-05-18;Clase A;9;223349863;pgzqbxx6azd042ya4vcg788r;RAÍCES FIDEICOMISOS;ARS;Conservador;Horizonte a 30 días;Renta fija;0.0543;https://www.provinciafondos.com.ar/nuestros-fondos/pgzqbxx6azd042ya4vcg788r;2026-06-04 18:32:59.455687;Este fondo está integrado, principalmente, por fideicomisos financieros con oferta pública. Constituye una alternativa de inversión diversificada para aquellos inversores que buscan posicionarse en fideicomisos financieros.;21.0;1413.0;195.0;3,9 meses;221010412752.0;2026-05-29;https://provincia-prod-api.teocoop.site/uploads/F9_05_26_76f5501a34.pdf;2026-06-04 18:33:15.337166;RAÍCES FIDEICOMISOS;2026-05-29;Pesos;bajo;30 días;conservador;renta fija;221.010.412.752;225,262007;0,40%;1.95;7,72%;18,19%;14,13%;46.46;Tasa Tamar;0,9%;3,3%;0%;0.9;;
pgzqbxx6azd042ya4vcg788r;RAÍCES FIDEICOMISOS;2026-05-15;Clase A;9;223175356;pgzqbxx6azd042ya4vcg788r;RAÍCES FIDEICOMISOS;ARS;Conservador;Horizonte a 30 días;Renta fija;0.0543;https://www.provinciafondos.com.ar/nuestros-fondos/pgzqbxx6azd042ya4vcg788r;2026-06-04 18:32:59.455687;Este fondo está integrado, principalmente, por fideicomisos financieros con oferta pública. Constituye una alternativa de inversión diversificada para aquellos inversores que buscan posicionarse en fideicomisos financieros.;21.0;1413.0;195.0;3,9 meses;221010412752.0;2026-05-29;https://provincia-prod-api.teocoop.site/uploads/F9_05_26_76f5501a34.pdf;2026-06-04 18:33:15.337166;RAÍCES FIDEICOMISOS;2026-05-29;Pesos;bajo;30 días;conservador;renta fija;221.010.412.752;225,262007;0,40%;1.95;7,72%;18,19%;14,13%;46.46;Tasa Tamar;0,9%;3,3%;0%;0.9;;
pgzqbxx6azd042ya4vcg788r;RAÍCES FIDEICOMISOS;2026-05-14;Clase A;9;222756175;pgzqbxx6azd042ya4vcg788r;RAÍCES FIDEICOMISOS;ARS;Conservador;Horizonte a 30 días;Renta fija;0.0543;https://www.provinciafondos.com.ar/nuestros-fondos/pgzqbxx6azd042ya4vcg788r;2026-06-04 18:32:59.455687;Este fondo está integrado, principalmente, por fideicomisos financieros con oferta pública. Constituye una alternativa de inversión diversificada para aquellos inversores que buscan posicionarse en fideicomisos financieros.;21.0;1413.0;195.0;3,9 meses;221010412752.0;2026-05-29;https://provincia-prod-api.teocoop.site/uploads/F9_05_26_76f5501a34.pdf;2026-06-04 18:33:15.337166;RAÍCES FIDEICOMISOS;2026-05-29;Pesos;bajo;30 días;conservador;renta fija;221.010.412.752;225,262007;0,40%;1.95;7,72%;18,19%;14,13%;46.46;Tasa Tamar;0,9%;3,3%;0%;0.9;;
pgzqbxx6azd042ya4vcg788r;RAÍCES FIDEICOMISOS;2026-05-13;Clase A;9;22258974;pgzqbxx6azd042ya4vcg788r;RAÍCES FIDEICOMISOS;ARS;Conservador;Horizonte a 30 días;Renta fija;0.0543;https://www.provinciafondos.com.ar/nuestros-fondos/pgzqbxx6azd042ya4vcg788r;2026-06-04 18:32:59.455687;Este fondo está integrado, principalmente, por fideicomisos financieros con oferta pública. Constituye una alternativa de inversión diversificada para aquellos inversores que buscan posicionarse en fideicomisos financieros.;21.0;1413.0;195.0;3,9 meses;221010412752.0;2026-05-29;https://provincia-prod-api.teocoop.site/uploads/F9_05_26_76f5501a34.pdf;2026-06-04 18:33:15.337166;RAÍCES FIDEICOMISOS;2026-05-29;Pesos;bajo;30 días;conservador;renta fija;221.010.412.752;225,262007;0,40%;1.95;7,72%;18,19%;14,13%;46.46;Tasa Tamar;0,9%;3,3%;0%;0.9;;
pgzqbxx6azd042ya4vcg788r;RAÍCES FIDEICOMISOS;2026-05-12;Clase A;9;222440999;pgzqbxx6azd042ya4vcg788r;RAÍCES FIDEICOMISOS;ARS;Conservador;Horizonte a 30 días;Renta fija;0.0543;https://www.provinciafondos.com.ar/nuestros-fondos/pgzqbxx6azd042ya4vcg788r;2026-06-04 18:32:59.455687;Este fondo está integrado, principalmente, por fideicomisos financieros con oferta pública. Constituye una alternativa de inversión diversificada para aquellos inversores que buscan posicionarse en fideicomisos financieros.;21.0;1413.0;195.0;3,9 meses;221010412752.0;2026-05-29;https://provincia-prod-api.teocoop.site/uploads/F9_05_26_76f5501a34.pdf;2026-06-04 18:33:15.337166;RAÍCES FIDEICOMISOS;2026-05-29;Pesos;bajo;30 días;conservador;renta fija;221.010.412.752;225,262007;0,40%;1.95;7,72%;18,19%;14,13%;46.46;Tasa Tamar;0,9%;3,3%;0%;0.9;;
pgzqbxx6azd042ya4vcg788r;RAÍCES FIDEICOMISOS;2026-05-11;Clase A;9;222260463;pgzqbxx6azd042ya4vcg788r;RAÍCES FIDEICOMISOS;ARS;Conservador;Horizonte a 30 días;Renta fija;0.0543;https://www.provinciafondos.com.ar/nuestros-fondos/pgzqbxx6azd042ya4vcg788r;2026-06-04 18:32:59.455687;Este fondo está integrado, principalmente, por fideicomisos financieros con oferta pública. Constituye una alternativa de inversión diversificada para aquellos inversores que buscan posicionarse en fideicomisos financieros.;21.0;1413.0;195.0;3,9 meses;221010412752.0;2026-05-29;https://provincia-prod-api.teocoop.site/uploads/F9_05_26_76f5501a34.pdf;2026-06-04 18:33:15.337166;RAÍCES FIDEICOMISOS;2026-05-29;Pesos;bajo;30 días;conservador;renta fija;221.010.412.752;225,262007;0,40%;1.95;7,72%;18,19%;14,13%;46.46;Tasa Tamar;0,9%;3,3%;0%;0.9;;
pgzqbxx6azd042ya4vcg788r;RAÍCES FIDEICOMISOS;2026-05-08;Clase A;9;222086289;pgzqbxx6azd042ya4vcg788r;RAÍCES FIDEICOMISOS;ARS;Conservador;Horizonte a 30 días;Renta fija;0.0543;https://www.provinciafondos.com.ar/nuestros-fondos/pgzqbxx6azd042ya4vcg788r;2026-06-04 18:32:59.455687;Este fondo está integrado, principalmente, por fideicomisos financieros con oferta pública. Constituye una alternativa de inversión diversificada para aquellos inversores que buscan posicionarse en fideicomisos financieros.;21.0;1413.0;195.0;3,9 meses;221010412752.0;2026-05-29;https://provincia-prod-api.teocoop.site/uploads/F9_05_26_76f5501a34.pdf;2026-06-04 18:33:15.337166;RAÍCES FIDEICOMISOS;2026-05-29;Pesos;bajo;30 días;conservador;renta fija;221.010.412.752;225,262007;0,40%;1.95;7,72%;18,19%;14,13%;46.46;Tasa Tamar;0,9%;3,3%;0%;0.9;;
pgzqbxx6azd042ya4vcg788r;RAÍCES FIDEICOMISOS;2026-05-07;Clase A;9;221639303;pgzqbxx6azd042ya4vcg788r;RAÍCES FIDEICOMISOS;ARS;Conservador;Horizonte a 30 días;Renta fija;0.0543;https://www.provinciafondos.com.ar/nuestros-fondos/pgzqbxx6azd042ya4vcg788r;2026-06-04 18:32:59.455687;Este fondo está integrado, principalmente, por fideicomisos financieros con oferta pública. Constituye una alternativa de inversión diversificada para aquellos inversores que buscan posicionarse en fideicomisos financieros.;21.0;1413.0;195.0;3,9 meses;221010412752.0;2026-05-29;https://provincia-prod-api.teocoop.site/uploads/F9_05_26_76f5501a34.pdf;2026-06-04 18:33:15.337166;RAÍCES FIDEICOMISOS;2026-05-29;Pesos;bajo;30 días;conservador;renta fija;221.010.412.752;225,262007;0,40%;1.95;7,72%;18,19%;14,13%;46.46;Tasa Tamar;0,9%;3,3%;0%;0.9;;
pgzqbxx6azd042ya4vcg788r;RAÍCES FIDEICOMISOS;2026-05-06;Clase A;9;221473324;pgzqbxx6azd042ya4vcg788r;RAÍCES FIDEICOMISOS;ARS;Conservador;Horizonte a 30 días;Renta fija;0.0543;https://www.provinciafondos.com.ar/nuestros-fondos/pgzqbxx6azd042ya4vcg788r;2026-06-04 18:32:59.455687;Este fondo está integrado, principalmente, por fideicomisos financieros con oferta pública. Constituye una alternativa de inversión diversificada para aquellos inversores que buscan posicionarse en fideicomisos financieros.;21.0;1413.0;195.0;3,9 meses;221010412752.0;2026-05-29;https://provincia-prod-api.teocoop.site/uploads/F9_05_26_76f5501a34.pdf;2026-06-04 18:33:15.337166;RAÍCES FIDEICOMISOS;2026-05-29;Pesos;bajo;30 días;conservador;renta fija;221.010.412.752;225,262007;0,40%;1.95;7,72%;18,19%;14,13%;46.46;Tasa Tamar;0,9%;3,3%;0%;0.9;;
pgzqbxx6azd042ya4vcg788r;RAÍCES FIDEICOMISOS;2026-06-03;Clase A;9;225671232;pgzqbxx6azd042ya4vcg788r;RAÍCES FIDEICOMISOS;ARS;Conservador;Horizonte a 30 días;Renta fija;0.0543;https://www.provinciafondos.com.ar/nuestros-fondos/pgzqbxx6azd042ya4vcg788r;2026-06-04 18:32:59.455687;Este fondo está integrado, principalmente, por fideicomisos financieros con oferta pública. Constituye una alternativa de inversión diversificada para aquellos inversores que buscan posicionarse en fideicomisos financieros.;21.0;1413.0;195.0;3,9 meses;221010412752.0;2026-05-29;https://provincia-prod-api.teocoop.site/uploads/F9_05_26_76f5501a34.pdf;2026-06-04 18:33:15.337166;RAÍCES FIDEICOMISOS;2026-05-29;Pesos;bajo;30 días;conservador;renta fija;221.010.412.752;225,262007;0,40%;1.95;7,72%;18,19%;14,13%;46.46;Tasa Tamar;0,9%;3,3%;0%;0.9;;
pgzqbxx6azd042ya4vcg788r;RAÍCES FIDEICOMISOS;2026-06-02;Clase A;9;225548862;pgzqbxx6azd042ya4vcg788r;RAÍCES FIDEICOMISOS;ARS;Conservador;Horizonte a 30 días;Renta fija;0.0543;https://www.provinciafondos.com.ar/nuestros-fondos/pgzqbxx6azd042ya4vcg788r;2026-06-04 18:32:59.455687;Este fondo está integrado, principalmente, por fideicomisos financieros con oferta pública. Constituye una alternativa de inversión diversificada para aquellos inversores que buscan posicionarse en fideicomisos financieros.;21.0;1413.0;195.0;3,9 meses;221010412752.0;2026-05-29;https://provincia-prod-api.teocoop.site/uploads/F9_05_26_76f5501a34.pdf;2026-06-04 18:33:15.337166;RAÍCES FIDEICOMISOS;2026-05-29;Pesos;bajo;30 días;conservador;renta fija;221.010.412.752;225,262007;0,40%;1.95;7,72%;18,19%;14,13%;46.46;Tasa Tamar;0,9%;3,3%;0%;0.9;;
pgzqbxx6azd042ya4vcg788r;RAÍCES FIDEICOMISOS;2026-06-01;Clase A;9;225414188;pgzqbxx6azd042ya4vcg788r;RAÍCES FIDEICOMISOS;ARS;Conservador;Horizonte a 30 días;Renta fija;0.0543;https://www.provinciafondos.com.ar/nuestros-fondos/pgzqbxx6azd042ya4vcg788r;2026-06-04 18:32:59.455687;Este fondo está integrado, principalmente, por fideicomisos financieros con oferta pública. Constituye una alternativa de inversión diversificada para aquellos inversores que buscan posicionarse en fideicomisos financieros.;21.0;1413.0;195.0;3,9 meses;221010412752.0;2026-05-29;https://provincia-prod-api.teocoop.site/uploads/F9_05_26_76f5501a34.pdf;2026-06-04 18:33:15.337166;RAÍCES FIDEICOMISOS;2026-05-29;Pesos;bajo;30 días;conservador;renta fija;221.010.412.752;225,262007;0,40%;1.95;7,72%;18,19%;14,13%;46.46;Tasa Tamar;0,9%;3,3%;0%;0.9;;
pgzqbxx6azd042ya4vcg788r;RAÍCES FIDEICOMISOS;2026-05-29;Clase A;9;225262007;pgzqbxx6azd042ya4vcg788r;RAÍCES FIDEICOMISOS;ARS;Conservador;Horizonte a 30 días;Renta fija;0.0543;https://www.provinciafondos.com.ar/nuestros-fondos/pgzqbxx6azd042ya4vcg788r;2026-06-04 18:32:59.455687;Este fondo está integrado, principalmente, por fideicomisos financieros con oferta pública. Constituye una alternativa de inversión diversificada para aquellos inversores que buscan posicionarse en fideicomisos financieros.;21.0;1413.0;195.0;3,9 meses;221010412752.0;2026-05-29;https://provincia-prod-api.teocoop.site/uploads/F9_05_26_76f5501a34.pdf;2026-06-04 18:33:15.337166;RAÍCES FIDEICOMISOS;2026-05-29;Pesos;bajo;30 días;conservador;renta fija;221.010.412.752;225,262007;0,40%;1.95;7,72%;18,19%;14,13%;46.46;Tasa Tamar;0,9%;3,3%;0%;0.9;;
pgzqbxx6azd042ya4vcg788r;RAÍCES FIDEICOMISOS;2026-05-28;Clase A;9;224783131;pgzqbxx6azd042ya4vcg788r;RAÍCES FIDEICOMISOS;ARS;Conservador;Horizonte a 30 días;Renta fija;0.0543;https://www.provinciafondos.com.ar/nuestros-fondos/pgzqbxx6azd042ya4vcg788r;2026-06-04 18:32:59.455687;Este fondo está integrado, principalmente, por fideicomisos financieros con oferta pública. Constituye una alternativa de inversión diversificada para aquellos inversores que buscan posicionarse en fideicomisos financieros.;21.0;1413.0;195.0;3,9 meses;221010412752.0;2026-05-29;https://provincia-prod-api.teocoop.site/uploads/F9_05_26_76f5501a34.pdf;2026-06-04 18:33:15.337166;RAÍCES FIDEICOMISOS;2026-05-29;Pesos;bajo;30 días;conservador;renta fija;221.010.412.752;225,262007;0,40%;1.95;7,72%;18,19%;14,13%;46.46;Tasa Tamar;0,9%;3,3%;0%;0.9;;
pgzqbxx6azd042ya4vcg788r;RAÍCES FIDEICOMISOS;2026-05-27;Clase A;9;224636256;pgzqbxx6azd042ya4vcg788r;RAÍCES FIDEICOMISOS;ARS;Conservador;Horizonte a 30 días;Renta fija;0.0543;https://www.provinciafondos.com.ar/nuestros-fondos/pgzqbxx6azd042ya4vcg788r;2026-06-04 18:32:59.455687;Este fondo está integrado, principalmente, por fideicomisos financieros con oferta pública. Constituye una alternativa de inversión diversificada para aquellos inversores que buscan posicionarse en fideicomisos financieros.;21.0;1413.0;195.0;3,9 meses;221010412752.0;2026-05-29;https://provincia-prod-api.teocoop.site/uploads/F9_05_26_76f5501a34.pdf;2026-06-04 18:33:15.337166;RAÍCES FIDEICOMISOS;2026-05-29;Pesos;bajo;30 días;conservador;renta fija;221.010.412.752;225,262007;0,40%;1.95;7,72%;18,19%;14,13%;46.46;Tasa Tamar;0,9%;3,3%;0%;0.9;;
pgzqbxx6azd042ya4vcg788r;RAÍCES FIDEICOMISOS;2026-05-26;Clase A;9;224519156;pgzqbxx6azd042ya4vcg788r;RAÍCES FIDEICOMISOS;ARS;Conservador;Horizonte a 30 días;Renta fija;0.0543;https://www.provinciafondos.com.ar/nuestros-fondos/pgzqbxx6azd042ya4vcg788r;2026-06-04 18:32:59.455687;Este fondo está integrado, principalmente, por fideicomisos financieros con oferta pública. Constituye una alternativa de inversión diversificada para aquellos inversores que buscan posicionarse en fideicomisos financieros.;21.0;1413.0;195.0;3,9 meses;221010412752.0;2026-05-29;https://provincia-prod-api.teocoop.site/uploads/F9_05_26_76f5501a34.pdf;2026-06-04 18:33:15.337166;RAÍCES FIDEICOMISOS;2026-05-29;Pesos;bajo;30 días;conservador;renta fija;221.010.412.752;225,262007;0,40%;1.95;7,72%;18,19%;14,13%;46.46;Tasa Tamar;0,9%;3,3%;0%;0.9;;
pgzqbxx6azd042ya4vcg788r;RAÍCES FIDEICOMISOS;2026-05-22;Clase A;9;224361106;pgzqbxx6azd042ya4vcg788r;RAÍCES FIDEICOMISOS;ARS;Conservador;Horizonte a 30 días;Renta fija;0.0543;https://www.provinciafondos.com.ar/nuestros-fondos/pgzqbxx6azd042ya4vcg788r;2026-06-04 18:32:59.455687;Este fondo está integrado, principalmente, por fideicomisos financieros con oferta pública. Constituye una alternativa de inversión diversificada para aquellos inversores que buscan posicionarse en fideicomisos financieros.;21.0;1413.0;195.0;3,9 meses;221010412752.0;2026-05-29;https://provincia-prod-api.teocoop.site/uploads/F9_05_26_76f5501a34.pdf;2026-06-04 18:33:15.337166;RAÍCES FIDEICOMISOS;2026-05-29;Pesos;bajo;30 días;conservador;renta fija;221.010.412.752;225,262007;0,40%;1.95;7,72%;18,19%;14,13%;46.46;Tasa Tamar;0,9%;3,3%;0%;0.9;;
pgzqbxx6azd042ya4vcg788r;RAÍCES FIDEICOMISOS;2026-05-21;Clase A;9;223761416;pgzqbxx6azd042ya4vcg788r;RAÍCES FIDEICOMISOS;ARS;Conservador;Horizonte a 30 días;Renta fija;0.0543;https://www.provinciafondos.com.ar/nuestros-fondos/pgzqbxx6azd042ya4vcg788r;2026-06-04 18:32:59.455687;Este fondo está integrado, principalmente, por fideicomisos financieros con oferta pública. Constituye una alternativa de inversión diversificada para aquellos inversores que buscan posicionarse en fideicomisos financieros.;21.0;1413.0;195.0;3,9 meses;221010412752.0;2026-05-29;https://provincia-prod-api.teocoop.site/uploads/F9_05_26_76f5501a34.pdf;2026-06-04 18:33:15.337166;RAÍCES FIDEICOMISOS;2026-05-29;Pesos;bajo;30 días;conservador;renta fija;221.010.412.752;225,262007;0,40%;1.95;7,72%;18,19%;14,13%;46.46;Tasa Tamar;0,9%;3,3%;0%;0.9;;
pgzqbxx6azd042ya4vcg788r;RAÍCES FIDEICOMISOS;2026-05-20;Clase A;9;223611272;pgzqbxx6azd042ya4vcg788r;RAÍCES FIDEICOMISOS;ARS;Conservador;Horizonte a 30 días;Renta fija;0.0543;https://www.provinciafondos.com.ar/nuestros-fondos/pgzqbxx6azd042ya4vcg788r;2026-06-04 18:32:59.455687;Este fondo está integrado, principalmente, por fideicomisos financieros con oferta pública. Constituye una alternativa de inversión diversificada para aquellos inversores que buscan posicionarse en fideicomisos financieros.;21.0;1413.0;195.0;3,9 meses;221010412752.0;2026-05-29;https://provincia-prod-api.teocoop.site/uploads/F9_05_26_76f5501a34.pdf;2026-06-04 18:33:15.337166;RAÍCES FIDEICOMISOS;2026-05-29;Pesos;bajo;30 días;conservador;renta fija;221.010.412.752;225,262007;0,40%;1.95;7,72%;18,19%;14,13%;46.46;Tasa Tamar;0,9%;3,3%;0%;0.9;;
pgzqbxx6azd042ya4vcg788r;RAÍCES FIDEICOMISOS;2026-05-19;Clase A;9;223469616;pgzqbxx6azd042ya4vcg788r;RAÍCES FIDEICOMISOS;ARS;Conservador;Horizonte a 30 días;Renta fija;0.0543;https://www.provinciafondos.com.ar/nuestros-fondos/pgzqbxx6azd042ya4vcg788r;2026-06-04 18:32:59.455687;Este fondo está integrado, principalmente, por fideicomisos financieros con oferta pública. Constituye una alternativa de inversión diversificada para aquellos inversores que buscan posicionarse en fideicomisos financieros.;21.0;1413.0;195.0;3,9 meses;221010412752.0;2026-05-29;https://provincia-prod-api.teocoop.site/uploads/F9_05_26_76f5501a34.pdf;2026-06-04 18:33:15.337166;RAÍCES FIDEICOMISOS;2026-05-29;Pesos;bajo;30 días;conservador;renta fija;221.010.412.752;225,262007;0,40%;1.95;7,72%;18,19%;14,13%;46.46;Tasa Tamar;0,9%;3,3%;0%;0.9;;
pgzqbxx6azd042ya4vcg788r;RAÍCES FIDEICOMISOS;2026-05-18;Clase A;9;223349863;pgzqbxx6azd042ya4vcg788r;RAÍCES FIDEICOMISOS;ARS;Conservador;Horizonte a 30 días;Renta fija;0.0543;https://www.provinciafondos.com.ar/nuestros-fondos/pgzqbxx6azd042ya4vcg788r;2026-06-04 18:32:59.455687;Este fondo está integrado, principalmente, por fideicomisos financieros con oferta pública. Constituye una alternativa de inversión diversificada para aquellos inversores que buscan posicionarse en fideicomisos financieros.;21.0;1413.0;195.0;3,9 meses;221010412752.0;2026-05-29;https://provincia-prod-api.teocoop.site/uploads/F9_05_26_76f5501a34.pdf;2026-06-04 18:33:15.337166;RAÍCES FIDEICOMISOS;2026-05-29;Pesos;bajo;30 días;conservador;renta fija;221.010.412.752;225,262007;0,40%;1.95;7,72%;18,19%;14,13%;46.46;Tasa Tamar;0,9%;3,3%;0%;0.9;;
pgzqbxx6azd042ya4vcg788r;RAÍCES FIDEICOMISOS;2026-05-15;Clase A;9;223175356;pgzqbxx6azd042ya4vcg788r;RAÍCES FIDEICOMISOS;ARS;Conservador;Horizonte a 30 días;Renta fija;0.0543;https://www.provinciafondos.com.ar/nuestros-fondos/pgzqbxx6azd042ya4vcg788r;2026-06-04 18:32:59.455687;Este fondo está integrado, principalmente, por fideicomisos financieros con oferta pública. Constituye una alternativa de inversión diversificada para aquellos inversores que buscan posicionarse en fideicomisos financieros.;21.0;1413.0;195.0;3,9 meses;221010412752.0;2026-05-29;https://provincia-prod-api.teocoop.site/uploads/F9_05_26_76f5501a34.pdf;2026-06-04 18:33:15.337166;RAÍCES FIDEICOMISOS;2026-05-29;Pesos;bajo;30 días;conservador;renta fija;221.010.412.752;225,262007;0,40%;1.95;7,72%;18,19%;14,13%;46.46;Tasa Tamar;0,9%;3,3%;0%;0.9;;
pgzqbxx6azd042ya4vcg788r;RAÍCES FIDEICOMISOS;2026-05-14;Clase A;9;222756175;pgzqbxx6azd042ya4vcg788r;RAÍCES FIDEICOMISOS;ARS;Conservador;Horizonte a 30 días;Renta fija;0.0543;https://www.provinciafondos.com.ar/nuestros-fondos/pgzqbxx6azd042ya4vcg788r;2026-06-04 18:32:59.455687;Este fondo está integrado, principalmente, por fideicomisos financieros con oferta pública. Constituye una alternativa de inversión diversificada para aquellos inversores que buscan posicionarse en fideicomisos financieros.;21.0;1413.0;195.0;3,9 meses;221010412752.0;2026-05-29;https://provincia-prod-api.teocoop.site/uploads/F9_05_26_76f5501a34.pdf;2026-06-04 18:33:15.337166;RAÍCES FIDEICOMISOS;2026-05-29;Pesos;bajo;30 días;conservador;renta fija;221.010.412.752;225,262007;0,40%;1.95;7,72%;18,19%;14,13%;46.46;Tasa Tamar;0,9%;3,3%;0%;0.9;;
pgzqbxx6azd042ya4vcg788r;RAÍCES FIDEICOMISOS;2026-05-13;Clase A;9;22258974;pgzqbxx6azd042ya4vcg788r;RAÍCES FIDEICOMISOS;ARS;Conservador;Horizonte a 30 días;Renta fija;0.0543;https://www.provinciafondos.com.ar/nuestros-fondos/pgzqbxx6azd042ya4vcg788r;2026-06-04 18:32:59.455687;Este fondo está integrado, principalmente, por fideicomisos financieros con oferta pública. Constituye una alternativa de inversión diversificada para aquellos inversores que buscan posicionarse en fideicomisos financieros.;21.0;1413.0;195.0;3,9 meses;221010412752.0;2026-05-29;https://provincia-prod-api.teocoop.site/uploads/F9_05_26_76f5501a34.pdf;2026-06-04 18:33:15.337166;RAÍCES FIDEICOMISOS;2026-05-29;Pesos;bajo;30 días;conservador;renta fija;221.010.412.752;225,262007;0,40%;1.95;7,72%;18,19%;14,13%;46.46;Tasa Tamar;0,9%;3,3%;0%;0.9;;
pgzqbxx6azd042ya4vcg788r;RAÍCES FIDEICOMISOS;2026-05-12;Clase A;9;222440999;pgzqbxx6azd042ya4vcg788r;RAÍCES FIDEICOMISOS;ARS;Conservador;Horizonte a 30 días;Renta fija;0.0543;https://www.provinciafondos.com.ar/nuestros-fondos/pgzqbxx6azd042ya4vcg788r;2026-06-04 18:32:59.455687;Este fondo está integrado, principalmente, por fideicomisos financieros con oferta pública. Constituye una alternativa de inversión diversificada para aquellos inversores que buscan posicionarse en fideicomisos financieros.;21.0;1413.0;195.0;3,9 meses;221010412752.0;2026-05-29;https://provincia-prod-api.teocoop.site/uploads/F9_05_26_76f5501a34.pdf;2026-06-04 18:33:15.337166;RAÍCES FIDEICOMISOS;2026-05-29;Pesos;bajo;30 días;conservador;renta fija;221.010.412.752;225,262007;0,40%;1.95;7,72%;18,19%;14,13%;46.46;Tasa Tamar;0,9%;3,3%;0%;0.9;;
pgzqbxx6azd042ya4vcg788r;RAÍCES FIDEICOMISOS;2026-05-11;Clase A;9;222260463;pgzqbxx6azd042ya4vcg788r;RAÍCES FIDEICOMISOS;ARS;Conservador;Horizonte a 30 días;Renta fija;0.0543;https://www.provinciafondos.com.ar/nuestros-fondos/pgzqbxx6azd042ya4vcg788r;2026-06-04 18:32:59.455687;Este fondo está integrado, principalmente, por fideicomisos financieros con oferta pública. Constituye una alternativa de inversión diversificada para aquellos inversores que buscan posicionarse en fideicomisos financieros.;21.0;1413.0;195.0;3,9 meses;221010412752.0;2026-05-29;https://provincia-prod-api.teocoop.site/uploads/F9_05_26_76f5501a34.pdf;2026-06-04 18:33:15.337166;RAÍCES FIDEICOMISOS;2026-05-29;Pesos;bajo;30 días;conservador;renta fija;221.010.412.752;225,262007;0,40%;1.95;7,72%;18,19%;14,13%;46.46;Tasa Tamar;0,9%;3,3%;0%;0.9;;
pgzqbxx6azd042ya4vcg788r;RAÍCES FIDEICOMISOS;2026-05-08;Clase A;9;222086289;pgzqbxx6azd042ya4vcg788r;RAÍCES FIDEICOMISOS;ARS;Conservador;Horizonte a 30 días;Renta fija;0.0543;https://www.provinciafondos.com.ar/nuestros-fondos/pgzqbxx6azd042ya4vcg788r;2026-06-04 18:32:59.455687;Este fondo está integrado, principalmente, por fideicomisos financieros con oferta pública. Constituye una alternativa de inversión diversificada para aquellos inversores que buscan posicionarse en fideicomisos financieros.;21.0;1413.0;195.0;3,9 meses;221010412752.0;2026-05-29;https://provincia-prod-api.teocoop.site/uploads/F9_05_26_76f5501a34.pdf;2026-06-04 18:33:15.337166;RAÍCES FIDEICOMISOS;2026-05-29;Pesos;bajo;30 días;conservador;renta fija;221.010.412.752;225,262007;0,40%;1.95;7,72%;18,19%;14,13%;46.46;Tasa Tamar;0,9%;3,3%;0%;0.9;;
pgzqbxx6azd042ya4vcg788r;RAÍCES FIDEICOMISOS;2026-05-07;Clase A;9;221639303;pgzqbxx6azd042ya4vcg788r;RAÍCES FIDEICOMISOS;ARS;Conservador;Horizonte a 30 días;Renta fija;0.0543;https://www.provinciafondos.com.ar/nuestros-fondos/pgzqbxx6azd042ya4vcg788r;2026-06-04 18:32:59.455687;Este fondo está integrado, principalmente, por fideicomisos financieros con oferta pública. Constituye una alternativa de inversión diversificada para aquellos inversores que buscan posicionarse en fideicomisos financieros.;21.0;1413.0;195.0;3,9 meses;221010412752.0;2026-05-29;https://provincia-prod-api.teocoop.site/uploads/F9_05_26_76f5501a34.pdf;2026-06-04 18:33:15.337166;RAÍCES FIDEICOMISOS;2026-05-29;Pesos;bajo;30 días;conservador;renta fija;221.010.412.752;225,262007;0,40%;1.95;7,72%;18,19%;14,13%;46.46;Tasa Tamar;0,9%;3,3%;0%;0.9;;
pgzqbxx6azd042ya4vcg788r;RAÍCES FIDEICOMISOS;2026-05-06;Clase A;9;221473324;pgzqbxx6azd042ya4vcg788r;RAÍCES FIDEICOMISOS;ARS;Conservador;Horizonte a 30 días;Renta fija;0.0543;https://www.provinciafondos.com.ar/nuestros-fondos/pgzqbxx6azd042ya4vcg788r;2026-06-04 18:32:59.455687;Este fondo está integrado, principalmente, por fideicomisos financieros con oferta pública. Constituye una alternativa de inversión diversificada para aquellos inversores que buscan posicionarse en fideicomisos financieros.;21.0;1413.0;195.0;3,9 meses;221010412752.0;2026-05-29;https://provincia-prod-api.teocoop.site/uploads/F9_05_26_76f5501a34.pdf;2026-06-04 18:33:15.337166;RAÍCES FIDEICOMISOS;2026-05-29;Pesos;bajo;30 días;conservador;renta fija;221.010.412.752;225,262007;0,40%;1.95;7,72%;18,19%;14,13%;46.46;Tasa Tamar;0,9%;3,3%;0%;0.9;;
mhocjxdbhyyhhh44mrrgu47w;RAÍCES INFRAESTRUCTURA;2026-06-03;Clase A;15;7430027;mhocjxdbhyyhhh44mrrgu47w;RAÍCES INFRAESTRUCTURA;ARS;Moderado;Horizonte a 120 días;Financiamiento productivo;0.4694;https://www.provinciafondos.com.ar/nuestros-fondos/mhocjxdbhyyhhh44mrrgu47w;2026-06-04 18:32:59.457303;El fondo busca la apreciación de su valor patrimonial invirtiendo principalmente en instrumentos destinados al financiamiento de proyectos de infraestructura o de proyectos con impacto en la economía real en la Argentina.;94.0;502.0;17.0;10,8 meses;10252304147.0;2026-05-29;https://provincia-prod-api.teocoop.site/uploads/F15_05_26_dcbda9b296.pdf;2026-06-04 18:34:19.749291;RAÍCES INFRAESTRUCTURA;2026-05-29;Pesos;medio;120 días;moderado;renta fija;10.252.304.147;7,335350;0,46%;1.7;4,83%;8,35%;5,02%;30.79;-;2,1%;0%;0%;4.7;;
mhocjxdbhyyhhh44mrrgu47w;RAÍCES INFRAESTRUCTURA;2026-06-02;Clase A;15;7395313;mhocjxdbhyyhhh44mrrgu47w;RAÍCES INFRAESTRUCTURA;ARS;Moderado;Horizonte a 120 días;Financiamiento productivo;0.4694;https://www.provinciafondos.com.ar/nuestros-fondos/mhocjxdbhyyhhh44mrrgu47w;2026-06-04 18:32:59.457303;El fondo busca la apreciación de su valor patrimonial invirtiendo principalmente en instrumentos destinados al financiamiento de proyectos de infraestructura o de proyectos con impacto en la economía real en la Argentina.;94.0;502.0;17.0;10,8 meses;10252304147.0;2026-05-29;https://provincia-prod-api.teocoop.site/uploads/F15_05_26_dcbda9b296.pdf;2026-06-04 18:34:19.749291;RAÍCES INFRAESTRUCTURA;2026-05-29;Pesos;medio;120 días;moderado;renta fija;10.252.304.147;7,335350;0,46%;1.7;4,83%;8,35%;5,02%;30.79;-;2,1%;0%;0%;4.7;;
mhocjxdbhyyhhh44mrrgu47w;RAÍCES INFRAESTRUCTURA;2026-06-01;Clase A;15;7374219;mhocjxdbhyyhhh44mrrgu47w;RAÍCES INFRAESTRUCTURA;ARS;Moderado;Horizonte a 120 días;Financiamiento productivo;0.4694;https://www.provinciafondos.com.ar/nuestros-fondos/mhocjxdbhyyhhh44mrrgu47w;2026-06-04 18:32:59.457303;El fondo busca la apreciación de su valor patrimonial invirtiendo principalmente en instrumentos destinados al financiamiento de proyectos de infraestructura o de proyectos con impacto en la economía real en la Argentina.;94.0;502.0;17.0;10,8 meses;10252304147.0;2026-05-29;https://provincia-prod-api.teocoop.site/uploads/F15_05_26_dcbda9b296.pdf;2026-06-04 18:34:19.749291;RAÍCES INFRAESTRUCTURA;2026-05-29;Pesos;medio;120 días;moderado;renta fija;10.252.304.147;7,335350;0,46%;1.7;4,83%;8,35%;5,02%;30.79;-;2,1%;0%;0%;4.7;;
mhocjxdbhyyhhh44mrrgu47w;RAÍCES INFRAESTRUCTURA;2026-05-29;Clase A;15;733535;mhocjxdbhyyhhh44mrrgu47w;RAÍCES INFRAESTRUCTURA;ARS;Moderado;Horizonte a 120 días;Financiamiento productivo;0.4694;https://www.provinciafondos.com.ar/nuestros-fondos/mhocjxdbhyyhhh44mrrgu47w;2026-06-04 18:32:59.457303;El fondo busca la apreciación de su valor patrimonial invirtiendo principalmente en instrumentos destinados al financiamiento de proyectos de infraestructura o de proyectos con impacto en la economía real en la Argentina.;94.0;502.0;17.0;10,8 meses;10252304147.0;2026-05-29;https://provincia-prod-api.teocoop.site/uploads/F15_05_26_dcbda9b296.pdf;2026-06-04 18:34:19.749291;RAÍCES INFRAESTRUCTURA;2026-05-29;Pesos;medio;120 días;moderado;renta fija;10.252.304.147;7,335350;0,46%;1.7;4,83%;8,35%;5,02%;30.79;-;2,1%;0%;0%;4.7;;
mhocjxdbhyyhhh44mrrgu47w;RAÍCES INFRAESTRUCTURA;2026-05-28;Clase A;15;7328368;mhocjxdbhyyhhh44mrrgu47w;RAÍCES INFRAESTRUCTURA;ARS;Moderado;Horizonte a 120 días;Financiamiento productivo;0.4694;https://www.provinciafondos.com.ar/nuestros-fondos/mhocjxdbhyyhhh44mrrgu47w;2026-06-04 18:32:59.457303;El fondo busca la apreciación de su valor patrimonial invirtiendo principalmente en instrumentos destinados al financiamiento de proyectos de infraestructura o de proyectos con impacto en la economía real en la Argentina.;94.0;502.0;17.0;10,8 meses;10252304147.0;2026-05-29;https://provincia-prod-api.teocoop.site/uploads/F15_05_26_dcbda9b296.pdf;2026-06-04 18:34:19.749291;RAÍCES INFRAESTRUCTURA;2026-05-29;Pesos;medio;120 días;moderado;renta fija;10.252.304.147;7,335350;0,46%;1.7;4,83%;8,35%;5,02%;30.79;-;2,1%;0%;0%;4.7;;
mhocjxdbhyyhhh44mrrgu47w;RAÍCES INFRAESTRUCTURA;2026-05-27;Clase A;15;7329704;mhocjxdbhyyhhh44mrrgu47w;RAÍCES INFRAESTRUCTURA;ARS;Moderado;Horizonte a 120 días;Financiamiento productivo;0.4694;https://www.provinciafondos.com.ar/nuestros-fondos/mhocjxdbhyyhhh44mrrgu47w;2026-06-04 18:32:59.457303;El fondo busca la apreciación de su valor patrimonial invirtiendo principalmente en instrumentos destinados al financiamiento de proyectos de infraestructura o de proyectos con impacto en la economía real en la Argentina.;94.0;502.0;17.0;10,8 meses;10252304147.0;2026-05-29;https://provincia-prod-api.teocoop.site/uploads/F15_05_26_dcbda9b296.pdf;2026-06-04 18:34:19.749291;RAÍCES INFRAESTRUCTURA;2026-05-29;Pesos;medio;120 días;moderado;renta fija;10.252.304.147;7,335350;0,46%;1.7;4,83%;8,35%;5,02%;30.79;-;2,1%;0%;0%;4.7;;
mhocjxdbhyyhhh44mrrgu47w;RAÍCES INFRAESTRUCTURA;2026-05-26;Clase A;15;7325465;mhocjxdbhyyhhh44mrrgu47w;RAÍCES INFRAESTRUCTURA;ARS;Moderado;Horizonte a 120 días;Financiamiento productivo;0.4694;https://www.provinciafondos.com.ar/nuestros-fondos/mhocjxdbhyyhhh44mrrgu47w;2026-06-04 18:32:59.457303;El fondo busca la apreciación de su valor patrimonial invirtiendo principalmente en instrumentos destinados al financiamiento de proyectos de infraestructura o de proyectos con impacto en la economía real en la Argentina.;94.0;502.0;17.0;10,8 meses;10252304147.0;2026-05-29;https://provincia-prod-api.teocoop.site/uploads/F15_05_26_dcbda9b296.pdf;2026-06-04 18:34:19.749291;RAÍCES INFRAESTRUCTURA;2026-05-29;Pesos;medio;120 días;moderado;renta fija;10.252.304.147;7,335350;0,46%;1.7;4,83%;8,35%;5,02%;30.79;-;2,1%;0%;0%;4.7;;
mhocjxdbhyyhhh44mrrgu47w;RAÍCES INFRAESTRUCTURA;2026-05-22;Clase A;15;7301904;mhocjxdbhyyhhh44mrrgu47w;RAÍCES INFRAESTRUCTURA;ARS;Moderado;Horizonte a 120 días;Financiamiento productivo;0.4694;https://www.provinciafondos.com.ar/nuestros-fondos/mhocjxdbhyyhhh44mrrgu47w;2026-06-04 18:32:59.457303;El fondo busca la apreciación de su valor patrimonial invirtiendo principalmente en instrumentos destinados al financiamiento de proyectos de infraestructura o de proyectos con impacto en la economía real en la Argentina.;94.0;502.0;17.0;10,8 meses;10252304147.0;2026-05-29;https://provincia-prod-api.teocoop.site/uploads/F15_05_26_dcbda9b296.pdf;2026-06-04 18:34:19.749291;RAÍCES INFRAESTRUCTURA;2026-05-29;Pesos;medio;120 días;moderado;renta fija;10.252.304.147;7,335350;0,46%;1.7;4,83%;8,35%;5,02%;30.79;-;2,1%;0%;0%;4.7;;
mhocjxdbhyyhhh44mrrgu47w;RAÍCES INFRAESTRUCTURA;2026-05-21;Clase A;15;7256693;mhocjxdbhyyhhh44mrrgu47w;RAÍCES INFRAESTRUCTURA;ARS;Moderado;Horizonte a 120 días;Financiamiento productivo;0.4694;https://www.provinciafondos.com.ar/nuestros-fondos/mhocjxdbhyyhhh44mrrgu47w;2026-06-04 18:32:59.457303;El fondo busca la apreciación de su valor patrimonial invirtiendo principalmente en instrumentos destinados al financiamiento de proyectos de infraestructura o de proyectos con impacto en la economía real en la Argentina.;94.0;502.0;17.0;10,8 meses;10252304147.0;2026-05-29;https://provincia-prod-api.teocoop.site/uploads/F15_05_26_dcbda9b296.pdf;2026-06-04 18:34:19.749291;RAÍCES INFRAESTRUCTURA;2026-05-29;Pesos;medio;120 días;moderado;renta fija;10.252.304.147;7,335350;0,46%;1.7;4,83%;8,35%;5,02%;30.79;-;2,1%;0%;0%;4.7;;
mhocjxdbhyyhhh44mrrgu47w;RAÍCES INFRAESTRUCTURA;2026-05-20;Clase A;15;7272572;mhocjxdbhyyhhh44mrrgu47w;RAÍCES INFRAESTRUCTURA;ARS;Moderado;Horizonte a 120 días;Financiamiento productivo;0.4694;https://www.provinciafondos.com.ar/nuestros-fondos/mhocjxdbhyyhhh44mrrgu47w;2026-06-04 18:32:59.457303;El fondo busca la apreciación de su valor patrimonial invirtiendo principalmente en instrumentos destinados al financiamiento de proyectos de infraestructura o de proyectos con impacto en la economía real en la Argentina.;94.0;502.0;17.0;10,8 meses;10252304147.0;2026-05-29;https://provincia-prod-api.teocoop.site/uploads/F15_05_26_dcbda9b296.pdf;2026-06-04 18:34:19.749291;RAÍCES INFRAESTRUCTURA;2026-05-29;Pesos;medio;120 días;moderado;renta fija;10.252.304.147;7,335350;0,46%;1.7;4,83%;8,35%;5,02%;30.79;-;2,1%;0%;0%;4.7;;
mhocjxdbhyyhhh44mrrgu47w;RAÍCES INFRAESTRUCTURA;2026-05-19;Clase A;15;7272628;mhocjxdbhyyhhh44mrrgu47w;RAÍCES INFRAESTRUCTURA;ARS;Moderado;Horizonte a 120 días;Financiamiento productivo;0.4694;https://www.provinciafondos.com.ar/nuestros-fondos/mhocjxdbhyyhhh44mrrgu47w;2026-06-04 18:32:59.457303;El fondo busca la apreciación de su valor patrimonial invirtiendo principalmente en instrumentos destinados al financiamiento de proyectos de infraestructura o de proyectos con impacto en la economía real en la Argentina.;94.0;502.0;17.0;10,8 meses;10252304147.0;2026-05-29;https://provincia-prod-api.teocoop.site/uploads/F15_05_26_dcbda9b296.pdf;2026-06-04 18:34:19.749291;RAÍCES INFRAESTRUCTURA;2026-05-29;Pesos;medio;120 días;moderado;renta fija;10.252.304.147;7,335350;0,46%;1.7;4,83%;8,35%;5,02%;30.79;-;2,1%;0%;0%;4.7;;
mhocjxdbhyyhhh44mrrgu47w;RAÍCES INFRAESTRUCTURA;2026-05-18;Clase A;15;7263896;mhocjxdbhyyhhh44mrrgu47w;RAÍCES INFRAESTRUCTURA;ARS;Moderado;Horizonte a 120 días;Financiamiento productivo;0.4694;https://www.provinciafondos.com.ar/nuestros-fondos/mhocjxdbhyyhhh44mrrgu47w;2026-06-04 18:32:59.457303;El fondo busca la apreciación de su valor patrimonial invirtiendo principalmente en instrumentos destinados al financiamiento de proyectos de infraestructura o de proyectos con impacto en la economía real en la Argentina.;94.0;502.0;17.0;10,8 meses;10252304147.0;2026-05-29;https://provincia-prod-api.teocoop.site/uploads/F15_05_26_dcbda9b296.pdf;2026-06-04 18:34:19.749291;RAÍCES INFRAESTRUCTURA;2026-05-29;Pesos;medio;120 días;moderado;renta fija;10.252.304.147;7,335350;0,46%;1.7;4,83%;8,35%;5,02%;30.79;-;2,1%;0%;0%;4.7;;
mhocjxdbhyyhhh44mrrgu47w;RAÍCES INFRAESTRUCTURA;2026-05-15;Clase A;15;7256637;mhocjxdbhyyhhh44mrrgu47w;RAÍCES INFRAESTRUCTURA;ARS;Moderado;Horizonte a 120 días;Financiamiento productivo;0.4694;https://www.provinciafondos.com.ar/nuestros-fondos/mhocjxdbhyyhhh44mrrgu47w;2026-06-04 18:32:59.457303;El fondo busca la apreciación de su valor patrimonial invirtiendo principalmente en instrumentos destinados al financiamiento de proyectos de infraestructura o de proyectos con impacto en la economía real en la Argentina.;94.0;502.0;17.0;10,8 meses;10252304147.0;2026-05-29;https://provincia-prod-api.teocoop.site/uploads/F15_05_26_dcbda9b296.pdf;2026-06-04 18:34:19.749291;RAÍCES INFRAESTRUCTURA;2026-05-29;Pesos;medio;120 días;moderado;renta fija;10.252.304.147;7,335350;0,46%;1.7;4,83%;8,35%;5,02%;30.79;-;2,1%;0%;0%;4.7;;
mhocjxdbhyyhhh44mrrgu47w;RAÍCES INFRAESTRUCTURA;2026-05-14;Clase A;15;7230607;mhocjxdbhyyhhh44mrrgu47w;RAÍCES INFRAESTRUCTURA;ARS;Moderado;Horizonte a 120 días;Financiamiento productivo;0.4694;https://www.provinciafondos.com.ar/nuestros-fondos/mhocjxdbhyyhhh44mrrgu47w;2026-06-04 18:32:59.457303;El fondo busca la apreciación de su valor patrimonial invirtiendo principalmente en instrumentos destinados al financiamiento de proyectos de infraestructura o de proyectos con impacto en la economía real en la Argentina.;94.0;502.0;17.0;10,8 meses;10252304147.0;2026-05-29;https://provincia-prod-api.teocoop.site/uploads/F15_05_26_dcbda9b296.pdf;2026-06-04 18:34:19.749291;RAÍCES INFRAESTRUCTURA;2026-05-29;Pesos;medio;120 días;moderado;renta fija;10.252.304.147;7,335350;0,46%;1.7;4,83%;8,35%;5,02%;30.79;-;2,1%;0%;0%;4.7;;
mhocjxdbhyyhhh44mrrgu47w;RAÍCES INFRAESTRUCTURA;2026-05-13;Clase A;15;7232987;mhocjxdbhyyhhh44mrrgu47w;RAÍCES INFRAESTRUCTURA;ARS;Moderado;Horizonte a 120 días;Financiamiento productivo;0.4694;https://www.provinciafondos.com.ar/nuestros-fondos/mhocjxdbhyyhhh44mrrgu47w;2026-06-04 18:32:59.457303;El fondo busca la apreciación de su valor patrimonial invirtiendo principalmente en instrumentos destinados al financiamiento de proyectos de infraestructura o de proyectos con impacto en la economía real en la Argentina.;94.0;502.0;17.0;10,8 meses;10252304147.0;2026-05-29;https://provincia-prod-api.teocoop.site/uploads/F15_05_26_dcbda9b296.pdf;2026-06-04 18:34:19.749291;RAÍCES INFRAESTRUCTURA;2026-05-29;Pesos;medio;120 días;moderado;renta fija;10.252.304.147;7,335350;0,46%;1.7;4,83%;8,35%;5,02%;30.79;-;2,1%;0%;0%;4.7;;
mhocjxdbhyyhhh44mrrgu47w;RAÍCES INFRAESTRUCTURA;2026-05-12;Clase A;15;7215454;mhocjxdbhyyhhh44mrrgu47w;RAÍCES INFRAESTRUCTURA;ARS;Moderado;Horizonte a 120 días;Financiamiento productivo;0.4694;https://www.provinciafondos.com.ar/nuestros-fondos/mhocjxdbhyyhhh44mrrgu47w;2026-06-04 18:32:59.457303;El fondo busca la apreciación de su valor patrimonial invirtiendo principalmente en instrumentos destinados al financiamiento de proyectos de infraestructura o de proyectos con impacto en la economía real en la Argentina.;94.0;502.0;17.0;10,8 meses;10252304147.0;2026-05-29;https://provincia-prod-api.teocoop.site/uploads/F15_05_26_dcbda9b296.pdf;2026-06-04 18:34:19.749291;RAÍCES INFRAESTRUCTURA;2026-05-29;Pesos;medio;120 días;moderado;renta fija;10.252.304.147;7,335350;0,46%;1.7;4,83%;8,35%;5,02%;30.79;-;2,1%;0%;0%;4.7;;
mhocjxdbhyyhhh44mrrgu47w;RAÍCES INFRAESTRUCTURA;2026-05-11;Clase A;15;7232694;mhocjxdbhyyhhh44mrrgu47w;RAÍCES INFRAESTRUCTURA;ARS;Moderado;Horizonte a 120 días;Financiamiento productivo;0.4694;https://www.provinciafondos.com.ar/nuestros-fondos/mhocjxdbhyyhhh44mrrgu47w;2026-06-04 18:32:59.457303;El fondo busca la apreciación de su valor patrimonial invirtiendo principalmente en instrumentos destinados al financiamiento de proyectos de infraestructura o de proyectos con impacto en la economía real en la Argentina.;94.0;502.0;17.0;10,8 meses;10252304147.0;2026-05-29;https://provincia-prod-api.teocoop.site/uploads/F15_05_26_dcbda9b296.pdf;2026-06-04 18:34:19.749291;RAÍCES INFRAESTRUCTURA;2026-05-29;Pesos;medio;120 días;moderado;renta fija;10.252.304.147;7,335350;0,46%;1.7;4,83%;8,35%;5,02%;30.79;-;2,1%;0%;0%;4.7;;
mhocjxdbhyyhhh44mrrgu47w;RAÍCES INFRAESTRUCTURA;2026-05-08;Clase A;15;7244421;mhocjxdbhyyhhh44mrrgu47w;RAÍCES INFRAESTRUCTURA;ARS;Moderado;Horizonte a 120 días;Financiamiento productivo;0.4694;https://www.provinciafondos.com.ar/nuestros-fondos/mhocjxdbhyyhhh44mrrgu47w;2026-06-04 18:32:59.457303;El fondo busca la apreciación de su valor patrimonial invirtiendo principalmente en instrumentos destinados al financiamiento de proyectos de infraestructura o de proyectos con impacto en la economía real en la Argentina.;94.0;502.0;17.0;10,8 meses;10252304147.0;2026-05-29;https://provincia-prod-api.teocoop.site/uploads/F15_05_26_dcbda9b296.pdf;2026-06-04 18:34:19.749291;RAÍCES INFRAESTRUCTURA;2026-05-29;Pesos;medio;120 días;moderado;renta fija;10.252.304.147;7,335350;0,46%;1.7;4,83%;8,35%;5,02%;30.79;-;2,1%;0%;0%;4.7;;
mhocjxdbhyyhhh44mrrgu47w;RAÍCES INFRAESTRUCTURA;2026-05-07;Clase A;15;7231068;mhocjxdbhyyhhh44mrrgu47w;RAÍCES INFRAESTRUCTURA;ARS;Moderado;Horizonte a 120 días;Financiamiento productivo;0.4694;https://www.provinciafondos.com.ar/nuestros-fondos/mhocjxdbhyyhhh44mrrgu47w;2026-06-04 18:32:59.457303;El fondo busca la apreciación de su valor patrimonial invirtiendo principalmente en instrumentos destinados al financiamiento de proyectos de infraestructura o de proyectos con impacto en la economía real en la Argentina.;94.0;502.0;17.0;10,8 meses;10252304147.0;2026-05-29;https://provincia-prod-api.teocoop.site/uploads/F15_05_26_dcbda9b296.pdf;2026-06-04 18:34:19.749291;RAÍCES INFRAESTRUCTURA;2026-05-29;Pesos;medio;120 días;moderado;renta fija;10.252.304.147;7,335350;0,46%;1.7;4,83%;8,35%;5,02%;30.79;-;2,1%;0%;0%;4.7;;
mhocjxdbhyyhhh44mrrgu47w;RAÍCES INFRAESTRUCTURA;2026-05-06;Clase A;15;7214305;mhocjxdbhyyhhh44mrrgu47w;RAÍCES INFRAESTRUCTURA;ARS;Moderado;Horizonte a 120 días;Financiamiento productivo;0.4694;https://www.provinciafondos.com.ar/nuestros-fondos/mhocjxdbhyyhhh44mrrgu47w;2026-06-04 18:32:59.457303;El fondo busca la apreciación de su valor patrimonial invirtiendo principalmente en instrumentos destinados al financiamiento de proyectos de infraestructura o de proyectos con impacto en la economía real en la Argentina.;94.0;502.0;17.0;10,8 meses;10252304147.0;2026-05-29;https://provincia-prod-api.teocoop.site/uploads/F15_05_26_dcbda9b296.pdf;2026-06-04 18:34:19.749291;RAÍCES INFRAESTRUCTURA;2026-05-29;Pesos;medio;120 días;moderado;renta fija;10.252.304.147;7,335350;0,46%;1.7;4,83%;8,35%;5,02%;30.79;-;2,1%;0%;0%;4.7;;
mhocjxdbhyyhhh44mrrgu47w;RAÍCES INFRAESTRUCTURA;2026-06-03;Clase A;15;7430027;mhocjxdbhyyhhh44mrrgu47w;RAÍCES INFRAESTRUCTURA;ARS;Moderado;Horizonte a 120 días;Financiamiento productivo;0.4694;https://www.provinciafondos.com.ar/nuestros-fondos/mhocjxdbhyyhhh44mrrgu47w;2026-06-04 18:32:59.457303;El fondo busca la apreciación de su valor patrimonial invirtiendo principalmente en instrumentos destinados al financiamiento de proyectos de infraestructura o de proyectos con impacto en la economía real en la Argentina.;94.0;502.0;17.0;10,8 meses;10252304147.0;2026-05-29;https://provincia-prod-api.teocoop.site/uploads/F15_05_26_dcbda9b296.pdf;2026-06-04 18:34:19.749291;RAÍCES INFRAESTRUCTURA;2026-05-29;Pesos;medio;120 días;moderado;renta fija;10.252.304.147;7,335350;0,46%;1.7;4,83%;8,35%;5,02%;30.79;-;2,1%;0%;0%;4.7;;
mhocjxdbhyyhhh44mrrgu47w;RAÍCES INFRAESTRUCTURA;2026-06-02;Clase A;15;7395313;mhocjxdbhyyhhh44mrrgu47w;RAÍCES INFRAESTRUCTURA;ARS;Moderado;Horizonte a 120 días;Financiamiento productivo;0.4694;https://www.provinciafondos.com.ar/nuestros-fondos/mhocjxdbhyyhhh44mrrgu47w;2026-06-04 18:32:59.457303;El fondo busca la apreciación de su valor patrimonial invirtiendo principalmente en instrumentos destinados al financiamiento de proyectos de infraestructura o de proyectos con impacto en la economía real en la Argentina.;94.0;502.0;17.0;10,8 meses;10252304147.0;2026-05-29;https://provincia-prod-api.teocoop.site/uploads/F15_05_26_dcbda9b296.pdf;2026-06-04 18:34:19.749291;RAÍCES INFRAESTRUCTURA;2026-05-29;Pesos;medio;120 días;moderado;renta fija;10.252.304.147;7,335350;0,46%;1.7;4,83%;8,35%;5,02%;30.79;-;2,1%;0%;0%;4.7;;
mhocjxdbhyyhhh44mrrgu47w;RAÍCES INFRAESTRUCTURA;2026-06-01;Clase A;15;7374219;mhocjxdbhyyhhh44mrrgu47w;RAÍCES INFRAESTRUCTURA;ARS;Moderado;Horizonte a 120 días;Financiamiento productivo;0.4694;https://www.provinciafondos.com.ar/nuestros-fondos/mhocjxdbhyyhhh44mrrgu47w;2026-06-04 18:32:59.457303;El fondo busca la apreciación de su valor patrimonial invirtiendo principalmente en instrumentos destinados al financiamiento de proyectos de infraestructura o de proyectos con impacto en la economía real en la Argentina.;94.0;502.0;17.0;10,8 meses;10252304147.0;2026-05-29;https://provincia-prod-api.teocoop.site/uploads/F15_05_26_dcbda9b296.pdf;2026-06-04 18:34:19.749291;RAÍCES INFRAESTRUCTURA;2026-05-29;Pesos;medio;120 días;moderado;renta fija;10.252.304.147;7,335350;0,46%;1.7;4,83%;8,35%;5,02%;30.79;-;2,1%;0%;0%;4.7;;
mhocjxdbhyyhhh44mrrgu47w;RAÍCES INFRAESTRUCTURA;2026-05-29;Clase A;15;733535;mhocjxdbhyyhhh44mrrgu47w;RAÍCES INFRAESTRUCTURA;ARS;Moderado;Horizonte a 120 días;Financiamiento productivo;0.4694;https://www.provinciafondos.com.ar/nuestros-fondos/mhocjxdbhyyhhh44mrrgu47w;2026-06-04 18:32:59.457303;El fondo busca la apreciación de su valor patrimonial invirtiendo principalmente en instrumentos destinados al financiamiento de proyectos de infraestructura o de proyectos con impacto en la economía real en la Argentina.;94.0;502.0;17.0;10,8 meses;10252304147.0;2026-05-29;https://provincia-prod-api.teocoop.site/uploads/F15_05_26_dcbda9b296.pdf;2026-06-04 18:34:19.749291;RAÍCES INFRAESTRUCTURA;2026-05-29;Pesos;medio;120 días;moderado;renta fija;10.252.304.147;7,335350;0,46%;1.7;4,83%;8,35%;5,02%;30.79;-;2,1%;0%;0%;4.7;;
mhocjxdbhyyhhh44mrrgu47w;RAÍCES INFRAESTRUCTURA;2026-05-28;Clase A;15;7328368;mhocjxdbhyyhhh44mrrgu47w;RAÍCES INFRAESTRUCTURA;ARS;Moderado;Horizonte a 120 días;Financiamiento productivo;0.4694;https://www.provinciafondos.com.ar/nuestros-fondos/mhocjxdbhyyhhh44mrrgu47w;2026-06-04 18:32:59.457303;El fondo busca la apreciación de su valor patrimonial invirtiendo principalmente en instrumentos destinados al financiamiento de proyectos de infraestructura o de proyectos con impacto en la economía real en la Argentina.;94.0;502.0;17.0;10,8 meses;10252304147.0;2026-05-29;https://provincia-prod-api.teocoop.site/uploads/F15_05_26_dcbda9b296.pdf;2026-06-04 18:34:19.749291;RAÍCES INFRAESTRUCTURA;2026-05-29;Pesos;medio;120 días;moderado;renta fija;10.252.304.147;7,335350;0,46%;1.7;4,83%;8,35%;5,02%;30.79;-;2,1%;0%;0%;4.7;;
mhocjxdbhyyhhh44mrrgu47w;RAÍCES INFRAESTRUCTURA;2026-05-27;Clase A;15;7329704;mhocjxdbhyyhhh44mrrgu47w;RAÍCES INFRAESTRUCTURA;ARS;Moderado;Horizonte a 120 días;Financiamiento productivo;0.4694;https://www.provinciafondos.com.ar/nuestros-fondos/mhocjxdbhyyhhh44mrrgu47w;2026-06-04 18:32:59.457303;El fondo busca la apreciación de su valor patrimonial invirtiendo principalmente en instrumentos destinados al financiamiento de proyectos de infraestructura o de proyectos con impacto en la economía real en la Argentina.;94.0;502.0;17.0;10,8 meses;10252304147.0;2026-05-29;https://provincia-prod-api.teocoop.site/uploads/F15_05_26_dcbda9b296.pdf;2026-06-04 18:34:19.749291;RAÍCES INFRAESTRUCTURA;2026-05-29;Pesos;medio;120 días;moderado;renta fija;10.252.304.147;7,335350;0,46%;1.7;4,83%;8,35%;5,02%;30.79;-;2,1%;0%;0%;4.7;;
mhocjxdbhyyhhh44mrrgu47w;RAÍCES INFRAESTRUCTURA;2026-05-26;Clase A;15;7325465;mhocjxdbhyyhhh44mrrgu47w;RAÍCES INFRAESTRUCTURA;ARS;Moderado;Horizonte a 120 días;Financiamiento productivo;0.4694;https://www.provinciafondos.com.ar/nuestros-fondos/mhocjxdbhyyhhh44mrrgu47w;2026-06-04 18:32:59.457303;El fondo busca la apreciación de su valor patrimonial invirtiendo principalmente en instrumentos destinados al financiamiento de proyectos de infraestructura o de proyectos con impacto en la economía real en la Argentina.;94.0;502.0;17.0;10,8 meses;10252304147.0;2026-05-29;https://provincia-prod-api.teocoop.site/uploads/F15_05_26_dcbda9b296.pdf;2026-06-04 18:34:19.749291;RAÍCES INFRAESTRUCTURA;2026-05-29;Pesos;medio;120 días;moderado;renta fija;10.252.304.147;7,335350;0,46%;1.7;4,83%;8,35%;5,02%;30.79;-;2,1%;0%;0%;4.7;;
mhocjxdbhyyhhh44mrrgu47w;RAÍCES INFRAESTRUCTURA;2026-05-22;Clase A;15;7301904;mhocjxdbhyyhhh44mrrgu47w;RAÍCES INFRAESTRUCTURA;ARS;Moderado;Horizonte a 120 días;Financiamiento productivo;0.4694;https://www.provinciafondos.com.ar/nuestros-fondos/mhocjxdbhyyhhh44mrrgu47w;2026-06-04 18:32:59.457303;El fondo busca la apreciación de su valor patrimonial invirtiendo principalmente en instrumentos destinados al financiamiento de proyectos de infraestructura o de proyectos con impacto en la economía real en la Argentina.;94.0;502.0;17.0;10,8 meses;10252304147.0;2026-05-29;https://provincia-prod-api.teocoop.site/uploads/F15_05_26_dcbda9b296.pdf;2026-06-04 18:34:19.749291;RAÍCES INFRAESTRUCTURA;2026-05-29;Pesos;medio;120 días;moderado;renta fija;10.252.304.147;7,335350;0,46%;1.7;4,83%;8,35%;5,02%;30.79;-;2,1%;0%;0%;4.7;;
mhocjxdbhyyhhh44mrrgu47w;RAÍCES INFRAESTRUCTURA;2026-05-21;Clase A;15;7256693;mhocjxdbhyyhhh44mrrgu47w;RAÍCES INFRAESTRUCTURA;ARS;Moderado;Horizonte a 120 días;Financiamiento productivo;0.4694;https://www.provinciafondos.com.ar/nuestros-fondos/mhocjxdbhyyhhh44mrrgu47w;2026-06-04 18:32:59.457303;El fondo busca la apreciación de su valor patrimonial invirtiendo principalmente en instrumentos destinados al financiamiento de proyectos de infraestructura o de proyectos con impacto en la economía real en la Argentina.;94.0;502.0;17.0;10,8 meses;10252304147.0;2026-05-29;https://provincia-prod-api.teocoop.site/uploads/F15_05_26_dcbda9b296.pdf;2026-06-04 18:34:19.749291;RAÍCES INFRAESTRUCTURA;2026-05-29;Pesos;medio;120 días;moderado;renta fija;10.252.304.147;7,335350;0,46%;1.7;4,83%;8,35%;5,02%;30.79;-;2,1%;0%;0%;4.7;;
mhocjxdbhyyhhh44mrrgu47w;RAÍCES INFRAESTRUCTURA;2026-05-20;Clase A;15;7272572;mhocjxdbhyyhhh44mrrgu47w;RAÍCES INFRAESTRUCTURA;ARS;Moderado;Horizonte a 120 días;Financiamiento productivo;0.4694;https://www.provinciafondos.com.ar/nuestros-fondos/mhocjxdbhyyhhh44mrrgu47w;2026-06-04 18:32:59.457303;El fondo busca la apreciación de su valor patrimonial invirtiendo principalmente en instrumentos destinados al financiamiento de proyectos de infraestructura o de proyectos con impacto en la economía real en la Argentina.;94.0;502.0;17.0;10,8 meses;10252304147.0;2026-05-29;https://provincia-prod-api.teocoop.site/uploads/F15_05_26_dcbda9b296.pdf;2026-06-04 18:34:19.749291;RAÍCES INFRAESTRUCTURA;2026-05-29;Pesos;medio;120 días;moderado;renta fija;10.252.304.147;7,335350;0,46%;1.7;4,83%;8,35%;5,02%;30.79;-;2,1%;0%;0%;4.7;;
mhocjxdbhyyhhh44mrrgu47w;RAÍCES INFRAESTRUCTURA;2026-05-19;Clase A;15;7272628;mhocjxdbhyyhhh44mrrgu47w;RAÍCES INFRAESTRUCTURA;ARS;Moderado;Horizonte a 120 días;Financiamiento productivo;0.4694;https://www.provinciafondos.com.ar/nuestros-fondos/mhocjxdbhyyhhh44mrrgu47w;2026-06-04 18:32:59.457303;El fondo busca la apreciación de su valor patrimonial invirtiendo principalmente en instrumentos destinados al financiamiento de proyectos de infraestructura o de proyectos con impacto en la economía real en la Argentina.;94.0;502.0;17.0;10,8 meses;10252304147.0;2026-05-29;https://provincia-prod-api.teocoop.site/uploads/F15_05_26_dcbda9b296.pdf;2026-06-04 18:34:19.749291;RAÍCES INFRAESTRUCTURA;2026-05-29;Pesos;medio;120 días;moderado;renta fija;10.252.304.147;7,335350;0,46%;1.7;4,83%;8,35%;5,02%;30.79;-;2,1%;0%;0%;4.7;;
mhocjxdbhyyhhh44mrrgu47w;RAÍCES INFRAESTRUCTURA;2026-05-18;Clase A;15;7263896;mhocjxdbhyyhhh44mrrgu47w;RAÍCES INFRAESTRUCTURA;ARS;Moderado;Horizonte a 120 días;Financiamiento productivo;0.4694;https://www.provinciafondos.com.ar/nuestros-fondos/mhocjxdbhyyhhh44mrrgu47w;2026-06-04 18:32:59.457303;El fondo busca la apreciación de su valor patrimonial invirtiendo principalmente en instrumentos destinados al financiamiento de proyectos de infraestructura o de proyectos con impacto en la economía real en la Argentina.;94.0;502.0;17.0;10,8 meses;10252304147.0;2026-05-29;https://provincia-prod-api.teocoop.site/uploads/F15_05_26_dcbda9b296.pdf;2026-06-04 18:34:19.749291;RAÍCES INFRAESTRUCTURA;2026-05-29;Pesos;medio;120 días;moderado;renta fija;10.252.304.147;7,335350;0,46%;1.7;4,83%;8,35%;5,02%;30.79;-;2,1%;0%;0%;4.7;;
mhocjxdbhyyhhh44mrrgu47w;RAÍCES INFRAESTRUCTURA;2026-05-15;Clase A;15;7256637;mhocjxdbhyyhhh44mrrgu47w;RAÍCES INFRAESTRUCTURA;ARS;Moderado;Horizonte a 120 días;Financiamiento productivo;0.4694;https://www.provinciafondos.com.ar/nuestros-fondos/mhocjxdbhyyhhh44mrrgu47w;2026-06-04 18:32:59.457303;El fondo busca la apreciación de su valor patrimonial invirtiendo principalmente en instrumentos destinados al financiamiento de proyectos de infraestructura o de proyectos con impacto en la economía real en la Argentina.;94.0;502.0;17.0;10,8 meses;10252304147.0;2026-05-29;https://provincia-prod-api.teocoop.site/uploads/F15_05_26_dcbda9b296.pdf;2026-06-04 18:34:19.749291;RAÍCES INFRAESTRUCTURA;2026-05-29;Pesos;medio;120 días;moderado;renta fija;10.252.304.147;7,335350;0,46%;1.7;4,83%;8,35%;5,02%;30.79;-;2,1%;0%;0%;4.7;;
mhocjxdbhyyhhh44mrrgu47w;RAÍCES INFRAESTRUCTURA;2026-05-14;Clase A;15;7230607;mhocjxdbhyyhhh44mrrgu47w;RAÍCES INFRAESTRUCTURA;ARS;Moderado;Horizonte a 120 días;Financiamiento productivo;0.4694;https://www.provinciafondos.com.ar/nuestros-fondos/mhocjxdbhyyhhh44mrrgu47w;2026-06-04 18:32:59.457303;El fondo busca la apreciación de su valor patrimonial invirtiendo principalmente en instrumentos destinados al financiamiento de proyectos de infraestructura o de proyectos con impacto en la economía real en la Argentina.;94.0;502.0;17.0;10,8 meses;10252304147.0;2026-05-29;https://provincia-prod-api.teocoop.site/uploads/F15_05_26_dcbda9b296.pdf;2026-06-04 18:34:19.749291;RAÍCES INFRAESTRUCTURA;2026-05-29;Pesos;medio;120 días;moderado;renta fija;10.252.304.147;7,335350;0,46%;1.7;4,83%;8,35%;5,02%;30.79;-;2,1%;0%;0%;4.7;;
mhocjxdbhyyhhh44mrrgu47w;RAÍCES INFRAESTRUCTURA;2026-05-13;Clase A;15;7232987;mhocjxdbhyyhhh44mrrgu47w;RAÍCES INFRAESTRUCTURA;ARS;Moderado;Horizonte a 120 días;Financiamiento productivo;0.4694;https://www.provinciafondos.com.ar/nuestros-fondos/mhocjxdbhyyhhh44mrrgu47w;2026-06-04 18:32:59.457303;El fondo busca la apreciación de su valor patrimonial invirtiendo principalmente en instrumentos destinados al financiamiento de proyectos de infraestructura o de proyectos con impacto en la economía real en la Argentina.;94.0;502.0;17.0;10,8 meses;10252304147.0;2026-05-29;https://provincia-prod-api.teocoop.site/uploads/F15_05_26_dcbda9b296.pdf;2026-06-04 18:34:19.749291;RAÍCES INFRAESTRUCTURA;2026-05-29;Pesos;medio;120 días;moderado;renta fija;10.252.304.147;7,335350;0,46%;1.7;4,83%;8,35%;5,02%;30.79;-;2,1%;0%;0%;4.7;;
mhocjxdbhyyhhh44mrrgu47w;RAÍCES INFRAESTRUCTURA;2026-05-12;Clase A;15;7215454;mhocjxdbhyyhhh44mrrgu47w;RAÍCES INFRAESTRUCTURA;ARS;Moderado;Horizonte a 120 días;Financiamiento productivo;0.4694;https://www.provinciafondos.com.ar/nuestros-fondos/mhocjxdbhyyhhh44mrrgu47w;2026-06-04 18:32:59.457303;El fondo busca la apreciación de su valor patrimonial invirtiendo principalmente en instrumentos destinados al financiamiento de proyectos de infraestructura o de proyectos con impacto en la economía real en la Argentina.;94.0;502.0;17.0;10,8 meses;10252304147.0;2026-05-29;https://provincia-prod-api.teocoop.site/uploads/F15_05_26_dcbda9b296.pdf;2026-06-04 18:34:19.749291;RAÍCES INFRAESTRUCTURA;2026-05-29;Pesos;medio;120 días;moderado;renta fija;10.252.304.147;7,335350;0,46%;1.7;4,83%;8,35%;5,02%;30.79;-;2,1%;0%;0%;4.7;;
mhocjxdbhyyhhh44mrrgu47w;RAÍCES INFRAESTRUCTURA;2026-05-11;Clase A;15;7232694;mhocjxdbhyyhhh44mrrgu47w;RAÍCES INFRAESTRUCTURA;ARS;Moderado;Horizonte a 120 días;Financiamiento productivo;0.4694;https://www.provinciafondos.com.ar/nuestros-fondos/mhocjxdbhyyhhh44mrrgu47w;2026-06-04 18:32:59.457303;El fondo busca la apreciación de su valor patrimonial invirtiendo principalmente en instrumentos destinados al financiamiento de proyectos de infraestructura o de proyectos con impacto en la economía real en la Argentina.;94.0;502.0;17.0;10,8 meses;10252304147.0;2026-05-29;https://provincia-prod-api.teocoop.site/uploads/F15_05_26_dcbda9b296.pdf;2026-06-04 18:34:19.749291;RAÍCES INFRAESTRUCTURA;2026-05-29;Pesos;medio;120 días;moderado;renta fija;10.252.304.147;7,335350;0,46%;1.7;4,83%;8,35%;5,02%;30.79;-;2,1%;0%;0%;4.7;;
mhocjxdbhyyhhh44mrrgu47w;RAÍCES INFRAESTRUCTURA;2026-05-08;Clase A;15;7244421;mhocjxdbhyyhhh44mrrgu47w;RAÍCES INFRAESTRUCTURA;ARS;Moderado;Horizonte a 120 días;Financiamiento productivo;0.4694;https://www.provinciafondos.com.ar/nuestros-fondos/mhocjxdbhyyhhh44mrrgu47w;2026-06-04 18:32:59.457303;El fondo busca la apreciación de su valor patrimonial invirtiendo principalmente en instrumentos destinados al financiamiento de proyectos de infraestructura o de proyectos con impacto en la economía real en la Argentina.;94.0;502.0;17.0;10,8 meses;10252304147.0;2026-05-29;https://provincia-prod-api.teocoop.site/uploads/F15_05_26_dcbda9b296.pdf;2026-06-04 18:34:19.749291;RAÍCES INFRAESTRUCTURA;2026-05-29;Pesos;medio;120 días;moderado;renta fija;10.252.304.147;7,335350;0,46%;1.7;4,83%;8,35%;5,02%;30.79;-;2,1%;0%;0%;4.7;;
mhocjxdbhyyhhh44mrrgu47w;RAÍCES INFRAESTRUCTURA;2026-05-07;Clase A;15;7231068;mhocjxdbhyyhhh44mrrgu47w;RAÍCES INFRAESTRUCTURA;ARS;Moderado;Horizonte a 120 días;Financiamiento productivo;0.4694;https://www.provinciafondos.com.ar/nuestros-fondos/mhocjxdbhyyhhh44mrrgu47w;2026-06-04 18:32:59.457303;El fondo busca la apreciación de su valor patrimonial invirtiendo principalmente en instrumentos destinados al financiamiento de proyectos de infraestructura o de proyectos con impacto en la economía real en la Argentina.;94.0;502.0;17.0;10,8 meses;10252304147.0;2026-05-29;https://provincia-prod-api.teocoop.site/uploads/F15_05_26_dcbda9b296.pdf;2026-06-04 18:34:19.749291;RAÍCES INFRAESTRUCTURA;2026-05-29;Pesos;medio;120 días;moderado;renta fija;10.252.304.147;7,335350;0,46%;1.7;4,83%;8,35%;5,02%;30.79;-;2,1%;0%;0%;4.7;;
mhocjxdbhyyhhh44mrrgu47w;RAÍCES INFRAESTRUCTURA;2026-05-06;Clase A;15;7214305;mhocjxdbhyyhhh44mrrgu47w;RAÍCES INFRAESTRUCTURA;ARS;Moderado;Horizonte a 120 días;Financiamiento productivo;0.4694;https://www.provinciafondos.com.ar/nuestros-fondos/mhocjxdbhyyhhh44mrrgu47w;2026-06-04 18:32:59.457303;El fondo busca la apreciación de su valor patrimonial invirtiendo principalmente en instrumentos destinados al financiamiento de proyectos de infraestructura o de proyectos con impacto en la economía real en la Argentina.;94.0;502.0;17.0;10,8 meses;10252304147.0;2026-05-29;https://provincia-prod-api.teocoop.site/uploads/F15_05_26_dcbda9b296.pdf;2026-06-04 18:34:19.749291;RAÍCES INFRAESTRUCTURA;2026-05-29;Pesos;medio;120 días;moderado;renta fija;10.252.304.147;7,335350;0,46%;1.7;4,83%;8,35%;5,02%;30.79;-;2,1%;0%;0%;4.7;;
rpmjkp81vwyyen1196w65g5d;RAÍCES INTERNACIONAL;2026-06-03;Clase A;17;1004667;rpmjkp81vwyyen1196w65g5d;RAÍCES INTERNACIONAL;ARS;Moderado;Horizonte a 1 año;Renta fija;-0.0255;https://www.provinciafondos.com.ar/nuestros-fondos/rpmjkp81vwyyen1196w65g5d;2026-06-04 18:32:59.457796;El fondo invierte en activos de renta fija en dólares, cuyos emisores son corporativos o soberanos del Mercosur y/o Chile. Adicionalmente, la cartera puede incluir Treasuries estadounidenses.;12.0;0.0;1.0;30,8 meses;2413827.0;2026-05-29;https://provincia-prod-api.teocoop.site/uploads/F17_05_26_6a6927aa9b.pdf;2026-06-04 18:34:41.104067;RAÍCES INTERNACIONAL;2026-05-29;Dólares;medio;1 año;moderado;renta fija;(USD): 2.413.827;1,003975;0,25%;0.1;;;;;-;0,5%;66,2%;0%;;;0.5
rpmjkp81vwyyen1196w65g5d;RAÍCES INTERNACIONAL;2026-06-02;Clase A;17;1004923;rpmjkp81vwyyen1196w65g5d;RAÍCES INTERNACIONAL;ARS;Moderado;Horizonte a 1 año;Renta fija;-0.0255;https://www.provinciafondos.com.ar/nuestros-fondos/rpmjkp81vwyyen1196w65g5d;2026-06-04 18:32:59.457796;El fondo invierte en activos de renta fija en dólares, cuyos emisores son corporativos o soberanos del Mercosur y/o Chile. Adicionalmente, la cartera puede incluir Treasuries estadounidenses.;12.0;0.0;1.0;30,8 meses;2413827.0;2026-05-29;https://provincia-prod-api.teocoop.site/uploads/F17_05_26_6a6927aa9b.pdf;2026-06-04 18:34:41.104067;RAÍCES INTERNACIONAL;2026-05-29;Dólares;medio;1 año;moderado;renta fija;(USD): 2.413.827;1,003975;0,25%;0.1;;;;;-;0,5%;66,2%;0%;;;0.5
rpmjkp81vwyyen1196w65g5d;RAÍCES INTERNACIONAL;2026-06-01;Clase A;17;1004433;rpmjkp81vwyyen1196w65g5d;RAÍCES INTERNACIONAL;ARS;Moderado;Horizonte a 1 año;Renta fija;-0.0255;https://www.provinciafondos.com.ar/nuestros-fondos/rpmjkp81vwyyen1196w65g5d;2026-06-04 18:32:59.457796;El fondo invierte en activos de renta fija en dólares, cuyos emisores son corporativos o soberanos del Mercosur y/o Chile. Adicionalmente, la cartera puede incluir Treasuries estadounidenses.;12.0;0.0;1.0;30,8 meses;2413827.0;2026-05-29;https://provincia-prod-api.teocoop.site/uploads/F17_05_26_6a6927aa9b.pdf;2026-06-04 18:34:41.104067;RAÍCES INTERNACIONAL;2026-05-29;Dólares;medio;1 año;moderado;renta fija;(USD): 2.413.827;1,003975;0,25%;0.1;;;;;-;0,5%;66,2%;0%;;;0.5
rpmjkp81vwyyen1196w65g5d;RAÍCES INTERNACIONAL;2026-05-29;Clase A;17;1003975;rpmjkp81vwyyen1196w65g5d;RAÍCES INTERNACIONAL;ARS;Moderado;Horizonte a 1 año;Renta fija;-0.0255;https://www.provinciafondos.com.ar/nuestros-fondos/rpmjkp81vwyyen1196w65g5d;2026-06-04 18:32:59.457796;El fondo invierte en activos de renta fija en dólares, cuyos emisores son corporativos o soberanos del Mercosur y/o Chile. Adicionalmente, la cartera puede incluir Treasuries estadounidenses.;12.0;0.0;1.0;30,8 meses;2413827.0;2026-05-29;https://provincia-prod-api.teocoop.site/uploads/F17_05_26_6a6927aa9b.pdf;2026-06-04 18:34:41.104067;RAÍCES INTERNACIONAL;2026-05-29;Dólares;medio;1 año;moderado;renta fija;(USD): 2.413.827;1,003975;0,25%;0.1;;;;;-;0,5%;66,2%;0%;;;0.5
rpmjkp81vwyyen1196w65g5d;RAÍCES INTERNACIONAL;2026-05-28;Clase A;17;1003313;rpmjkp81vwyyen1196w65g5d;RAÍCES INTERNACIONAL;ARS;Moderado;Horizonte a 1 año;Renta fija;-0.0255;https://www.provinciafondos.com.ar/nuestros-fondos/rpmjkp81vwyyen1196w65g5d;2026-06-04 18:32:59.457796;El fondo invierte en activos de renta fija en dólares, cuyos emisores son corporativos o soberanos del Mercosur y/o Chile. Adicionalmente, la cartera puede incluir Treasuries estadounidenses.;12.0;0.0;1.0;30,8 meses;2413827.0;2026-05-29;https://provincia-prod-api.teocoop.site/uploads/F17_05_26_6a6927aa9b.pdf;2026-06-04 18:34:41.104067;RAÍCES INTERNACIONAL;2026-05-29;Dólares;medio;1 año;moderado;renta fija;(USD): 2.413.827;1,003975;0,25%;0.1;;;;;-;0,5%;66,2%;0%;;;0.5
rpmjkp81vwyyen1196w65g5d;RAÍCES INTERNACIONAL;2026-05-27;Clase A;17;1003073;rpmjkp81vwyyen1196w65g5d;RAÍCES INTERNACIONAL;ARS;Moderado;Horizonte a 1 año;Renta fija;-0.0255;https://www.provinciafondos.com.ar/nuestros-fondos/rpmjkp81vwyyen1196w65g5d;2026-06-04 18:32:59.457796;El fondo invierte en activos de renta fija en dólares, cuyos emisores son corporativos o soberanos del Mercosur y/o Chile. Adicionalmente, la cartera puede incluir Treasuries estadounidenses.;12.0;0.0;1.0;30,8 meses;2413827.0;2026-05-29;https://provincia-prod-api.teocoop.site/uploads/F17_05_26_6a6927aa9b.pdf;2026-06-04 18:34:41.104067;RAÍCES INTERNACIONAL;2026-05-29;Dólares;medio;1 año;moderado;renta fija;(USD): 2.413.827;1,003975;0,25%;0.1;;;;;-;0,5%;66,2%;0%;;;0.5
rpmjkp81vwyyen1196w65g5d;RAÍCES INTERNACIONAL;2026-05-26;Clase A;17;1002905;rpmjkp81vwyyen1196w65g5d;RAÍCES INTERNACIONAL;ARS;Moderado;Horizonte a 1 año;Renta fija;-0.0255;https://www.provinciafondos.com.ar/nuestros-fondos/rpmjkp81vwyyen1196w65g5d;2026-06-04 18:32:59.457796;El fondo invierte en activos de renta fija en dólares, cuyos emisores son corporativos o soberanos del Mercosur y/o Chile. Adicionalmente, la cartera puede incluir Treasuries estadounidenses.;12.0;0.0;1.0;30,8 meses;2413827.0;2026-05-29;https://provincia-prod-api.teocoop.site/uploads/F17_05_26_6a6927aa9b.pdf;2026-06-04 18:34:41.104067;RAÍCES INTERNACIONAL;2026-05-29;Dólares;medio;1 año;moderado;renta fija;(USD): 2.413.827;1,003975;0,25%;0.1;;;;;-;0,5%;66,2%;0%;;;0.5
rpmjkp81vwyyen1196w65g5d;RAÍCES INTERNACIONAL;2026-05-22;Clase A;17;1001433;rpmjkp81vwyyen1196w65g5d;RAÍCES INTERNACIONAL;ARS;Moderado;Horizonte a 1 año;Renta fija;-0.0255;https://www.provinciafondos.com.ar/nuestros-fondos/rpmjkp81vwyyen1196w65g5d;2026-06-04 18:32:59.457796;El fondo invierte en activos de renta fija en dólares, cuyos emisores son corporativos o soberanos del Mercosur y/o Chile. Adicionalmente, la cartera puede incluir Treasuries estadounidenses.;12.0;0.0;1.0;30,8 meses;2413827.0;2026-05-29;https://provincia-prod-api.teocoop.site/uploads/F17_05_26_6a6927aa9b.pdf;2026-06-04 18:34:41.104067;RAÍCES INTERNACIONAL;2026-05-29;Dólares;medio;1 año;moderado;renta fija;(USD): 2.413.827;1,003975;0,25%;0.1;;;;;-;0,5%;66,2%;0%;;;0.5
rpmjkp81vwyyen1196w65g5d;RAÍCES INTERNACIONAL;2026-05-21;Clase A;17;1000479;rpmjkp81vwyyen1196w65g5d;RAÍCES INTERNACIONAL;ARS;Moderado;Horizonte a 1 año;Renta fija;-0.0255;https://www.provinciafondos.com.ar/nuestros-fondos/rpmjkp81vwyyen1196w65g5d;2026-06-04 18:32:59.457796;El fondo invierte en activos de renta fija en dólares, cuyos emisores son corporativos o soberanos del Mercosur y/o Chile. Adicionalmente, la cartera puede incluir Treasuries estadounidenses.;12.0;0.0;1.0;30,8 meses;2413827.0;2026-05-29;https://provincia-prod-api.teocoop.site/uploads/F17_05_26_6a6927aa9b.pdf;2026-06-04 18:34:41.104067;RAÍCES INTERNACIONAL;2026-05-29;Dólares;medio;1 año;moderado;renta fija;(USD): 2.413.827;1,003975;0,25%;0.1;;;;;-;0,5%;66,2%;0%;;;0.5
rpmjkp81vwyyen1196w65g5d;RAÍCES INTERNACIONAL;2026-05-20;Clase A;17;1000726;rpmjkp81vwyyen1196w65g5d;RAÍCES INTERNACIONAL;ARS;Moderado;Horizonte a 1 año;Renta fija;-0.0255;https://www.provinciafondos.com.ar/nuestros-fondos/rpmjkp81vwyyen1196w65g5d;2026-06-04 18:32:59.457796;El fondo invierte en activos de renta fija en dólares, cuyos emisores son corporativos o soberanos del Mercosur y/o Chile. Adicionalmente, la cartera puede incluir Treasuries estadounidenses.;12.0;0.0;1.0;30,8 meses;2413827.0;2026-05-29;https://provincia-prod-api.teocoop.site/uploads/F17_05_26_6a6927aa9b.pdf;2026-06-04 18:34:41.104067;RAÍCES INTERNACIONAL;2026-05-29;Dólares;medio;1 año;moderado;renta fija;(USD): 2.413.827;1,003975;0,25%;0.1;;;;;-;0,5%;66,2%;0%;;;0.5
rpmjkp81vwyyen1196w65g5d;RAÍCES INTERNACIONAL;2026-05-19;Clase A;17;999882;rpmjkp81vwyyen1196w65g5d;RAÍCES INTERNACIONAL;ARS;Moderado;Horizonte a 1 año;Renta fija;-0.0255;https://www.provinciafondos.com.ar/nuestros-fondos/rpmjkp81vwyyen1196w65g5d;2026-06-04 18:32:59.457796;El fondo invierte en activos de renta fija en dólares, cuyos emisores son corporativos o soberanos del Mercosur y/o Chile. Adicionalmente, la cartera puede incluir Treasuries estadounidenses.;12.0;0.0;1.0;30,8 meses;2413827.0;2026-05-29;https://provincia-prod-api.teocoop.site/uploads/F17_05_26_6a6927aa9b.pdf;2026-06-04 18:34:41.104067;RAÍCES INTERNACIONAL;2026-05-29;Dólares;medio;1 año;moderado;renta fija;(USD): 2.413.827;1,003975;0,25%;0.1;;;;;-;0,5%;66,2%;0%;;;0.5
rpmjkp81vwyyen1196w65g5d;RAÍCES INTERNACIONAL;2026-05-18;Clase A;17;1000959;rpmjkp81vwyyen1196w65g5d;RAÍCES INTERNACIONAL;ARS;Moderado;Horizonte a 1 año;Renta fija;-0.0255;https://www.provinciafondos.com.ar/nuestros-fondos/rpmjkp81vwyyen1196w65g5d;2026-06-04 18:32:59.457796;El fondo invierte en activos de renta fija en dólares, cuyos emisores son corporativos o soberanos del Mercosur y/o Chile. Adicionalmente, la cartera puede incluir Treasuries estadounidenses.;12.0;0.0;1.0;30,8 meses;2413827.0;2026-05-29;https://provincia-prod-api.teocoop.site/uploads/F17_05_26_6a6927aa9b.pdf;2026-06-04 18:34:41.104067;RAÍCES INTERNACIONAL;2026-05-29;Dólares;medio;1 año;moderado;renta fija;(USD): 2.413.827;1,003975;0,25%;0.1;;;;;-;0,5%;66,2%;0%;;;0.5
rpmjkp81vwyyen1196w65g5d;RAÍCES INTERNACIONAL;2026-05-15;Clase A;17;1000982;rpmjkp81vwyyen1196w65g5d;RAÍCES INTERNACIONAL;ARS;Moderado;Horizonte a 1 año;Renta fija;-0.0255;https://www.provinciafondos.com.ar/nuestros-fondos/rpmjkp81vwyyen1196w65g5d;2026-06-04 18:32:59.457796;El fondo invierte en activos de renta fija en dólares, cuyos emisores son corporativos o soberanos del Mercosur y/o Chile. Adicionalmente, la cartera puede incluir Treasuries estadounidenses.;12.0;0.0;1.0;30,8 meses;2413827.0;2026-05-29;https://provincia-prod-api.teocoop.site/uploads/F17_05_26_6a6927aa9b.pdf;2026-06-04 18:34:41.104067;RAÍCES INTERNACIONAL;2026-05-29;Dólares;medio;1 año;moderado;renta fija;(USD): 2.413.827;1,003975;0,25%;0.1;;;;;-;0,5%;66,2%;0%;;;0.5
rpmjkp81vwyyen1196w65g5d;RAÍCES INTERNACIONAL;2026-05-14;Clase A;17;1001978;rpmjkp81vwyyen1196w65g5d;RAÍCES INTERNACIONAL;ARS;Moderado;Horizonte a 1 año;Renta fija;-0.0255;https://www.provinciafondos.com.ar/nuestros-fondos/rpmjkp81vwyyen1196w65g5d;2026-06-04 18:32:59.457796;El fondo invierte en activos de renta fija en dólares, cuyos emisores son corporativos o soberanos del Mercosur y/o Chile. Adicionalmente, la cartera puede incluir Treasuries estadounidenses.;12.0;0.0;1.0;30,8 meses;2413827.0;2026-05-29;https://provincia-prod-api.teocoop.site/uploads/F17_05_26_6a6927aa9b.pdf;2026-06-04 18:34:41.104067;RAÍCES INTERNACIONAL;2026-05-29;Dólares;medio;1 año;moderado;renta fija;(USD): 2.413.827;1,003975;0,25%;0.1;;;;;-;0,5%;66,2%;0%;;;0.5
rpmjkp81vwyyen1196w65g5d;RAÍCES INTERNACIONAL;2026-05-13;Clase A;17;1002353;rpmjkp81vwyyen1196w65g5d;RAÍCES INTERNACIONAL;ARS;Moderado;Horizonte a 1 año;Renta fija;-0.0255;https://www.provinciafondos.com.ar/nuestros-fondos/rpmjkp81vwyyen1196w65g5d;2026-06-04 18:32:59.457796;El fondo invierte en activos de renta fija en dólares, cuyos emisores son corporativos o soberanos del Mercosur y/o Chile. Adicionalmente, la cartera puede incluir Treasuries estadounidenses.;12.0;0.0;1.0;30,8 meses;2413827.0;2026-05-29;https://provincia-prod-api.teocoop.site/uploads/F17_05_26_6a6927aa9b.pdf;2026-06-04 18:34:41.104067;RAÍCES INTERNACIONAL;2026-05-29;Dólares;medio;1 año;moderado;renta fija;(USD): 2.413.827;1,003975;0,25%;0.1;;;;;-;0,5%;66,2%;0%;;;0.5
rpmjkp81vwyyen1196w65g5d;RAÍCES INTERNACIONAL;2026-05-12;Clase A;17;1002459;rpmjkp81vwyyen1196w65g5d;RAÍCES INTERNACIONAL;ARS;Moderado;Horizonte a 1 año;Renta fija;-0.0255;https://www.provinciafondos.com.ar/nuestros-fondos/rpmjkp81vwyyen1196w65g5d;2026-06-04 18:32:59.457796;El fondo invierte en activos de renta fija en dólares, cuyos emisores son corporativos o soberanos del Mercosur y/o Chile. Adicionalmente, la cartera puede incluir Treasuries estadounidenses.;12.0;0.0;1.0;30,8 meses;2413827.0;2026-05-29;https://provincia-prod-api.teocoop.site/uploads/F17_05_26_6a6927aa9b.pdf;2026-06-04 18:34:41.104067;RAÍCES INTERNACIONAL;2026-05-29;Dólares;medio;1 año;moderado;renta fija;(USD): 2.413.827;1,003975;0,25%;0.1;;;;;-;0,5%;66,2%;0%;;;0.5
rpmjkp81vwyyen1196w65g5d;RAÍCES INTERNACIONAL;2026-05-11;Clase A;17;1003338;rpmjkp81vwyyen1196w65g5d;RAÍCES INTERNACIONAL;ARS;Moderado;Horizonte a 1 año;Renta fija;-0.0255;https://www.provinciafondos.com.ar/nuestros-fondos/rpmjkp81vwyyen1196w65g5d;2026-06-04 18:32:59.457796;El fondo invierte en activos de renta fija en dólares, cuyos emisores son corporativos o soberanos del Mercosur y/o Chile. Adicionalmente, la cartera puede incluir Treasuries estadounidenses.;12.0;0.0;1.0;30,8 meses;2413827.0;2026-05-29;https://provincia-prod-api.teocoop.site/uploads/F17_05_26_6a6927aa9b.pdf;2026-06-04 18:34:41.104067;RAÍCES INTERNACIONAL;2026-05-29;Dólares;medio;1 año;moderado;renta fija;(USD): 2.413.827;1,003975;0,25%;0.1;;;;;-;0,5%;66,2%;0%;;;0.5
rpmjkp81vwyyen1196w65g5d;RAÍCES INTERNACIONAL;2026-05-08;Clase A;17;1003596;rpmjkp81vwyyen1196w65g5d;RAÍCES INTERNACIONAL;ARS;Moderado;Horizonte a 1 año;Renta fija;-0.0255;https://www.provinciafondos.com.ar/nuestros-fondos/rpmjkp81vwyyen1196w65g5d;2026-06-04 18:32:59.457796;El fondo invierte en activos de renta fija en dólares, cuyos emisores son corporativos o soberanos del Mercosur y/o Chile. Adicionalmente, la cartera puede incluir Treasuries estadounidenses.;12.0;0.0;1.0;30,8 meses;2413827.0;2026-05-29;https://provincia-prod-api.teocoop.site/uploads/F17_05_26_6a6927aa9b.pdf;2026-06-04 18:34:41.104067;RAÍCES INTERNACIONAL;2026-05-29;Dólares;medio;1 año;moderado;renta fija;(USD): 2.413.827;1,003975;0,25%;0.1;;;;;-;0,5%;66,2%;0%;;;0.5
rpmjkp81vwyyen1196w65g5d;RAÍCES INTERNACIONAL;2026-05-07;Clase A;17;1003187;rpmjkp81vwyyen1196w65g5d;RAÍCES INTERNACIONAL;ARS;Moderado;Horizonte a 1 año;Renta fija;-0.0255;https://www.provinciafondos.com.ar/nuestros-fondos/rpmjkp81vwyyen1196w65g5d;2026-06-04 18:32:59.457796;El fondo invierte en activos de renta fija en dólares, cuyos emisores son corporativos o soberanos del Mercosur y/o Chile. Adicionalmente, la cartera puede incluir Treasuries estadounidenses.;12.0;0.0;1.0;30,8 meses;2413827.0;2026-05-29;https://provincia-prod-api.teocoop.site/uploads/F17_05_26_6a6927aa9b.pdf;2026-06-04 18:34:41.104067;RAÍCES INTERNACIONAL;2026-05-29;Dólares;medio;1 año;moderado;renta fija;(USD): 2.413.827;1,003975;0,25%;0.1;;;;;-;0,5%;66,2%;0%;;;0.5
rpmjkp81vwyyen1196w65g5d;RAÍCES INTERNACIONAL;2026-05-06;Clase A;17;1003631;rpmjkp81vwyyen1196w65g5d;RAÍCES INTERNACIONAL;ARS;Moderado;Horizonte a 1 año;Renta fija;-0.0255;https://www.provinciafondos.com.ar/nuestros-fondos/rpmjkp81vwyyen1196w65g5d;2026-06-04 18:32:59.457796;El fondo invierte en activos de renta fija en dólares, cuyos emisores son corporativos o soberanos del Mercosur y/o Chile. Adicionalmente, la cartera puede incluir Treasuries estadounidenses.;12.0;0.0;1.0;30,8 meses;2413827.0;2026-05-29;https://provincia-prod-api.teocoop.site/uploads/F17_05_26_6a6927aa9b.pdf;2026-06-04 18:34:41.104067;RAÍCES INTERNACIONAL;2026-05-29;Dólares;medio;1 año;moderado;renta fija;(USD): 2.413.827;1,003975;0,25%;0.1;;;;;-;0,5%;66,2%;0%;;;0.5
rpmjkp81vwyyen1196w65g5d;RAÍCES INTERNACIONAL;2026-06-03;Clase A;17;1004667;rpmjkp81vwyyen1196w65g5d;RAÍCES INTERNACIONAL;ARS;Moderado;Horizonte a 1 año;Renta fija;-0.0255;https://www.provinciafondos.com.ar/nuestros-fondos/rpmjkp81vwyyen1196w65g5d;2026-06-04 18:32:59.457796;El fondo invierte en activos de renta fija en dólares, cuyos emisores son corporativos o soberanos del Mercosur y/o Chile. Adicionalmente, la cartera puede incluir Treasuries estadounidenses.;12.0;0.0;1.0;30,8 meses;2413827.0;2026-05-29;https://provincia-prod-api.teocoop.site/uploads/F17_05_26_6a6927aa9b.pdf;2026-06-04 18:34:41.104067;RAÍCES INTERNACIONAL;2026-05-29;Dólares;medio;1 año;moderado;renta fija;(USD): 2.413.827;1,003975;0,25%;0.1;;;;;-;0,5%;66,2%;0%;;;0.5
rpmjkp81vwyyen1196w65g5d;RAÍCES INTERNACIONAL;2026-06-02;Clase A;17;1004923;rpmjkp81vwyyen1196w65g5d;RAÍCES INTERNACIONAL;ARS;Moderado;Horizonte a 1 año;Renta fija;-0.0255;https://www.provinciafondos.com.ar/nuestros-fondos/rpmjkp81vwyyen1196w65g5d;2026-06-04 18:32:59.457796;El fondo invierte en activos de renta fija en dólares, cuyos emisores son corporativos o soberanos del Mercosur y/o Chile. Adicionalmente, la cartera puede incluir Treasuries estadounidenses.;12.0;0.0;1.0;30,8 meses;2413827.0;2026-05-29;https://provincia-prod-api.teocoop.site/uploads/F17_05_26_6a6927aa9b.pdf;2026-06-04 18:34:41.104067;RAÍCES INTERNACIONAL;2026-05-29;Dólares;medio;1 año;moderado;renta fija;(USD): 2.413.827;1,003975;0,25%;0.1;;;;;-;0,5%;66,2%;0%;;;0.5
rpmjkp81vwyyen1196w65g5d;RAÍCES INTERNACIONAL;2026-06-01;Clase A;17;1004433;rpmjkp81vwyyen1196w65g5d;RAÍCES INTERNACIONAL;ARS;Moderado;Horizonte a 1 año;Renta fija;-0.0255;https://www.provinciafondos.com.ar/nuestros-fondos/rpmjkp81vwyyen1196w65g5d;2026-06-04 18:32:59.457796;El fondo invierte en activos de renta fija en dólares, cuyos emisores son corporativos o soberanos del Mercosur y/o Chile. Adicionalmente, la cartera puede incluir Treasuries estadounidenses.;12.0;0.0;1.0;30,8 meses;2413827.0;2026-05-29;https://provincia-prod-api.teocoop.site/uploads/F17_05_26_6a6927aa9b.pdf;2026-06-04 18:34:41.104067;RAÍCES INTERNACIONAL;2026-05-29;Dólares;medio;1 año;moderado;renta fija;(USD): 2.413.827;1,003975;0,25%;0.1;;;;;-;0,5%;66,2%;0%;;;0.5
rpmjkp81vwyyen1196w65g5d;RAÍCES INTERNACIONAL;2026-05-29;Clase A;17;1003975;rpmjkp81vwyyen1196w65g5d;RAÍCES INTERNACIONAL;ARS;Moderado;Horizonte a 1 año;Renta fija;-0.0255;https://www.provinciafondos.com.ar/nuestros-fondos/rpmjkp81vwyyen1196w65g5d;2026-06-04 18:32:59.457796;El fondo invierte en activos de renta fija en dólares, cuyos emisores son corporativos o soberanos del Mercosur y/o Chile. Adicionalmente, la cartera puede incluir Treasuries estadounidenses.;12.0;0.0;1.0;30,8 meses;2413827.0;2026-05-29;https://provincia-prod-api.teocoop.site/uploads/F17_05_26_6a6927aa9b.pdf;2026-06-04 18:34:41.104067;RAÍCES INTERNACIONAL;2026-05-29;Dólares;medio;1 año;moderado;renta fija;(USD): 2.413.827;1,003975;0,25%;0.1;;;;;-;0,5%;66,2%;0%;;;0.5
rpmjkp81vwyyen1196w65g5d;RAÍCES INTERNACIONAL;2026-05-28;Clase A;17;1003313;rpmjkp81vwyyen1196w65g5d;RAÍCES INTERNACIONAL;ARS;Moderado;Horizonte a 1 año;Renta fija;-0.0255;https://www.provinciafondos.com.ar/nuestros-fondos/rpmjkp81vwyyen1196w65g5d;2026-06-04 18:32:59.457796;El fondo invierte en activos de renta fija en dólares, cuyos emisores son corporativos o soberanos del Mercosur y/o Chile. Adicionalmente, la cartera puede incluir Treasuries estadounidenses.;12.0;0.0;1.0;30,8 meses;2413827.0;2026-05-29;https://provincia-prod-api.teocoop.site/uploads/F17_05_26_6a6927aa9b.pdf;2026-06-04 18:34:41.104067;RAÍCES INTERNACIONAL;2026-05-29;Dólares;medio;1 año;moderado;renta fija;(USD): 2.413.827;1,003975;0,25%;0.1;;;;;-;0,5%;66,2%;0%;;;0.5
rpmjkp81vwyyen1196w65g5d;RAÍCES INTERNACIONAL;2026-05-27;Clase A;17;1003073;rpmjkp81vwyyen1196w65g5d;RAÍCES INTERNACIONAL;ARS;Moderado;Horizonte a 1 año;Renta fija;-0.0255;https://www.provinciafondos.com.ar/nuestros-fondos/rpmjkp81vwyyen1196w65g5d;2026-06-04 18:32:59.457796;El fondo invierte en activos de renta fija en dólares, cuyos emisores son corporativos o soberanos del Mercosur y/o Chile. Adicionalmente, la cartera puede incluir Treasuries estadounidenses.;12.0;0.0;1.0;30,8 meses;2413827.0;2026-05-29;https://provincia-prod-api.teocoop.site/uploads/F17_05_26_6a6927aa9b.pdf;2026-06-04 18:34:41.104067;RAÍCES INTERNACIONAL;2026-05-29;Dólares;medio;1 año;moderado;renta fija;(USD): 2.413.827;1,003975;0,25%;0.1;;;;;-;0,5%;66,2%;0%;;;0.5
rpmjkp81vwyyen1196w65g5d;RAÍCES INTERNACIONAL;2026-05-26;Clase A;17;1002905;rpmjkp81vwyyen1196w65g5d;RAÍCES INTERNACIONAL;ARS;Moderado;Horizonte a 1 año;Renta fija;-0.0255;https://www.provinciafondos.com.ar/nuestros-fondos/rpmjkp81vwyyen1196w65g5d;2026-06-04 18:32:59.457796;El fondo invierte en activos de renta fija en dólares, cuyos emisores son corporativos o soberanos del Mercosur y/o Chile. Adicionalmente, la cartera puede incluir Treasuries estadounidenses.;12.0;0.0;1.0;30,8 meses;2413827.0;2026-05-29;https://provincia-prod-api.teocoop.site/uploads/F17_05_26_6a6927aa9b.pdf;2026-06-04 18:34:41.104067;RAÍCES INTERNACIONAL;2026-05-29;Dólares;medio;1 año;moderado;renta fija;(USD): 2.413.827;1,003975;0,25%;0.1;;;;;-;0,5%;66,2%;0%;;;0.5
rpmjkp81vwyyen1196w65g5d;RAÍCES INTERNACIONAL;2026-05-22;Clase A;17;1001433;rpmjkp81vwyyen1196w65g5d;RAÍCES INTERNACIONAL;ARS;Moderado;Horizonte a 1 año;Renta fija;-0.0255;https://www.provinciafondos.com.ar/nuestros-fondos/rpmjkp81vwyyen1196w65g5d;2026-06-04 18:32:59.457796;El fondo invierte en activos de renta fija en dólares, cuyos emisores son corporativos o soberanos del Mercosur y/o Chile. Adicionalmente, la cartera puede incluir Treasuries estadounidenses.;12.0;0.0;1.0;30,8 meses;2413827.0;2026-05-29;https://provincia-prod-api.teocoop.site/uploads/F17_05_26_6a6927aa9b.pdf;2026-06-04 18:34:41.104067;RAÍCES INTERNACIONAL;2026-05-29;Dólares;medio;1 año;moderado;renta fija;(USD): 2.413.827;1,003975;0,25%;0.1;;;;;-;0,5%;66,2%;0%;;;0.5
rpmjkp81vwyyen1196w65g5d;RAÍCES INTERNACIONAL;2026-05-21;Clase A;17;1000479;rpmjkp81vwyyen1196w65g5d;RAÍCES INTERNACIONAL;ARS;Moderado;Horizonte a 1 año;Renta fija;-0.0255;https://www.provinciafondos.com.ar/nuestros-fondos/rpmjkp81vwyyen1196w65g5d;2026-06-04 18:32:59.457796;El fondo invierte en activos de renta fija en dólares, cuyos emisores son corporativos o soberanos del Mercosur y/o Chile. Adicionalmente, la cartera puede incluir Treasuries estadounidenses.;12.0;0.0;1.0;30,8 meses;2413827.0;2026-05-29;https://provincia-prod-api.teocoop.site/uploads/F17_05_26_6a6927aa9b.pdf;2026-06-04 18:34:41.104067;RAÍCES INTERNACIONAL;2026-05-29;Dólares;medio;1 año;moderado;renta fija;(USD): 2.413.827;1,003975;0,25%;0.1;;;;;-;0,5%;66,2%;0%;;;0.5
rpmjkp81vwyyen1196w65g5d;RAÍCES INTERNACIONAL;2026-05-20;Clase A;17;1000726;rpmjkp81vwyyen1196w65g5d;RAÍCES INTERNACIONAL;ARS;Moderado;Horizonte a 1 año;Renta fija;-0.0255;https://www.provinciafondos.com.ar/nuestros-fondos/rpmjkp81vwyyen1196w65g5d;2026-06-04 18:32:59.457796;El fondo invierte en activos de renta fija en dólares, cuyos emisores son corporativos o soberanos del Mercosur y/o Chile. Adicionalmente, la cartera puede incluir Treasuries estadounidenses.;12.0;0.0;1.0;30,8 meses;2413827.0;2026-05-29;https://provincia-prod-api.teocoop.site/uploads/F17_05_26_6a6927aa9b.pdf;2026-06-04 18:34:41.104067;RAÍCES INTERNACIONAL;2026-05-29;Dólares;medio;1 año;moderado;renta fija;(USD): 2.413.827;1,003975;0,25%;0.1;;;;;-;0,5%;66,2%;0%;;;0.5
rpmjkp81vwyyen1196w65g5d;RAÍCES INTERNACIONAL;2026-05-19;Clase A;17;999882;rpmjkp81vwyyen1196w65g5d;RAÍCES INTERNACIONAL;ARS;Moderado;Horizonte a 1 año;Renta fija;-0.0255;https://www.provinciafondos.com.ar/nuestros-fondos/rpmjkp81vwyyen1196w65g5d;2026-06-04 18:32:59.457796;El fondo invierte en activos de renta fija en dólares, cuyos emisores son corporativos o soberanos del Mercosur y/o Chile. Adicionalmente, la cartera puede incluir Treasuries estadounidenses.;12.0;0.0;1.0;30,8 meses;2413827.0;2026-05-29;https://provincia-prod-api.teocoop.site/uploads/F17_05_26_6a6927aa9b.pdf;2026-06-04 18:34:41.104067;RAÍCES INTERNACIONAL;2026-05-29;Dólares;medio;1 año;moderado;renta fija;(USD): 2.413.827;1,003975;0,25%;0.1;;;;;-;0,5%;66,2%;0%;;;0.5
rpmjkp81vwyyen1196w65g5d;RAÍCES INTERNACIONAL;2026-05-18;Clase A;17;1000959;rpmjkp81vwyyen1196w65g5d;RAÍCES INTERNACIONAL;ARS;Moderado;Horizonte a 1 año;Renta fija;-0.0255;https://www.provinciafondos.com.ar/nuestros-fondos/rpmjkp81vwyyen1196w65g5d;2026-06-04 18:32:59.457796;El fondo invierte en activos de renta fija en dólares, cuyos emisores son corporativos o soberanos del Mercosur y/o Chile. Adicionalmente, la cartera puede incluir Treasuries estadounidenses.;12.0;0.0;1.0;30,8 meses;2413827.0;2026-05-29;https://provincia-prod-api.teocoop.site/uploads/F17_05_26_6a6927aa9b.pdf;2026-06-04 18:34:41.104067;RAÍCES INTERNACIONAL;2026-05-29;Dólares;medio;1 año;moderado;renta fija;(USD): 2.413.827;1,003975;0,25%;0.1;;;;;-;0,5%;66,2%;0%;;;0.5
rpmjkp81vwyyen1196w65g5d;RAÍCES INTERNACIONAL;2026-05-15;Clase A;17;1000982;rpmjkp81vwyyen1196w65g5d;RAÍCES INTERNACIONAL;ARS;Moderado;Horizonte a 1 año;Renta fija;-0.0255;https://www.provinciafondos.com.ar/nuestros-fondos/rpmjkp81vwyyen1196w65g5d;2026-06-04 18:32:59.457796;El fondo invierte en activos de renta fija en dólares, cuyos emisores son corporativos o soberanos del Mercosur y/o Chile. Adicionalmente, la cartera puede incluir Treasuries estadounidenses.;12.0;0.0;1.0;30,8 meses;2413827.0;2026-05-29;https://provincia-prod-api.teocoop.site/uploads/F17_05_26_6a6927aa9b.pdf;2026-06-04 18:34:41.104067;RAÍCES INTERNACIONAL;2026-05-29;Dólares;medio;1 año;moderado;renta fija;(USD): 2.413.827;1,003975;0,25%;0.1;;;;;-;0,5%;66,2%;0%;;;0.5
rpmjkp81vwyyen1196w65g5d;RAÍCES INTERNACIONAL;2026-05-14;Clase A;17;1001978;rpmjkp81vwyyen1196w65g5d;RAÍCES INTERNACIONAL;ARS;Moderado;Horizonte a 1 año;Renta fija;-0.0255;https://www.provinciafondos.com.ar/nuestros-fondos/rpmjkp81vwyyen1196w65g5d;2026-06-04 18:32:59.457796;El fondo invierte en activos de renta fija en dólares, cuyos emisores son corporativos o soberanos del Mercosur y/o Chile. Adicionalmente, la cartera puede incluir Treasuries estadounidenses.;12.0;0.0;1.0;30,8 meses;2413827.0;2026-05-29;https://provincia-prod-api.teocoop.site/uploads/F17_05_26_6a6927aa9b.pdf;2026-06-04 18:34:41.104067;RAÍCES INTERNACIONAL;2026-05-29;Dólares;medio;1 año;moderado;renta fija;(USD): 2.413.827;1,003975;0,25%;0.1;;;;;-;0,5%;66,2%;0%;;;0.5
rpmjkp81vwyyen1196w65g5d;RAÍCES INTERNACIONAL;2026-05-13;Clase A;17;1002353;rpmjkp81vwyyen1196w65g5d;RAÍCES INTERNACIONAL;ARS;Moderado;Horizonte a 1 año;Renta fija;-0.0255;https://www.provinciafondos.com.ar/nuestros-fondos/rpmjkp81vwyyen1196w65g5d;2026-06-04 18:32:59.457796;El fondo invierte en activos de renta fija en dólares, cuyos emisores son corporativos o soberanos del Mercosur y/o Chile. Adicionalmente, la cartera puede incluir Treasuries estadounidenses.;12.0;0.0;1.0;30,8 meses;2413827.0;2026-05-29;https://provincia-prod-api.teocoop.site/uploads/F17_05_26_6a6927aa9b.pdf;2026-06-04 18:34:41.104067;RAÍCES INTERNACIONAL;2026-05-29;Dólares;medio;1 año;moderado;renta fija;(USD): 2.413.827;1,003975;0,25%;0.1;;;;;-;0,5%;66,2%;0%;;;0.5
rpmjkp81vwyyen1196w65g5d;RAÍCES INTERNACIONAL;2026-05-12;Clase A;17;1002459;rpmjkp81vwyyen1196w65g5d;RAÍCES INTERNACIONAL;ARS;Moderado;Horizonte a 1 año;Renta fija;-0.0255;https://www.provinciafondos.com.ar/nuestros-fondos/rpmjkp81vwyyen1196w65g5d;2026-06-04 18:32:59.457796;El fondo invierte en activos de renta fija en dólares, cuyos emisores son corporativos o soberanos del Mercosur y/o Chile. Adicionalmente, la cartera puede incluir Treasuries estadounidenses.;12.0;0.0;1.0;30,8 meses;2413827.0;2026-05-29;https://provincia-prod-api.teocoop.site/uploads/F17_05_26_6a6927aa9b.pdf;2026-06-04 18:34:41.104067;RAÍCES INTERNACIONAL;2026-05-29;Dólares;medio;1 año;moderado;renta fija;(USD): 2.413.827;1,003975;0,25%;0.1;;;;;-;0,5%;66,2%;0%;;;0.5
rpmjkp81vwyyen1196w65g5d;RAÍCES INTERNACIONAL;2026-05-11;Clase A;17;1003338;rpmjkp81vwyyen1196w65g5d;RAÍCES INTERNACIONAL;ARS;Moderado;Horizonte a 1 año;Renta fija;-0.0255;https://www.provinciafondos.com.ar/nuestros-fondos/rpmjkp81vwyyen1196w65g5d;2026-06-04 18:32:59.457796;El fondo invierte en activos de renta fija en dólares, cuyos emisores son corporativos o soberanos del Mercosur y/o Chile. Adicionalmente, la cartera puede incluir Treasuries estadounidenses.;12.0;0.0;1.0;30,8 meses;2413827.0;2026-05-29;https://provincia-prod-api.teocoop.site/uploads/F17_05_26_6a6927aa9b.pdf;2026-06-04 18:34:41.104067;RAÍCES INTERNACIONAL;2026-05-29;Dólares;medio;1 año;moderado;renta fija;(USD): 2.413.827;1,003975;0,25%;0.1;;;;;-;0,5%;66,2%;0%;;;0.5
rpmjkp81vwyyen1196w65g5d;RAÍCES INTERNACIONAL;2026-05-08;Clase A;17;1003596;rpmjkp81vwyyen1196w65g5d;RAÍCES INTERNACIONAL;ARS;Moderado;Horizonte a 1 año;Renta fija;-0.0255;https://www.provinciafondos.com.ar/nuestros-fondos/rpmjkp81vwyyen1196w65g5d;2026-06-04 18:32:59.457796;El fondo invierte en activos de renta fija en dólares, cuyos emisores son corporativos o soberanos del Mercosur y/o Chile. Adicionalmente, la cartera puede incluir Treasuries estadounidenses.;12.0;0.0;1.0;30,8 meses;2413827.0;2026-05-29;https://provincia-prod-api.teocoop.site/uploads/F17_05_26_6a6927aa9b.pdf;2026-06-04 18:34:41.104067;RAÍCES INTERNACIONAL;2026-05-29;Dólares;medio;1 año;moderado;renta fija;(USD): 2.413.827;1,003975;0,25%;0.1;;;;;-;0,5%;66,2%;0%;;;0.5
rpmjkp81vwyyen1196w65g5d;RAÍCES INTERNACIONAL;2026-05-07;Clase A;17;1003187;rpmjkp81vwyyen1196w65g5d;RAÍCES INTERNACIONAL;ARS;Moderado;Horizonte a 1 año;Renta fija;-0.0255;https://www.provinciafondos.com.ar/nuestros-fondos/rpmjkp81vwyyen1196w65g5d;2026-06-04 18:32:59.457796;El fondo invierte en activos de renta fija en dólares, cuyos emisores son corporativos o soberanos del Mercosur y/o Chile. Adicionalmente, la cartera puede incluir Treasuries estadounidenses.;12.0;0.0;1.0;30,8 meses;2413827.0;2026-05-29;https://provincia-prod-api.teocoop.site/uploads/F17_05_26_6a6927aa9b.pdf;2026-06-04 18:34:41.104067;RAÍCES INTERNACIONAL;2026-05-29;Dólares;medio;1 año;moderado;renta fija;(USD): 2.413.827;1,003975;0,25%;0.1;;;;;-;0,5%;66,2%;0%;;;0.5
rpmjkp81vwyyen1196w65g5d;RAÍCES INTERNACIONAL;2026-05-06;Clase A;17;1003631;rpmjkp81vwyyen1196w65g5d;RAÍCES INTERNACIONAL;ARS;Moderado;Horizonte a 1 año;Renta fija;-0.0255;https://www.provinciafondos.com.ar/nuestros-fondos/rpmjkp81vwyyen1196w65g5d;2026-06-04 18:32:59.457796;El fondo invierte en activos de renta fija en dólares, cuyos emisores son corporativos o soberanos del Mercosur y/o Chile. Adicionalmente, la cartera puede incluir Treasuries estadounidenses.;12.0;0.0;1.0;30,8 meses;2413827.0;2026-05-29;https://provincia-prod-api.teocoop.site/uploads/F17_05_26_6a6927aa9b.pdf;2026-06-04 18:34:41.104067;RAÍCES INTERNACIONAL;2026-05-29;Dólares;medio;1 año;moderado;renta fija;(USD): 2.413.827;1,003975;0,25%;0.1;;;;;-;0,5%;66,2%;0%;;;0.5
lr5gmxx67bt3pogqyere7nyu;RAÍCES INVERSIÓN;2026-06-03;Clase A;10;98064035;lr5gmxx67bt3pogqyere7nyu;RAÍCES INVERSIÓN;ARS;Moderado;Horizonte a 180 días;Renta fija;-0.0152;https://www.provinciafondos.com.ar/nuestros-fondos/lr5gmxx67bt3pogqyere7nyu;2026-06-04 18:32:59.456549;El fondo invierte principalmente en activos de renta fija de corto y mediano plazo vinculados a la inflación, los cuales indexan por coeficiente CER o UVA. El posicionamiento puede ser tanto en títulos soberanos como corporativos.;124.0;2067.0;336.0;13,2 meses;85006367469.0;2026-05-29;https://provincia-prod-api.teocoop.site/uploads/F10_05_26_4b691cbe81.pdf;2026-06-04 18:33:47.590314;RAÍCES INVERSIÓN;2026-05-29;Pesos;medio;180 días;moderado;renta fija;85.006.367.469;97,606372;0,49%;3.36;12,59%;25,35%;20,67%;45.6;IPC Indec;1,9%;56,0%;0%;1.9;;
lr5gmxx67bt3pogqyere7nyu;RAÍCES INVERSIÓN;2026-06-02;Clase A;10;980789;lr5gmxx67bt3pogqyere7nyu;RAÍCES INVERSIÓN;ARS;Moderado;Horizonte a 180 días;Renta fija;-0.0152;https://www.provinciafondos.com.ar/nuestros-fondos/lr5gmxx67bt3pogqyere7nyu;2026-06-04 18:32:59.456549;El fondo invierte principalmente en activos de renta fija de corto y mediano plazo vinculados a la inflación, los cuales indexan por coeficiente CER o UVA. El posicionamiento puede ser tanto en títulos soberanos como corporativos.;124.0;2067.0;336.0;13,2 meses;85006367469.0;2026-05-29;https://provincia-prod-api.teocoop.site/uploads/F10_05_26_4b691cbe81.pdf;2026-06-04 18:33:47.590314;RAÍCES INVERSIÓN;2026-05-29;Pesos;medio;180 días;moderado;renta fija;85.006.367.469;97,606372;0,49%;3.36;12,59%;25,35%;20,67%;45.6;IPC Indec;1,9%;56,0%;0%;1.9;;
lr5gmxx67bt3pogqyere7nyu;RAÍCES INVERSIÓN;2026-06-01;Clase A;10;97853746;lr5gmxx67bt3pogqyere7nyu;RAÍCES INVERSIÓN;ARS;Moderado;Horizonte a 180 días;Renta fija;-0.0152;https://www.provinciafondos.com.ar/nuestros-fondos/lr5gmxx67bt3pogqyere7nyu;2026-06-04 18:32:59.456549;El fondo invierte principalmente en activos de renta fija de corto y mediano plazo vinculados a la inflación, los cuales indexan por coeficiente CER o UVA. El posicionamiento puede ser tanto en títulos soberanos como corporativos.;124.0;2067.0;336.0;13,2 meses;85006367469.0;2026-05-29;https://provincia-prod-api.teocoop.site/uploads/F10_05_26_4b691cbe81.pdf;2026-06-04 18:33:47.590314;RAÍCES INVERSIÓN;2026-05-29;Pesos;medio;180 días;moderado;renta fija;85.006.367.469;97,606372;0,49%;3.36;12,59%;25,35%;20,67%;45.6;IPC Indec;1,9%;56,0%;0%;1.9;;
lr5gmxx67bt3pogqyere7nyu;RAÍCES INVERSIÓN;2026-05-29;Clase A;10;97606372;lr5gmxx67bt3pogqyere7nyu;RAÍCES INVERSIÓN;ARS;Moderado;Horizonte a 180 días;Renta fija;-0.0152;https://www.provinciafondos.com.ar/nuestros-fondos/lr5gmxx67bt3pogqyere7nyu;2026-06-04 18:32:59.456549;El fondo invierte principalmente en activos de renta fija de corto y mediano plazo vinculados a la inflación, los cuales indexan por coeficiente CER o UVA. El posicionamiento puede ser tanto en títulos soberanos como corporativos.;124.0;2067.0;336.0;13,2 meses;85006367469.0;2026-05-29;https://provincia-prod-api.teocoop.site/uploads/F10_05_26_4b691cbe81.pdf;2026-06-04 18:33:47.590314;RAÍCES INVERSIÓN;2026-05-29;Pesos;medio;180 días;moderado;renta fija;85.006.367.469;97,606372;0,49%;3.36;12,59%;25,35%;20,67%;45.6;IPC Indec;1,9%;56,0%;0%;1.9;;
lr5gmxx67bt3pogqyere7nyu;RAÍCES INVERSIÓN;2026-05-28;Clase A;10;97364111;lr5gmxx67bt3pogqyere7nyu;RAÍCES INVERSIÓN;ARS;Moderado;Horizonte a 180 días;Renta fija;-0.0152;https://www.provinciafondos.com.ar/nuestros-fondos/lr5gmxx67bt3pogqyere7nyu;2026-06-04 18:32:59.456549;El fondo invierte principalmente en activos de renta fija de corto y mediano plazo vinculados a la inflación, los cuales indexan por coeficiente CER o UVA. El posicionamiento puede ser tanto en títulos soberanos como corporativos.;124.0;2067.0;336.0;13,2 meses;85006367469.0;2026-05-29;https://provincia-prod-api.teocoop.site/uploads/F10_05_26_4b691cbe81.pdf;2026-06-04 18:33:47.590314;RAÍCES INVERSIÓN;2026-05-29;Pesos;medio;180 días;moderado;renta fija;85.006.367.469;97,606372;0,49%;3.36;12,59%;25,35%;20,67%;45.6;IPC Indec;1,9%;56,0%;0%;1.9;;
lr5gmxx67bt3pogqyere7nyu;RAÍCES INVERSIÓN;2026-05-27;Clase A;10;97264123;lr5gmxx67bt3pogqyere7nyu;RAÍCES INVERSIÓN;ARS;Moderado;Horizonte a 180 días;Renta fija;-0.0152;https://www.provinciafondos.com.ar/nuestros-fondos/lr5gmxx67bt3pogqyere7nyu;2026-06-04 18:32:59.456549;El fondo invierte principalmente en activos de renta fija de corto y mediano plazo vinculados a la inflación, los cuales indexan por coeficiente CER o UVA. El posicionamiento puede ser tanto en títulos soberanos como corporativos.;124.0;2067.0;336.0;13,2 meses;85006367469.0;2026-05-29;https://provincia-prod-api.teocoop.site/uploads/F10_05_26_4b691cbe81.pdf;2026-06-04 18:33:47.590314;RAÍCES INVERSIÓN;2026-05-29;Pesos;medio;180 días;moderado;renta fija;85.006.367.469;97,606372;0,49%;3.36;12,59%;25,35%;20,67%;45.6;IPC Indec;1,9%;56,0%;0%;1.9;;
lr5gmxx67bt3pogqyere7nyu;RAÍCES INVERSIÓN;2026-05-26;Clase A;10;97185126;lr5gmxx67bt3pogqyere7nyu;RAÍCES INVERSIÓN;ARS;Moderado;Horizonte a 180 días;Renta fija;-0.0152;https://www.provinciafondos.com.ar/nuestros-fondos/lr5gmxx67bt3pogqyere7nyu;2026-06-04 18:32:59.456549;El fondo invierte principalmente en activos de renta fija de corto y mediano plazo vinculados a la inflación, los cuales indexan por coeficiente CER o UVA. El posicionamiento puede ser tanto en títulos soberanos como corporativos.;124.0;2067.0;336.0;13,2 meses;85006367469.0;2026-05-29;https://provincia-prod-api.teocoop.site/uploads/F10_05_26_4b691cbe81.pdf;2026-06-04 18:33:47.590314;RAÍCES INVERSIÓN;2026-05-29;Pesos;medio;180 días;moderado;renta fija;85.006.367.469;97,606372;0,49%;3.36;12,59%;25,35%;20,67%;45.6;IPC Indec;1,9%;56,0%;0%;1.9;;
lr5gmxx67bt3pogqyere7nyu;RAÍCES INVERSIÓN;2026-05-22;Clase A;10;97129088;lr5gmxx67bt3pogqyere7nyu;RAÍCES INVERSIÓN;ARS;Moderado;Horizonte a 180 días;Renta fija;-0.0152;https://www.provinciafondos.com.ar/nuestros-fondos/lr5gmxx67bt3pogqyere7nyu;2026-06-04 18:32:59.456549;El fondo invierte principalmente en activos de renta fija de corto y mediano plazo vinculados a la inflación, los cuales indexan por coeficiente CER o UVA. El posicionamiento puede ser tanto en títulos soberanos como corporativos.;124.0;2067.0;336.0;13,2 meses;85006367469.0;2026-05-29;https://provincia-prod-api.teocoop.site/uploads/F10_05_26_4b691cbe81.pdf;2026-06-04 18:33:47.590314;RAÍCES INVERSIÓN;2026-05-29;Pesos;medio;180 días;moderado;renta fija;85.006.367.469;97,606372;0,49%;3.36;12,59%;25,35%;20,67%;45.6;IPC Indec;1,9%;56,0%;0%;1.9;;
lr5gmxx67bt3pogqyere7nyu;RAÍCES INVERSIÓN;2026-05-21;Clase A;10;96817427;lr5gmxx67bt3pogqyere7nyu;RAÍCES INVERSIÓN;ARS;Moderado;Horizonte a 180 días;Renta fija;-0.0152;https://www.provinciafondos.com.ar/nuestros-fondos/lr5gmxx67bt3pogqyere7nyu;2026-06-04 18:32:59.456549;El fondo invierte principalmente en activos de renta fija de corto y mediano plazo vinculados a la inflación, los cuales indexan por coeficiente CER o UVA. El posicionamiento puede ser tanto en títulos soberanos como corporativos.;124.0;2067.0;336.0;13,2 meses;85006367469.0;2026-05-29;https://provincia-prod-api.teocoop.site/uploads/F10_05_26_4b691cbe81.pdf;2026-06-04 18:33:47.590314;RAÍCES INVERSIÓN;2026-05-29;Pesos;medio;180 días;moderado;renta fija;85.006.367.469;97,606372;0,49%;3.36;12,59%;25,35%;20,67%;45.6;IPC Indec;1,9%;56,0%;0%;1.9;;
lr5gmxx67bt3pogqyere7nyu;RAÍCES INVERSIÓN;2026-05-20;Clase A;10;96708762;lr5gmxx67bt3pogqyere7nyu;RAÍCES INVERSIÓN;ARS;Moderado;Horizonte a 180 días;Renta fija;-0.0152;https://www.provinciafondos.com.ar/nuestros-fondos/lr5gmxx67bt3pogqyere7nyu;2026-06-04 18:32:59.456549;El fondo invierte principalmente en activos de renta fija de corto y mediano plazo vinculados a la inflación, los cuales indexan por coeficiente CER o UVA. El posicionamiento puede ser tanto en títulos soberanos como corporativos.;124.0;2067.0;336.0;13,2 meses;85006367469.0;2026-05-29;https://provincia-prod-api.teocoop.site/uploads/F10_05_26_4b691cbe81.pdf;2026-06-04 18:33:47.590314;RAÍCES INVERSIÓN;2026-05-29;Pesos;medio;180 días;moderado;renta fija;85.006.367.469;97,606372;0,49%;3.36;12,59%;25,35%;20,67%;45.6;IPC Indec;1,9%;56,0%;0%;1.9;;
lr5gmxx67bt3pogqyere7nyu;RAÍCES INVERSIÓN;2026-05-19;Clase A;10;96582628;lr5gmxx67bt3pogqyere7nyu;RAÍCES INVERSIÓN;ARS;Moderado;Horizonte a 180 días;Renta fija;-0.0152;https://www.provinciafondos.com.ar/nuestros-fondos/lr5gmxx67bt3pogqyere7nyu;2026-06-04 18:32:59.456549;El fondo invierte principalmente en activos de renta fija de corto y mediano plazo vinculados a la inflación, los cuales indexan por coeficiente CER o UVA. El posicionamiento puede ser tanto en títulos soberanos como corporativos.;124.0;2067.0;336.0;13,2 meses;85006367469.0;2026-05-29;https://provincia-prod-api.teocoop.site/uploads/F10_05_26_4b691cbe81.pdf;2026-06-04 18:33:47.590314;RAÍCES INVERSIÓN;2026-05-29;Pesos;medio;180 días;moderado;renta fija;85.006.367.469;97,606372;0,49%;3.36;12,59%;25,35%;20,67%;45.6;IPC Indec;1,9%;56,0%;0%;1.9;;
lr5gmxx67bt3pogqyere7nyu;RAÍCES INVERSIÓN;2026-05-18;Clase A;10;96433026;lr5gmxx67bt3pogqyere7nyu;RAÍCES INVERSIÓN;ARS;Moderado;Horizonte a 180 días;Renta fija;-0.0152;https://www.provinciafondos.com.ar/nuestros-fondos/lr5gmxx67bt3pogqyere7nyu;2026-06-04 18:32:59.456549;El fondo invierte principalmente en activos de renta fija de corto y mediano plazo vinculados a la inflación, los cuales indexan por coeficiente CER o UVA. El posicionamiento puede ser tanto en títulos soberanos como corporativos.;124.0;2067.0;336.0;13,2 meses;85006367469.0;2026-05-29;https://provincia-prod-api.teocoop.site/uploads/F10_05_26_4b691cbe81.pdf;2026-06-04 18:33:47.590314;RAÍCES INVERSIÓN;2026-05-29;Pesos;medio;180 días;moderado;renta fija;85.006.367.469;97,606372;0,49%;3.36;12,59%;25,35%;20,67%;45.6;IPC Indec;1,9%;56,0%;0%;1.9;;
lr5gmxx67bt3pogqyere7nyu;RAÍCES INVERSIÓN;2026-05-15;Clase A;10;96286068;lr5gmxx67bt3pogqyere7nyu;RAÍCES INVERSIÓN;ARS;Moderado;Horizonte a 180 días;Renta fija;-0.0152;https://www.provinciafondos.com.ar/nuestros-fondos/lr5gmxx67bt3pogqyere7nyu;2026-06-04 18:32:59.456549;El fondo invierte principalmente en activos de renta fija de corto y mediano plazo vinculados a la inflación, los cuales indexan por coeficiente CER o UVA. El posicionamiento puede ser tanto en títulos soberanos como corporativos.;124.0;2067.0;336.0;13,2 meses;85006367469.0;2026-05-29;https://provincia-prod-api.teocoop.site/uploads/F10_05_26_4b691cbe81.pdf;2026-06-04 18:33:47.590314;RAÍCES INVERSIÓN;2026-05-29;Pesos;medio;180 días;moderado;renta fija;85.006.367.469;97,606372;0,49%;3.36;12,59%;25,35%;20,67%;45.6;IPC Indec;1,9%;56,0%;0%;1.9;;
lr5gmxx67bt3pogqyere7nyu;RAÍCES INVERSIÓN;2026-05-14;Clase A;10;95990669;lr5gmxx67bt3pogqyere7nyu;RAÍCES INVERSIÓN;ARS;Moderado;Horizonte a 180 días;Renta fija;-0.0152;https://www.provinciafondos.com.ar/nuestros-fondos/lr5gmxx67bt3pogqyere7nyu;2026-06-04 18:32:59.456549;El fondo invierte principalmente en activos de renta fija de corto y mediano plazo vinculados a la inflación, los cuales indexan por coeficiente CER o UVA. El posicionamiento puede ser tanto en títulos soberanos como corporativos.;124.0;2067.0;336.0;13,2 meses;85006367469.0;2026-05-29;https://provincia-prod-api.teocoop.site/uploads/F10_05_26_4b691cbe81.pdf;2026-06-04 18:33:47.590314;RAÍCES INVERSIÓN;2026-05-29;Pesos;medio;180 días;moderado;renta fija;85.006.367.469;97,606372;0,49%;3.36;12,59%;25,35%;20,67%;45.6;IPC Indec;1,9%;56,0%;0%;1.9;;
lr5gmxx67bt3pogqyere7nyu;RAÍCES INVERSIÓN;2026-05-13;Clase A;10;95826238;lr5gmxx67bt3pogqyere7nyu;RAÍCES INVERSIÓN;ARS;Moderado;Horizonte a 180 días;Renta fija;-0.0152;https://www.provinciafondos.com.ar/nuestros-fondos/lr5gmxx67bt3pogqyere7nyu;2026-06-04 18:32:59.456549;El fondo invierte principalmente en activos de renta fija de corto y mediano plazo vinculados a la inflación, los cuales indexan por coeficiente CER o UVA. El posicionamiento puede ser tanto en títulos soberanos como corporativos.;124.0;2067.0;336.0;13,2 meses;85006367469.0;2026-05-29;https://provincia-prod-api.teocoop.site/uploads/F10_05_26_4b691cbe81.pdf;2026-06-04 18:33:47.590314;RAÍCES INVERSIÓN;2026-05-29;Pesos;medio;180 días;moderado;renta fija;85.006.367.469;97,606372;0,49%;3.36;12,59%;25,35%;20,67%;45.6;IPC Indec;1,9%;56,0%;0%;1.9;;
lr5gmxx67bt3pogqyere7nyu;RAÍCES INVERSIÓN;2026-05-12;Clase A;10;95765569;lr5gmxx67bt3pogqyere7nyu;RAÍCES INVERSIÓN;ARS;Moderado;Horizonte a 180 días;Renta fija;-0.0152;https://www.provinciafondos.com.ar/nuestros-fondos/lr5gmxx67bt3pogqyere7nyu;2026-06-04 18:32:59.456549;El fondo invierte principalmente en activos de renta fija de corto y mediano plazo vinculados a la inflación, los cuales indexan por coeficiente CER o UVA. El posicionamiento puede ser tanto en títulos soberanos como corporativos.;124.0;2067.0;336.0;13,2 meses;85006367469.0;2026-05-29;https://provincia-prod-api.teocoop.site/uploads/F10_05_26_4b691cbe81.pdf;2026-06-04 18:33:47.590314;RAÍCES INVERSIÓN;2026-05-29;Pesos;medio;180 días;moderado;renta fija;85.006.367.469;97,606372;0,49%;3.36;12,59%;25,35%;20,67%;45.6;IPC Indec;1,9%;56,0%;0%;1.9;;
lr5gmxx67bt3pogqyere7nyu;RAÍCES INVERSIÓN;2026-05-11;Clase A;10;95697166;lr5gmxx67bt3pogqyere7nyu;RAÍCES INVERSIÓN;ARS;Moderado;Horizonte a 180 días;Renta fija;-0.0152;https://www.provinciafondos.com.ar/nuestros-fondos/lr5gmxx67bt3pogqyere7nyu;2026-06-04 18:32:59.456549;El fondo invierte principalmente en activos de renta fija de corto y mediano plazo vinculados a la inflación, los cuales indexan por coeficiente CER o UVA. El posicionamiento puede ser tanto en títulos soberanos como corporativos.;124.0;2067.0;336.0;13,2 meses;85006367469.0;2026-05-29;https://provincia-prod-api.teocoop.site/uploads/F10_05_26_4b691cbe81.pdf;2026-06-04 18:33:47.590314;RAÍCES INVERSIÓN;2026-05-29;Pesos;medio;180 días;moderado;renta fija;85.006.367.469;97,606372;0,49%;3.36;12,59%;25,35%;20,67%;45.6;IPC Indec;1,9%;56,0%;0%;1.9;;
lr5gmxx67bt3pogqyere7nyu;RAÍCES INVERSIÓN;2026-05-08;Clase A;10;95520148;lr5gmxx67bt3pogqyere7nyu;RAÍCES INVERSIÓN;ARS;Moderado;Horizonte a 180 días;Renta fija;-0.0152;https://www.provinciafondos.com.ar/nuestros-fondos/lr5gmxx67bt3pogqyere7nyu;2026-06-04 18:32:59.456549;El fondo invierte principalmente en activos de renta fija de corto y mediano plazo vinculados a la inflación, los cuales indexan por coeficiente CER o UVA. El posicionamiento puede ser tanto en títulos soberanos como corporativos.;124.0;2067.0;336.0;13,2 meses;85006367469.0;2026-05-29;https://provincia-prod-api.teocoop.site/uploads/F10_05_26_4b691cbe81.pdf;2026-06-04 18:33:47.590314;RAÍCES INVERSIÓN;2026-05-29;Pesos;medio;180 días;moderado;renta fija;85.006.367.469;97,606372;0,49%;3.36;12,59%;25,35%;20,67%;45.6;IPC Indec;1,9%;56,0%;0%;1.9;;
lr5gmxx67bt3pogqyere7nyu;RAÍCES INVERSIÓN;2026-05-07;Clase A;10;95308015;lr5gmxx67bt3pogqyere7nyu;RAÍCES INVERSIÓN;ARS;Moderado;Horizonte a 180 días;Renta fija;-0.0152;https://www.provinciafondos.com.ar/nuestros-fondos/lr5gmxx67bt3pogqyere7nyu;2026-06-04 18:32:59.456549;El fondo invierte principalmente en activos de renta fija de corto y mediano plazo vinculados a la inflación, los cuales indexan por coeficiente CER o UVA. El posicionamiento puede ser tanto en títulos soberanos como corporativos.;124.0;2067.0;336.0;13,2 meses;85006367469.0;2026-05-29;https://provincia-prod-api.teocoop.site/uploads/F10_05_26_4b691cbe81.pdf;2026-06-04 18:33:47.590314;RAÍCES INVERSIÓN;2026-05-29;Pesos;medio;180 días;moderado;renta fija;85.006.367.469;97,606372;0,49%;3.36;12,59%;25,35%;20,67%;45.6;IPC Indec;1,9%;56,0%;0%;1.9;;
lr5gmxx67bt3pogqyere7nyu;RAÍCES INVERSIÓN;2026-05-06;Clase A;10;95152215;lr5gmxx67bt3pogqyere7nyu;RAÍCES INVERSIÓN;ARS;Moderado;Horizonte a 180 días;Renta fija;-0.0152;https://www.provinciafondos.com.ar/nuestros-fondos/lr5gmxx67bt3pogqyere7nyu;2026-06-04 18:32:59.456549;El fondo invierte principalmente en activos de renta fija de corto y mediano plazo vinculados a la inflación, los cuales indexan por coeficiente CER o UVA. El posicionamiento puede ser tanto en títulos soberanos como corporativos.;124.0;2067.0;336.0;13,2 meses;85006367469.0;2026-05-29;https://provincia-prod-api.teocoop.site/uploads/F10_05_26_4b691cbe81.pdf;2026-06-04 18:33:47.590314;RAÍCES INVERSIÓN;2026-05-29;Pesos;medio;180 días;moderado;renta fija;85.006.367.469;97,606372;0,49%;3.36;12,59%;25,35%;20,67%;45.6;IPC Indec;1,9%;56,0%;0%;1.9;;
lr5gmxx67bt3pogqyere7nyu;RAÍCES INVERSIÓN;2026-06-03;Clase A;10;98064035;lr5gmxx67bt3pogqyere7nyu;RAÍCES INVERSIÓN;ARS;Moderado;Horizonte a 180 días;Renta fija;-0.0152;https://www.provinciafondos.com.ar/nuestros-fondos/lr5gmxx67bt3pogqyere7nyu;2026-06-04 18:32:59.456549;El fondo invierte principalmente en activos de renta fija de corto y mediano plazo vinculados a la inflación, los cuales indexan por coeficiente CER o UVA. El posicionamiento puede ser tanto en títulos soberanos como corporativos.;124.0;2067.0;336.0;13,2 meses;85006367469.0;2026-05-29;https://provincia-prod-api.teocoop.site/uploads/F10_05_26_4b691cbe81.pdf;2026-06-04 18:33:47.590314;RAÍCES INVERSIÓN;2026-05-29;Pesos;medio;180 días;moderado;renta fija;85.006.367.469;97,606372;0,49%;3.36;12,59%;25,35%;20,67%;45.6;IPC Indec;1,9%;56,0%;0%;1.9;;
lr5gmxx67bt3pogqyere7nyu;RAÍCES INVERSIÓN;2026-06-02;Clase A;10;980789;lr5gmxx67bt3pogqyere7nyu;RAÍCES INVERSIÓN;ARS;Moderado;Horizonte a 180 días;Renta fija;-0.0152;https://www.provinciafondos.com.ar/nuestros-fondos/lr5gmxx67bt3pogqyere7nyu;2026-06-04 18:32:59.456549;El fondo invierte principalmente en activos de renta fija de corto y mediano plazo vinculados a la inflación, los cuales indexan por coeficiente CER o UVA. El posicionamiento puede ser tanto en títulos soberanos como corporativos.;124.0;2067.0;336.0;13,2 meses;85006367469.0;2026-05-29;https://provincia-prod-api.teocoop.site/uploads/F10_05_26_4b691cbe81.pdf;2026-06-04 18:33:47.590314;RAÍCES INVERSIÓN;2026-05-29;Pesos;medio;180 días;moderado;renta fija;85.006.367.469;97,606372;0,49%;3.36;12,59%;25,35%;20,67%;45.6;IPC Indec;1,9%;56,0%;0%;1.9;;
lr5gmxx67bt3pogqyere7nyu;RAÍCES INVERSIÓN;2026-06-01;Clase A;10;97853746;lr5gmxx67bt3pogqyere7nyu;RAÍCES INVERSIÓN;ARS;Moderado;Horizonte a 180 días;Renta fija;-0.0152;https://www.provinciafondos.com.ar/nuestros-fondos/lr5gmxx67bt3pogqyere7nyu;2026-06-04 18:32:59.456549;El fondo invierte principalmente en activos de renta fija de corto y mediano plazo vinculados a la inflación, los cuales indexan por coeficiente CER o UVA. El posicionamiento puede ser tanto en títulos soberanos como corporativos.;124.0;2067.0;336.0;13,2 meses;85006367469.0;2026-05-29;https://provincia-prod-api.teocoop.site/uploads/F10_05_26_4b691cbe81.pdf;2026-06-04 18:33:47.590314;RAÍCES INVERSIÓN;2026-05-29;Pesos;medio;180 días;moderado;renta fija;85.006.367.469;97,606372;0,49%;3.36;12,59%;25,35%;20,67%;45.6;IPC Indec;1,9%;56,0%;0%;1.9;;
lr5gmxx67bt3pogqyere7nyu;RAÍCES INVERSIÓN;2026-05-29;Clase A;10;97606372;lr5gmxx67bt3pogqyere7nyu;RAÍCES INVERSIÓN;ARS;Moderado;Horizonte a 180 días;Renta fija;-0.0152;https://www.provinciafondos.com.ar/nuestros-fondos/lr5gmxx67bt3pogqyere7nyu;2026-06-04 18:32:59.456549;El fondo invierte principalmente en activos de renta fija de corto y mediano plazo vinculados a la inflación, los cuales indexan por coeficiente CER o UVA. El posicionamiento puede ser tanto en títulos soberanos como corporativos.;124.0;2067.0;336.0;13,2 meses;85006367469.0;2026-05-29;https://provincia-prod-api.teocoop.site/uploads/F10_05_26_4b691cbe81.pdf;2026-06-04 18:33:47.590314;RAÍCES INVERSIÓN;2026-05-29;Pesos;medio;180 días;moderado;renta fija;85.006.367.469;97,606372;0,49%;3.36;12,59%;25,35%;20,67%;45.6;IPC Indec;1,9%;56,0%;0%;1.9;;
lr5gmxx67bt3pogqyere7nyu;RAÍCES INVERSIÓN;2026-05-28;Clase A;10;97364111;lr5gmxx67bt3pogqyere7nyu;RAÍCES INVERSIÓN;ARS;Moderado;Horizonte a 180 días;Renta fija;-0.0152;https://www.provinciafondos.com.ar/nuestros-fondos/lr5gmxx67bt3pogqyere7nyu;2026-06-04 18:32:59.456549;El fondo invierte principalmente en activos de renta fija de corto y mediano plazo vinculados a la inflación, los cuales indexan por coeficiente CER o UVA. El posicionamiento puede ser tanto en títulos soberanos como corporativos.;124.0;2067.0;336.0;13,2 meses;85006367469.0;2026-05-29;https://provincia-prod-api.teocoop.site/uploads/F10_05_26_4b691cbe81.pdf;2026-06-04 18:33:47.590314;RAÍCES INVERSIÓN;2026-05-29;Pesos;medio;180 días;moderado;renta fija;85.006.367.469;97,606372;0,49%;3.36;12,59%;25,35%;20,67%;45.6;IPC Indec;1,9%;56,0%;0%;1.9;;
lr5gmxx67bt3pogqyere7nyu;RAÍCES INVERSIÓN;2026-05-27;Clase A;10;97264123;lr5gmxx67bt3pogqyere7nyu;RAÍCES INVERSIÓN;ARS;Moderado;Horizonte a 180 días;Renta fija;-0.0152;https://www.provinciafondos.com.ar/nuestros-fondos/lr5gmxx67bt3pogqyere7nyu;2026-06-04 18:32:59.456549;El fondo invierte principalmente en activos de renta fija de corto y mediano plazo vinculados a la inflación, los cuales indexan por coeficiente CER o UVA. El posicionamiento puede ser tanto en títulos soberanos como corporativos.;124.0;2067.0;336.0;13,2 meses;85006367469.0;2026-05-29;https://provincia-prod-api.teocoop.site/uploads/F10_05_26_4b691cbe81.pdf;2026-06-04 18:33:47.590314;RAÍCES INVERSIÓN;2026-05-29;Pesos;medio;180 días;moderado;renta fija;85.006.367.469;97,606372;0,49%;3.36;12,59%;25,35%;20,67%;45.6;IPC Indec;1,9%;56,0%;0%;1.9;;
lr5gmxx67bt3pogqyere7nyu;RAÍCES INVERSIÓN;2026-05-26;Clase A;10;97185126;lr5gmxx67bt3pogqyere7nyu;RAÍCES INVERSIÓN;ARS;Moderado;Horizonte a 180 días;Renta fija;-0.0152;https://www.provinciafondos.com.ar/nuestros-fondos/lr5gmxx67bt3pogqyere7nyu;2026-06-04 18:32:59.456549;El fondo invierte principalmente en activos de renta fija de corto y mediano plazo vinculados a la inflación, los cuales indexan por coeficiente CER o UVA. El posicionamiento puede ser tanto en títulos soberanos como corporativos.;124.0;2067.0;336.0;13,2 meses;85006367469.0;2026-05-29;https://provincia-prod-api.teocoop.site/uploads/F10_05_26_4b691cbe81.pdf;2026-06-04 18:33:47.590314;RAÍCES INVERSIÓN;2026-05-29;Pesos;medio;180 días;moderado;renta fija;85.006.367.469;97,606372;0,49%;3.36;12,59%;25,35%;20,67%;45.6;IPC Indec;1,9%;56,0%;0%;1.9;;
lr5gmxx67bt3pogqyere7nyu;RAÍCES INVERSIÓN;2026-05-22;Clase A;10;97129088;lr5gmxx67bt3pogqyere7nyu;RAÍCES INVERSIÓN;ARS;Moderado;Horizonte a 180 días;Renta fija;-0.0152;https://www.provinciafondos.com.ar/nuestros-fondos/lr5gmxx67bt3pogqyere7nyu;2026-06-04 18:32:59.456549;El fondo invierte principalmente en activos de renta fija de corto y mediano plazo vinculados a la inflación, los cuales indexan por coeficiente CER o UVA. El posicionamiento puede ser tanto en títulos soberanos como corporativos.;124.0;2067.0;336.0;13,2 meses;85006367469.0;2026-05-29;https://provincia-prod-api.teocoop.site/uploads/F10_05_26_4b691cbe81.pdf;2026-06-04 18:33:47.590314;RAÍCES INVERSIÓN;2026-05-29;Pesos;medio;180 días;moderado;renta fija;85.006.367.469;97,606372;0,49%;3.36;12,59%;25,35%;20,67%;45.6;IPC Indec;1,9%;56,0%;0%;1.9;;
lr5gmxx67bt3pogqyere7nyu;RAÍCES INVERSIÓN;2026-05-21;Clase A;10;96817427;lr5gmxx67bt3pogqyere7nyu;RAÍCES INVERSIÓN;ARS;Moderado;Horizonte a 180 días;Renta fija;-0.0152;https://www.provinciafondos.com.ar/nuestros-fondos/lr5gmxx67bt3pogqyere7nyu;2026-06-04 18:32:59.456549;El fondo invierte principalmente en activos de renta fija de corto y mediano plazo vinculados a la inflación, los cuales indexan por coeficiente CER o UVA. El posicionamiento puede ser tanto en títulos soberanos como corporativos.;124.0;2067.0;336.0;13,2 meses;85006367469.0;2026-05-29;https://provincia-prod-api.teocoop.site/uploads/F10_05_26_4b691cbe81.pdf;2026-06-04 18:33:47.590314;RAÍCES INVERSIÓN;2026-05-29;Pesos;medio;180 días;moderado;renta fija;85.006.367.469;97,606372;0,49%;3.36;12,59%;25,35%;20,67%;45.6;IPC Indec;1,9%;56,0%;0%;1.9;;
lr5gmxx67bt3pogqyere7nyu;RAÍCES INVERSIÓN;2026-05-20;Clase A;10;96708762;lr5gmxx67bt3pogqyere7nyu;RAÍCES INVERSIÓN;ARS;Moderado;Horizonte a 180 días;Renta fija;-0.0152;https://www.provinciafondos.com.ar/nuestros-fondos/lr5gmxx67bt3pogqyere7nyu;2026-06-04 18:32:59.456549;El fondo invierte principalmente en activos de renta fija de corto y mediano plazo vinculados a la inflación, los cuales indexan por coeficiente CER o UVA. El posicionamiento puede ser tanto en títulos soberanos como corporativos.;124.0;2067.0;336.0;13,2 meses;85006367469.0;2026-05-29;https://provincia-prod-api.teocoop.site/uploads/F10_05_26_4b691cbe81.pdf;2026-06-04 18:33:47.590314;RAÍCES INVERSIÓN;2026-05-29;Pesos;medio;180 días;moderado;renta fija;85.006.367.469;97,606372;0,49%;3.36;12,59%;25,35%;20,67%;45.6;IPC Indec;1,9%;56,0%;0%;1.9;;
lr5gmxx67bt3pogqyere7nyu;RAÍCES INVERSIÓN;2026-05-19;Clase A;10;96582628;lr5gmxx67bt3pogqyere7nyu;RAÍCES INVERSIÓN;ARS;Moderado;Horizonte a 180 días;Renta fija;-0.0152;https://www.provinciafondos.com.ar/nuestros-fondos/lr5gmxx67bt3pogqyere7nyu;2026-06-04 18:32:59.456549;El fondo invierte principalmente en activos de renta fija de corto y mediano plazo vinculados a la inflación, los cuales indexan por coeficiente CER o UVA. El posicionamiento puede ser tanto en títulos soberanos como corporativos.;124.0;2067.0;336.0;13,2 meses;85006367469.0;2026-05-29;https://provincia-prod-api.teocoop.site/uploads/F10_05_26_4b691cbe81.pdf;2026-06-04 18:33:47.590314;RAÍCES INVERSIÓN;2026-05-29;Pesos;medio;180 días;moderado;renta fija;85.006.367.469;97,606372;0,49%;3.36;12,59%;25,35%;20,67%;45.6;IPC Indec;1,9%;56,0%;0%;1.9;;
lr5gmxx67bt3pogqyere7nyu;RAÍCES INVERSIÓN;2026-05-18;Clase A;10;96433026;lr5gmxx67bt3pogqyere7nyu;RAÍCES INVERSIÓN;ARS;Moderado;Horizonte a 180 días;Renta fija;-0.0152;https://www.provinciafondos.com.ar/nuestros-fondos/lr5gmxx67bt3pogqyere7nyu;2026-06-04 18:32:59.456549;El fondo invierte principalmente en activos de renta fija de corto y mediano plazo vinculados a la inflación, los cuales indexan por coeficiente CER o UVA. El posicionamiento puede ser tanto en títulos soberanos como corporativos.;124.0;2067.0;336.0;13,2 meses;85006367469.0;2026-05-29;https://provincia-prod-api.teocoop.site/uploads/F10_05_26_4b691cbe81.pdf;2026-06-04 18:33:47.590314;RAÍCES INVERSIÓN;2026-05-29;Pesos;medio;180 días;moderado;renta fija;85.006.367.469;97,606372;0,49%;3.36;12,59%;25,35%;20,67%;45.6;IPC Indec;1,9%;56,0%;0%;1.9;;
lr5gmxx67bt3pogqyere7nyu;RAÍCES INVERSIÓN;2026-05-15;Clase A;10;96286068;lr5gmxx67bt3pogqyere7nyu;RAÍCES INVERSIÓN;ARS;Moderado;Horizonte a 180 días;Renta fija;-0.0152;https://www.provinciafondos.com.ar/nuestros-fondos/lr5gmxx67bt3pogqyere7nyu;2026-06-04 18:32:59.456549;El fondo invierte principalmente en activos de renta fija de corto y mediano plazo vinculados a la inflación, los cuales indexan por coeficiente CER o UVA. El posicionamiento puede ser tanto en títulos soberanos como corporativos.;124.0;2067.0;336.0;13,2 meses;85006367469.0;2026-05-29;https://provincia-prod-api.teocoop.site/uploads/F10_05_26_4b691cbe81.pdf;2026-06-04 18:33:47.590314;RAÍCES INVERSIÓN;2026-05-29;Pesos;medio;180 días;moderado;renta fija;85.006.367.469;97,606372;0,49%;3.36;12,59%;25,35%;20,67%;45.6;IPC Indec;1,9%;56,0%;0%;1.9;;
lr5gmxx67bt3pogqyere7nyu;RAÍCES INVERSIÓN;2026-05-14;Clase A;10;95990669;lr5gmxx67bt3pogqyere7nyu;RAÍCES INVERSIÓN;ARS;Moderado;Horizonte a 180 días;Renta fija;-0.0152;https://www.provinciafondos.com.ar/nuestros-fondos/lr5gmxx67bt3pogqyere7nyu;2026-06-04 18:32:59.456549;El fondo invierte principalmente en activos de renta fija de corto y mediano plazo vinculados a la inflación, los cuales indexan por coeficiente CER o UVA. El posicionamiento puede ser tanto en títulos soberanos como corporativos.;124.0;2067.0;336.0;13,2 meses;85006367469.0;2026-05-29;https://provincia-prod-api.teocoop.site/uploads/F10_05_26_4b691cbe81.pdf;2026-06-04 18:33:47.590314;RAÍCES INVERSIÓN;2026-05-29;Pesos;medio;180 días;moderado;renta fija;85.006.367.469;97,606372;0,49%;3.36;12,59%;25,35%;20,67%;45.6;IPC Indec;1,9%;56,0%;0%;1.9;;
lr5gmxx67bt3pogqyere7nyu;RAÍCES INVERSIÓN;2026-05-13;Clase A;10;95826238;lr5gmxx67bt3pogqyere7nyu;RAÍCES INVERSIÓN;ARS;Moderado;Horizonte a 180 días;Renta fija;-0.0152;https://www.provinciafondos.com.ar/nuestros-fondos/lr5gmxx67bt3pogqyere7nyu;2026-06-04 18:32:59.456549;El fondo invierte principalmente en activos de renta fija de corto y mediano plazo vinculados a la inflación, los cuales indexan por coeficiente CER o UVA. El posicionamiento puede ser tanto en títulos soberanos como corporativos.;124.0;2067.0;336.0;13,2 meses;85006367469.0;2026-05-29;https://provincia-prod-api.teocoop.site/uploads/F10_05_26_4b691cbe81.pdf;2026-06-04 18:33:47.590314;RAÍCES INVERSIÓN;2026-05-29;Pesos;medio;180 días;moderado;renta fija;85.006.367.469;97,606372;0,49%;3.36;12,59%;25,35%;20,67%;45.6;IPC Indec;1,9%;56,0%;0%;1.9;;
lr5gmxx67bt3pogqyere7nyu;RAÍCES INVERSIÓN;2026-05-12;Clase A;10;95765569;lr5gmxx67bt3pogqyere7nyu;RAÍCES INVERSIÓN;ARS;Moderado;Horizonte a 180 días;Renta fija;-0.0152;https://www.provinciafondos.com.ar/nuestros-fondos/lr5gmxx67bt3pogqyere7nyu;2026-06-04 18:32:59.456549;El fondo invierte principalmente en activos de renta fija de corto y mediano plazo vinculados a la inflación, los cuales indexan por coeficiente CER o UVA. El posicionamiento puede ser tanto en títulos soberanos como corporativos.;124.0;2067.0;336.0;13,2 meses;85006367469.0;2026-05-29;https://provincia-prod-api.teocoop.site/uploads/F10_05_26_4b691cbe81.pdf;2026-06-04 18:33:47.590314;RAÍCES INVERSIÓN;2026-05-29;Pesos;medio;180 días;moderado;renta fija;85.006.367.469;97,606372;0,49%;3.36;12,59%;25,35%;20,67%;45.6;IPC Indec;1,9%;56,0%;0%;1.9;;
lr5gmxx67bt3pogqyere7nyu;RAÍCES INVERSIÓN;2026-05-11;Clase A;10;95697166;lr5gmxx67bt3pogqyere7nyu;RAÍCES INVERSIÓN;ARS;Moderado;Horizonte a 180 días;Renta fija;-0.0152;https://www.provinciafondos.com.ar/nuestros-fondos/lr5gmxx67bt3pogqyere7nyu;2026-06-04 18:32:59.456549;El fondo invierte principalmente en activos de renta fija de corto y mediano plazo vinculados a la inflación, los cuales indexan por coeficiente CER o UVA. El posicionamiento puede ser tanto en títulos soberanos como corporativos.;124.0;2067.0;336.0;13,2 meses;85006367469.0;2026-05-29;https://provincia-prod-api.teocoop.site/uploads/F10_05_26_4b691cbe81.pdf;2026-06-04 18:33:47.590314;RAÍCES INVERSIÓN;2026-05-29;Pesos;medio;180 días;moderado;renta fija;85.006.367.469;97,606372;0,49%;3.36;12,59%;25,35%;20,67%;45.6;IPC Indec;1,9%;56,0%;0%;1.9;;
lr5gmxx67bt3pogqyere7nyu;RAÍCES INVERSIÓN;2026-05-08;Clase A;10;95520148;lr5gmxx67bt3pogqyere7nyu;RAÍCES INVERSIÓN;ARS;Moderado;Horizonte a 180 días;Renta fija;-0.0152;https://www.provinciafondos.com.ar/nuestros-fondos/lr5gmxx67bt3pogqyere7nyu;2026-06-04 18:32:59.456549;El fondo invierte principalmente en activos de renta fija de corto y mediano plazo vinculados a la inflación, los cuales indexan por coeficiente CER o UVA. El posicionamiento puede ser tanto en títulos soberanos como corporativos.;124.0;2067.0;336.0;13,2 meses;85006367469.0;2026-05-29;https://provincia-prod-api.teocoop.site/uploads/F10_05_26_4b691cbe81.pdf;2026-06-04 18:33:47.590314;RAÍCES INVERSIÓN;2026-05-29;Pesos;medio;180 días;moderado;renta fija;85.006.367.469;97,606372;0,49%;3.36;12,59%;25,35%;20,67%;45.6;IPC Indec;1,9%;56,0%;0%;1.9;;
lr5gmxx67bt3pogqyere7nyu;RAÍCES INVERSIÓN;2026-05-07;Clase A;10;95308015;lr5gmxx67bt3pogqyere7nyu;RAÍCES INVERSIÓN;ARS;Moderado;Horizonte a 180 días;Renta fija;-0.0152;https://www.provinciafondos.com.ar/nuestros-fondos/lr5gmxx67bt3pogqyere7nyu;2026-06-04 18:32:59.456549;El fondo invierte principalmente en activos de renta fija de corto y mediano plazo vinculados a la inflación, los cuales indexan por coeficiente CER o UVA. El posicionamiento puede ser tanto en títulos soberanos como corporativos.;124.0;2067.0;336.0;13,2 meses;85006367469.0;2026-05-29;https://provincia-prod-api.teocoop.site/uploads/F10_05_26_4b691cbe81.pdf;2026-06-04 18:33:47.590314;RAÍCES INVERSIÓN;2026-05-29;Pesos;medio;180 días;moderado;renta fija;85.006.367.469;97,606372;0,49%;3.36;12,59%;25,35%;20,67%;45.6;IPC Indec;1,9%;56,0%;0%;1.9;;
lr5gmxx67bt3pogqyere7nyu;RAÍCES INVERSIÓN;2026-05-06;Clase A;10;95152215;lr5gmxx67bt3pogqyere7nyu;RAÍCES INVERSIÓN;ARS;Moderado;Horizonte a 180 días;Renta fija;-0.0152;https://www.provinciafondos.com.ar/nuestros-fondos/lr5gmxx67bt3pogqyere7nyu;2026-06-04 18:32:59.456549;El fondo invierte principalmente en activos de renta fija de corto y mediano plazo vinculados a la inflación, los cuales indexan por coeficiente CER o UVA. El posicionamiento puede ser tanto en títulos soberanos como corporativos.;124.0;2067.0;336.0;13,2 meses;85006367469.0;2026-05-29;https://provincia-prod-api.teocoop.site/uploads/F10_05_26_4b691cbe81.pdf;2026-06-04 18:33:47.590314;RAÍCES INVERSIÓN;2026-05-29;Pesos;medio;180 días;moderado;renta fija;85.006.367.469;97,606372;0,49%;3.36;12,59%;25,35%;20,67%;45.6;IPC Indec;1,9%;56,0%;0%;1.9;;
rmnnb1f6s9tfxyiy7hwpv35m;RAÍCES PyME;2026-06-03;Clase A;3;9221426198;rmnnb1f6s9tfxyiy7hwpv35m;RAÍCES PyME;ARS;Moderado;Horizonte a 60 días;Financiamiento productivo;0.2248;https://www.provinciafondos.com.ar/nuestros-fondos/rmnnb1f6s9tfxyiy7hwpv35m;2026-06-04 18:32:59.456807;El fondo invierte mayormente en activos financieros emitidos por PyMES y/u otras entidades cuya emisión tenga como objetivo o finalidad el financiamiento de PyMES.;55.0;1099.0;166.0;6,6 meses;38871745488.0;2026-05-29;https://provincia-prod-api.teocoop.site/uploads/F3_05_26_e4c7780349.pdf;2026-06-04 18:33:58.055076;RAÍCES PyME;2026-05-29;Pesos;medio;60 días;moderado;renta fija;38.871.745.488;9.167,826610;0,32%;1.66;6,79%;14,74%;10,99%;40.03;CPD PyME avalado 30 días;1,9%;0%;0%;1.9;;
rmnnb1f6s9tfxyiy7hwpv35m;RAÍCES PyME;2026-06-02;Clase A;3;920073926;rmnnb1f6s9tfxyiy7hwpv35m;RAÍCES PyME;ARS;Moderado;Horizonte a 60 días;Financiamiento productivo;0.2248;https://www.provinciafondos.com.ar/nuestros-fondos/rmnnb1f6s9tfxyiy7hwpv35m;2026-06-04 18:32:59.456807;El fondo invierte mayormente en activos financieros emitidos por PyMES y/u otras entidades cuya emisión tenga como objetivo o finalidad el financiamiento de PyMES.;55.0;1099.0;166.0;6,6 meses;38871745488.0;2026-05-29;https://provincia-prod-api.teocoop.site/uploads/F3_05_26_e4c7780349.pdf;2026-06-04 18:33:58.055076;RAÍCES PyME;2026-05-29;Pesos;medio;60 días;moderado;renta fija;38.871.745.488;9.167,826610;0,32%;1.66;6,79%;14,74%;10,99%;40.03;CPD PyME avalado 30 días;1,9%;0%;0%;1.9;;
rmnnb1f6s9tfxyiy7hwpv35m;RAÍCES PyME;2026-06-01;Clase A;3;9186192577;rmnnb1f6s9tfxyiy7hwpv35m;RAÍCES PyME;ARS;Moderado;Horizonte a 60 días;Financiamiento productivo;0.2248;https://www.provinciafondos.com.ar/nuestros-fondos/rmnnb1f6s9tfxyiy7hwpv35m;2026-06-04 18:32:59.456807;El fondo invierte mayormente en activos financieros emitidos por PyMES y/u otras entidades cuya emisión tenga como objetivo o finalidad el financiamiento de PyMES.;55.0;1099.0;166.0;6,6 meses;38871745488.0;2026-05-29;https://provincia-prod-api.teocoop.site/uploads/F3_05_26_e4c7780349.pdf;2026-06-04 18:33:58.055076;RAÍCES PyME;2026-05-29;Pesos;medio;60 días;moderado;renta fija;38.871.745.488;9.167,826610;0,32%;1.66;6,79%;14,74%;10,99%;40.03;CPD PyME avalado 30 días;1,9%;0%;0%;1.9;;
rmnnb1f6s9tfxyiy7hwpv35m;RAÍCES PyME;2026-05-29;Clase A;3;916782661;rmnnb1f6s9tfxyiy7hwpv35m;RAÍCES PyME;ARS;Moderado;Horizonte a 60 días;Financiamiento productivo;0.2248;https://www.provinciafondos.com.ar/nuestros-fondos/rmnnb1f6s9tfxyiy7hwpv35m;2026-06-04 18:32:59.456807;El fondo invierte mayormente en activos financieros emitidos por PyMES y/u otras entidades cuya emisión tenga como objetivo o finalidad el financiamiento de PyMES.;55.0;1099.0;166.0;6,6 meses;38871745488.0;2026-05-29;https://provincia-prod-api.teocoop.site/uploads/F3_05_26_e4c7780349.pdf;2026-06-04 18:33:58.055076;RAÍCES PyME;2026-05-29;Pesos;medio;60 días;moderado;renta fija;38.871.745.488;9.167,826610;0,32%;1.66;6,79%;14,74%;10,99%;40.03;CPD PyME avalado 30 días;1,9%;0%;0%;1.9;;
rmnnb1f6s9tfxyiy7hwpv35m;RAÍCES PyME;2026-05-28;Clase A;3;9159204413;rmnnb1f6s9tfxyiy7hwpv35m;RAÍCES PyME;ARS;Moderado;Horizonte a 60 días;Financiamiento productivo;0.2248;https://www.provinciafondos.com.ar/nuestros-fondos/rmnnb1f6s9tfxyiy7hwpv35m;2026-06-04 18:32:59.456807;El fondo invierte mayormente en activos financieros emitidos por PyMES y/u otras entidades cuya emisión tenga como objetivo o finalidad el financiamiento de PyMES.;55.0;1099.0;166.0;6,6 meses;38871745488.0;2026-05-29;https://provincia-prod-api.teocoop.site/uploads/F3_05_26_e4c7780349.pdf;2026-06-04 18:33:58.055076;RAÍCES PyME;2026-05-29;Pesos;medio;60 días;moderado;renta fija;38.871.745.488;9.167,826610;0,32%;1.66;6,79%;14,74%;10,99%;40.03;CPD PyME avalado 30 días;1,9%;0%;0%;1.9;;
rmnnb1f6s9tfxyiy7hwpv35m;RAÍCES PyME;2026-05-27;Clase A;3;9153427655;rmnnb1f6s9tfxyiy7hwpv35m;RAÍCES PyME;ARS;Moderado;Horizonte a 60 días;Financiamiento productivo;0.2248;https://www.provinciafondos.com.ar/nuestros-fondos/rmnnb1f6s9tfxyiy7hwpv35m;2026-06-04 18:32:59.456807;El fondo invierte mayormente en activos financieros emitidos por PyMES y/u otras entidades cuya emisión tenga como objetivo o finalidad el financiamiento de PyMES.;55.0;1099.0;166.0;6,6 meses;38871745488.0;2026-05-29;https://provincia-prod-api.teocoop.site/uploads/F3_05_26_e4c7780349.pdf;2026-06-04 18:33:58.055076;RAÍCES PyME;2026-05-29;Pesos;medio;60 días;moderado;renta fija;38.871.745.488;9.167,826610;0,32%;1.66;6,79%;14,74%;10,99%;40.03;CPD PyME avalado 30 días;1,9%;0%;0%;1.9;;
rmnnb1f6s9tfxyiy7hwpv35m;RAÍCES PyME;2026-05-26;Clase A;3;9145328839;rmnnb1f6s9tfxyiy7hwpv35m;RAÍCES PyME;ARS;Moderado;Horizonte a 60 días;Financiamiento productivo;0.2248;https://www.provinciafondos.com.ar/nuestros-fondos/rmnnb1f6s9tfxyiy7hwpv35m;2026-06-04 18:32:59.456807;El fondo invierte mayormente en activos financieros emitidos por PyMES y/u otras entidades cuya emisión tenga como objetivo o finalidad el financiamiento de PyMES.;55.0;1099.0;166.0;6,6 meses;38871745488.0;2026-05-29;https://provincia-prod-api.teocoop.site/uploads/F3_05_26_e4c7780349.pdf;2026-06-04 18:33:58.055076;RAÍCES PyME;2026-05-29;Pesos;medio;60 días;moderado;renta fija;38.871.745.488;9.167,826610;0,32%;1.66;6,79%;14,74%;10,99%;40.03;CPD PyME avalado 30 días;1,9%;0%;0%;1.9;;
rmnnb1f6s9tfxyiy7hwpv35m;RAÍCES PyME;2026-05-22;Clase A;3;9138193581;rmnnb1f6s9tfxyiy7hwpv35m;RAÍCES PyME;ARS;Moderado;Horizonte a 60 días;Financiamiento productivo;0.2248;https://www.provinciafondos.com.ar/nuestros-fondos/rmnnb1f6s9tfxyiy7hwpv35m;2026-06-04 18:32:59.456807;El fondo invierte mayormente en activos financieros emitidos por PyMES y/u otras entidades cuya emisión tenga como objetivo o finalidad el financiamiento de PyMES.;55.0;1099.0;166.0;6,6 meses;38871745488.0;2026-05-29;https://provincia-prod-api.teocoop.site/uploads/F3_05_26_e4c7780349.pdf;2026-06-04 18:33:58.055076;RAÍCES PyME;2026-05-29;Pesos;medio;60 días;moderado;renta fija;38.871.745.488;9.167,826610;0,32%;1.66;6,79%;14,74%;10,99%;40.03;CPD PyME avalado 30 días;1,9%;0%;0%;1.9;;
rmnnb1f6s9tfxyiy7hwpv35m;RAÍCES PyME;2026-05-21;Clase A;3;9105575975;rmnnb1f6s9tfxyiy7hwpv35m;RAÍCES PyME;ARS;Moderado;Horizonte a 60 días;Financiamiento productivo;0.2248;https://www.provinciafondos.com.ar/nuestros-fondos/rmnnb1f6s9tfxyiy7hwpv35m;2026-06-04 18:32:59.456807;El fondo invierte mayormente en activos financieros emitidos por PyMES y/u otras entidades cuya emisión tenga como objetivo o finalidad el financiamiento de PyMES.;55.0;1099.0;166.0;6,6 meses;38871745488.0;2026-05-29;https://provincia-prod-api.teocoop.site/uploads/F3_05_26_e4c7780349.pdf;2026-06-04 18:33:58.055076;RAÍCES PyME;2026-05-29;Pesos;medio;60 días;moderado;renta fija;38.871.745.488;9.167,826610;0,32%;1.66;6,79%;14,74%;10,99%;40.03;CPD PyME avalado 30 días;1,9%;0%;0%;1.9;;
rmnnb1f6s9tfxyiy7hwpv35m;RAÍCES PyME;2026-05-20;Clase A;3;9109765107;rmnnb1f6s9tfxyiy7hwpv35m;RAÍCES PyME;ARS;Moderado;Horizonte a 60 días;Financiamiento productivo;0.2248;https://www.provinciafondos.com.ar/nuestros-fondos/rmnnb1f6s9tfxyiy7hwpv35m;2026-06-04 18:32:59.456807;El fondo invierte mayormente en activos financieros emitidos por PyMES y/u otras entidades cuya emisión tenga como objetivo o finalidad el financiamiento de PyMES.;55.0;1099.0;166.0;6,6 meses;38871745488.0;2026-05-29;https://provincia-prod-api.teocoop.site/uploads/F3_05_26_e4c7780349.pdf;2026-06-04 18:33:58.055076;RAÍCES PyME;2026-05-29;Pesos;medio;60 días;moderado;renta fija;38.871.745.488;9.167,826610;0,32%;1.66;6,79%;14,74%;10,99%;40.03;CPD PyME avalado 30 días;1,9%;0%;0%;1.9;;
rmnnb1f6s9tfxyiy7hwpv35m;RAÍCES PyME;2026-05-19;Clase A;3;9106860124;rmnnb1f6s9tfxyiy7hwpv35m;RAÍCES PyME;ARS;Moderado;Horizonte a 60 días;Financiamiento productivo;0.2248;https://www.provinciafondos.com.ar/nuestros-fondos/rmnnb1f6s9tfxyiy7hwpv35m;2026-06-04 18:32:59.456807;El fondo invierte mayormente en activos financieros emitidos por PyMES y/u otras entidades cuya emisión tenga como objetivo o finalidad el financiamiento de PyMES.;55.0;1099.0;166.0;6,6 meses;38871745488.0;2026-05-29;https://provincia-prod-api.teocoop.site/uploads/F3_05_26_e4c7780349.pdf;2026-06-04 18:33:58.055076;RAÍCES PyME;2026-05-29;Pesos;medio;60 días;moderado;renta fija;38.871.745.488;9.167,826610;0,32%;1.66;6,79%;14,74%;10,99%;40.03;CPD PyME avalado 30 días;1,9%;0%;0%;1.9;;
rmnnb1f6s9tfxyiy7hwpv35m;RAÍCES PyME;2026-05-18;Clase A;3;9098328534;rmnnb1f6s9tfxyiy7hwpv35m;RAÍCES PyME;ARS;Moderado;Horizonte a 60 días;Financiamiento productivo;0.2248;https://www.provinciafondos.com.ar/nuestros-fondos/rmnnb1f6s9tfxyiy7hwpv35m;2026-06-04 18:32:59.456807;El fondo invierte mayormente en activos financieros emitidos por PyMES y/u otras entidades cuya emisión tenga como objetivo o finalidad el financiamiento de PyMES.;55.0;1099.0;166.0;6,6 meses;38871745488.0;2026-05-29;https://provincia-prod-api.teocoop.site/uploads/F3_05_26_e4c7780349.pdf;2026-06-04 18:33:58.055076;RAÍCES PyME;2026-05-29;Pesos;medio;60 días;moderado;renta fija;38.871.745.488;9.167,826610;0,32%;1.66;6,79%;14,74%;10,99%;40.03;CPD PyME avalado 30 días;1,9%;0%;0%;1.9;;
rmnnb1f6s9tfxyiy7hwpv35m;RAÍCES PyME;2026-05-15;Clase A;3;9092791672;rmnnb1f6s9tfxyiy7hwpv35m;RAÍCES PyME;ARS;Moderado;Horizonte a 60 días;Financiamiento productivo;0.2248;https://www.provinciafondos.com.ar/nuestros-fondos/rmnnb1f6s9tfxyiy7hwpv35m;2026-06-04 18:32:59.456807;El fondo invierte mayormente en activos financieros emitidos por PyMES y/u otras entidades cuya emisión tenga como objetivo o finalidad el financiamiento de PyMES.;55.0;1099.0;166.0;6,6 meses;38871745488.0;2026-05-29;https://provincia-prod-api.teocoop.site/uploads/F3_05_26_e4c7780349.pdf;2026-06-04 18:33:58.055076;RAÍCES PyME;2026-05-29;Pesos;medio;60 días;moderado;renta fija;38.871.745.488;9.167,826610;0,32%;1.66;6,79%;14,74%;10,99%;40.03;CPD PyME avalado 30 días;1,9%;0%;0%;1.9;;
rmnnb1f6s9tfxyiy7hwpv35m;RAÍCES PyME;2026-05-14;Clase A;3;907346815;rmnnb1f6s9tfxyiy7hwpv35m;RAÍCES PyME;ARS;Moderado;Horizonte a 60 días;Financiamiento productivo;0.2248;https://www.provinciafondos.com.ar/nuestros-fondos/rmnnb1f6s9tfxyiy7hwpv35m;2026-06-04 18:32:59.456807;El fondo invierte mayormente en activos financieros emitidos por PyMES y/u otras entidades cuya emisión tenga como objetivo o finalidad el financiamiento de PyMES.;55.0;1099.0;166.0;6,6 meses;38871745488.0;2026-05-29;https://provincia-prod-api.teocoop.site/uploads/F3_05_26_e4c7780349.pdf;2026-06-04 18:33:58.055076;RAÍCES PyME;2026-05-29;Pesos;medio;60 días;moderado;renta fija;38.871.745.488;9.167,826610;0,32%;1.66;6,79%;14,74%;10,99%;40.03;CPD PyME avalado 30 días;1,9%;0%;0%;1.9;;
rmnnb1f6s9tfxyiy7hwpv35m;RAÍCES PyME;2026-05-13;Clase A;3;9071856191;rmnnb1f6s9tfxyiy7hwpv35m;RAÍCES PyME;ARS;Moderado;Horizonte a 60 días;Financiamiento productivo;0.2248;https://www.provinciafondos.com.ar/nuestros-fondos/rmnnb1f6s9tfxyiy7hwpv35m;2026-06-04 18:32:59.456807;El fondo invierte mayormente en activos financieros emitidos por PyMES y/u otras entidades cuya emisión tenga como objetivo o finalidad el financiamiento de PyMES.;55.0;1099.0;166.0;6,6 meses;38871745488.0;2026-05-29;https://provincia-prod-api.teocoop.site/uploads/F3_05_26_e4c7780349.pdf;2026-06-04 18:33:58.055076;RAÍCES PyME;2026-05-29;Pesos;medio;60 días;moderado;renta fija;38.871.745.488;9.167,826610;0,32%;1.66;6,79%;14,74%;10,99%;40.03;CPD PyME avalado 30 días;1,9%;0%;0%;1.9;;
rmnnb1f6s9tfxyiy7hwpv35m;RAÍCES PyME;2026-05-12;Clase A;3;9058891708;rmnnb1f6s9tfxyiy7hwpv35m;RAÍCES PyME;ARS;Moderado;Horizonte a 60 días;Financiamiento productivo;0.2248;https://www.provinciafondos.com.ar/nuestros-fondos/rmnnb1f6s9tfxyiy7hwpv35m;2026-06-04 18:32:59.456807;El fondo invierte mayormente en activos financieros emitidos por PyMES y/u otras entidades cuya emisión tenga como objetivo o finalidad el financiamiento de PyMES.;55.0;1099.0;166.0;6,6 meses;38871745488.0;2026-05-29;https://provincia-prod-api.teocoop.site/uploads/F3_05_26_e4c7780349.pdf;2026-06-04 18:33:58.055076;RAÍCES PyME;2026-05-29;Pesos;medio;60 días;moderado;renta fija;38.871.745.488;9.167,826610;0,32%;1.66;6,79%;14,74%;10,99%;40.03;CPD PyME avalado 30 días;1,9%;0%;0%;1.9;;
rmnnb1f6s9tfxyiy7hwpv35m;RAÍCES PyME;2026-05-11;Clase A;3;906037177;rmnnb1f6s9tfxyiy7hwpv35m;RAÍCES PyME;ARS;Moderado;Horizonte a 60 días;Financiamiento productivo;0.2248;https://www.provinciafondos.com.ar/nuestros-fondos/rmnnb1f6s9tfxyiy7hwpv35m;2026-06-04 18:32:59.456807;El fondo invierte mayormente en activos financieros emitidos por PyMES y/u otras entidades cuya emisión tenga como objetivo o finalidad el financiamiento de PyMES.;55.0;1099.0;166.0;6,6 meses;38871745488.0;2026-05-29;https://provincia-prod-api.teocoop.site/uploads/F3_05_26_e4c7780349.pdf;2026-06-04 18:33:58.055076;RAÍCES PyME;2026-05-29;Pesos;medio;60 días;moderado;renta fija;38.871.745.488;9.167,826610;0,32%;1.66;6,79%;14,74%;10,99%;40.03;CPD PyME avalado 30 días;1,9%;0%;0%;1.9;;
rmnnb1f6s9tfxyiy7hwpv35m;RAÍCES PyME;2026-05-08;Clase A;3;9058492421;rmnnb1f6s9tfxyiy7hwpv35m;RAÍCES PyME;ARS;Moderado;Horizonte a 60 días;Financiamiento productivo;0.2248;https://www.provinciafondos.com.ar/nuestros-fondos/rmnnb1f6s9tfxyiy7hwpv35m;2026-06-04 18:32:59.456807;El fondo invierte mayormente en activos financieros emitidos por PyMES y/u otras entidades cuya emisión tenga como objetivo o finalidad el financiamiento de PyMES.;55.0;1099.0;166.0;6,6 meses;38871745488.0;2026-05-29;https://provincia-prod-api.teocoop.site/uploads/F3_05_26_e4c7780349.pdf;2026-06-04 18:33:58.055076;RAÍCES PyME;2026-05-29;Pesos;medio;60 días;moderado;renta fija;38.871.745.488;9.167,826610;0,32%;1.66;6,79%;14,74%;10,99%;40.03;CPD PyME avalado 30 días;1,9%;0%;0%;1.9;;
rmnnb1f6s9tfxyiy7hwpv35m;RAÍCES PyME;2026-05-07;Clase A;3;9044225371;rmnnb1f6s9tfxyiy7hwpv35m;RAÍCES PyME;ARS;Moderado;Horizonte a 60 días;Financiamiento productivo;0.2248;https://www.provinciafondos.com.ar/nuestros-fondos/rmnnb1f6s9tfxyiy7hwpv35m;2026-06-04 18:32:59.456807;El fondo invierte mayormente en activos financieros emitidos por PyMES y/u otras entidades cuya emisión tenga como objetivo o finalidad el financiamiento de PyMES.;55.0;1099.0;166.0;6,6 meses;38871745488.0;2026-05-29;https://provincia-prod-api.teocoop.site/uploads/F3_05_26_e4c7780349.pdf;2026-06-04 18:33:58.055076;RAÍCES PyME;2026-05-29;Pesos;medio;60 días;moderado;renta fija;38.871.745.488;9.167,826610;0,32%;1.66;6,79%;14,74%;10,99%;40.03;CPD PyME avalado 30 días;1,9%;0%;0%;1.9;;
rmnnb1f6s9tfxyiy7hwpv35m;RAÍCES PyME;2026-05-06;Clase A;3;9029194686;rmnnb1f6s9tfxyiy7hwpv35m;RAÍCES PyME;ARS;Moderado;Horizonte a 60 días;Financiamiento productivo;0.2248;https://www.provinciafondos.com.ar/nuestros-fondos/rmnnb1f6s9tfxyiy7hwpv35m;2026-06-04 18:32:59.456807;El fondo invierte mayormente en activos financieros emitidos por PyMES y/u otras entidades cuya emisión tenga como objetivo o finalidad el financiamiento de PyMES.;55.0;1099.0;166.0;6,6 meses;38871745488.0;2026-05-29;https://provincia-prod-api.teocoop.site/uploads/F3_05_26_e4c7780349.pdf;2026-06-04 18:33:58.055076;RAÍCES PyME;2026-05-29;Pesos;medio;60 días;moderado;renta fija;38.871.745.488;9.167,826610;0,32%;1.66;6,79%;14,74%;10,99%;40.03;CPD PyME avalado 30 días;1,9%;0%;0%;1.9;;
rmnnb1f6s9tfxyiy7hwpv35m;RAÍCES PyME;2026-06-03;Clase A;3;9221426198;rmnnb1f6s9tfxyiy7hwpv35m;RAÍCES PyME;ARS;Moderado;Horizonte a 60 días;Financiamiento productivo;0.2248;https://www.provinciafondos.com.ar/nuestros-fondos/rmnnb1f6s9tfxyiy7hwpv35m;2026-06-04 18:32:59.456807;El fondo invierte mayormente en activos financieros emitidos por PyMES y/u otras entidades cuya emisión tenga como objetivo o finalidad el financiamiento de PyMES.;55.0;1099.0;166.0;6,6 meses;38871745488.0;2026-05-29;https://provincia-prod-api.teocoop.site/uploads/F3_05_26_e4c7780349.pdf;2026-06-04 18:33:58.055076;RAÍCES PyME;2026-05-29;Pesos;medio;60 días;moderado;renta fija;38.871.745.488;9.167,826610;0,32%;1.66;6,79%;14,74%;10,99%;40.03;CPD PyME avalado 30 días;1,9%;0%;0%;1.9;;
rmnnb1f6s9tfxyiy7hwpv35m;RAÍCES PyME;2026-06-02;Clase A;3;920073926;rmnnb1f6s9tfxyiy7hwpv35m;RAÍCES PyME;ARS;Moderado;Horizonte a 60 días;Financiamiento productivo;0.2248;https://www.provinciafondos.com.ar/nuestros-fondos/rmnnb1f6s9tfxyiy7hwpv35m;2026-06-04 18:32:59.456807;El fondo invierte mayormente en activos financieros emitidos por PyMES y/u otras entidades cuya emisión tenga como objetivo o finalidad el financiamiento de PyMES.;55.0;1099.0;166.0;6,6 meses;38871745488.0;2026-05-29;https://provincia-prod-api.teocoop.site/uploads/F3_05_26_e4c7780349.pdf;2026-06-04 18:33:58.055076;RAÍCES PyME;2026-05-29;Pesos;medio;60 días;moderado;renta fija;38.871.745.488;9.167,826610;0,32%;1.66;6,79%;14,74%;10,99%;40.03;CPD PyME avalado 30 días;1,9%;0%;0%;1.9;;
rmnnb1f6s9tfxyiy7hwpv35m;RAÍCES PyME;2026-06-01;Clase A;3;9186192577;rmnnb1f6s9tfxyiy7hwpv35m;RAÍCES PyME;ARS;Moderado;Horizonte a 60 días;Financiamiento productivo;0.2248;https://www.provinciafondos.com.ar/nuestros-fondos/rmnnb1f6s9tfxyiy7hwpv35m;2026-06-04 18:32:59.456807;El fondo invierte mayormente en activos financieros emitidos por PyMES y/u otras entidades cuya emisión tenga como objetivo o finalidad el financiamiento de PyMES.;55.0;1099.0;166.0;6,6 meses;38871745488.0;2026-05-29;https://provincia-prod-api.teocoop.site/uploads/F3_05_26_e4c7780349.pdf;2026-06-04 18:33:58.055076;RAÍCES PyME;2026-05-29;Pesos;medio;60 días;moderado;renta fija;38.871.745.488;9.167,826610;0,32%;1.66;6,79%;14,74%;10,99%;40.03;CPD PyME avalado 30 días;1,9%;0%;0%;1.9;;
rmnnb1f6s9tfxyiy7hwpv35m;RAÍCES PyME;2026-05-29;Clase A;3;916782661;rmnnb1f6s9tfxyiy7hwpv35m;RAÍCES PyME;ARS;Moderado;Horizonte a 60 días;Financiamiento productivo;0.2248;https://www.provinciafondos.com.ar/nuestros-fondos/rmnnb1f6s9tfxyiy7hwpv35m;2026-06-04 18:32:59.456807;El fondo invierte mayormente en activos financieros emitidos por PyMES y/u otras entidades cuya emisión tenga como objetivo o finalidad el financiamiento de PyMES.;55.0;1099.0;166.0;6,6 meses;38871745488.0;2026-05-29;https://provincia-prod-api.teocoop.site/uploads/F3_05_26_e4c7780349.pdf;2026-06-04 18:33:58.055076;RAÍCES PyME;2026-05-29;Pesos;medio;60 días;moderado;renta fija;38.871.745.488;9.167,826610;0,32%;1.66;6,79%;14,74%;10,99%;40.03;CPD PyME avalado 30 días;1,9%;0%;0%;1.9;;
rmnnb1f6s9tfxyiy7hwpv35m;RAÍCES PyME;2026-05-28;Clase A;3;9159204413;rmnnb1f6s9tfxyiy7hwpv35m;RAÍCES PyME;ARS;Moderado;Horizonte a 60 días;Financiamiento productivo;0.2248;https://www.provinciafondos.com.ar/nuestros-fondos/rmnnb1f6s9tfxyiy7hwpv35m;2026-06-04 18:32:59.456807;El fondo invierte mayormente en activos financieros emitidos por PyMES y/u otras entidades cuya emisión tenga como objetivo o finalidad el financiamiento de PyMES.;55.0;1099.0;166.0;6,6 meses;38871745488.0;2026-05-29;https://provincia-prod-api.teocoop.site/uploads/F3_05_26_e4c7780349.pdf;2026-06-04 18:33:58.055076;RAÍCES PyME;2026-05-29;Pesos;medio;60 días;moderado;renta fija;38.871.745.488;9.167,826610;0,32%;1.66;6,79%;14,74%;10,99%;40.03;CPD PyME avalado 30 días;1,9%;0%;0%;1.9;;
rmnnb1f6s9tfxyiy7hwpv35m;RAÍCES PyME;2026-05-27;Clase A;3;9153427655;rmnnb1f6s9tfxyiy7hwpv35m;RAÍCES PyME;ARS;Moderado;Horizonte a 60 días;Financiamiento productivo;0.2248;https://www.provinciafondos.com.ar/nuestros-fondos/rmnnb1f6s9tfxyiy7hwpv35m;2026-06-04 18:32:59.456807;El fondo invierte mayormente en activos financieros emitidos por PyMES y/u otras entidades cuya emisión tenga como objetivo o finalidad el financiamiento de PyMES.;55.0;1099.0;166.0;6,6 meses;38871745488.0;2026-05-29;https://provincia-prod-api.teocoop.site/uploads/F3_05_26_e4c7780349.pdf;2026-06-04 18:33:58.055076;RAÍCES PyME;2026-05-29;Pesos;medio;60 días;moderado;renta fija;38.871.745.488;9.167,826610;0,32%;1.66;6,79%;14,74%;10,99%;40.03;CPD PyME avalado 30 días;1,9%;0%;0%;1.9;;
rmnnb1f6s9tfxyiy7hwpv35m;RAÍCES PyME;2026-05-26;Clase A;3;9145328839;rmnnb1f6s9tfxyiy7hwpv35m;RAÍCES PyME;ARS;Moderado;Horizonte a 60 días;Financiamiento productivo;0.2248;https://www.provinciafondos.com.ar/nuestros-fondos/rmnnb1f6s9tfxyiy7hwpv35m;2026-06-04 18:32:59.456807;El fondo invierte mayormente en activos financieros emitidos por PyMES y/u otras entidades cuya emisión tenga como objetivo o finalidad el financiamiento de PyMES.;55.0;1099.0;166.0;6,6 meses;38871745488.0;2026-05-29;https://provincia-prod-api.teocoop.site/uploads/F3_05_26_e4c7780349.pdf;2026-06-04 18:33:58.055076;RAÍCES PyME;2026-05-29;Pesos;medio;60 días;moderado;renta fija;38.871.745.488;9.167,826610;0,32%;1.66;6,79%;14,74%;10,99%;40.03;CPD PyME avalado 30 días;1,9%;0%;0%;1.9;;
rmnnb1f6s9tfxyiy7hwpv35m;RAÍCES PyME;2026-05-22;Clase A;3;9138193581;rmnnb1f6s9tfxyiy7hwpv35m;RAÍCES PyME;ARS;Moderado;Horizonte a 60 días;Financiamiento productivo;0.2248;https://www.provinciafondos.com.ar/nuestros-fondos/rmnnb1f6s9tfxyiy7hwpv35m;2026-06-04 18:32:59.456807;El fondo invierte mayormente en activos financieros emitidos por PyMES y/u otras entidades cuya emisión tenga como objetivo o finalidad el financiamiento de PyMES.;55.0;1099.0;166.0;6,6 meses;38871745488.0;2026-05-29;https://provincia-prod-api.teocoop.site/uploads/F3_05_26_e4c7780349.pdf;2026-06-04 18:33:58.055076;RAÍCES PyME;2026-05-29;Pesos;medio;60 días;moderado;renta fija;38.871.745.488;9.167,826610;0,32%;1.66;6,79%;14,74%;10,99%;40.03;CPD PyME avalado 30 días;1,9%;0%;0%;1.9;;
rmnnb1f6s9tfxyiy7hwpv35m;RAÍCES PyME;2026-05-21;Clase A;3;9105575975;rmnnb1f6s9tfxyiy7hwpv35m;RAÍCES PyME;ARS;Moderado;Horizonte a 60 días;Financiamiento productivo;0.2248;https://www.provinciafondos.com.ar/nuestros-fondos/rmnnb1f6s9tfxyiy7hwpv35m;2026-06-04 18:32:59.456807;El fondo invierte mayormente en activos financieros emitidos por PyMES y/u otras entidades cuya emisión tenga como objetivo o finalidad el financiamiento de PyMES.;55.0;1099.0;166.0;6,6 meses;38871745488.0;2026-05-29;https://provincia-prod-api.teocoop.site/uploads/F3_05_26_e4c7780349.pdf;2026-06-04 18:33:58.055076;RAÍCES PyME;2026-05-29;Pesos;medio;60 días;moderado;renta fija;38.871.745.488;9.167,826610;0,32%;1.66;6,79%;14,74%;10,99%;40.03;CPD PyME avalado 30 días;1,9%;0%;0%;1.9;;
rmnnb1f6s9tfxyiy7hwpv35m;RAÍCES PyME;2026-05-20;Clase A;3;9109765107;rmnnb1f6s9tfxyiy7hwpv35m;RAÍCES PyME;ARS;Moderado;Horizonte a 60 días;Financiamiento productivo;0.2248;https://www.provinciafondos.com.ar/nuestros-fondos/rmnnb1f6s9tfxyiy7hwpv35m;2026-06-04 18:32:59.456807;El fondo invierte mayormente en activos financieros emitidos por PyMES y/u otras entidades cuya emisión tenga como objetivo o finalidad el financiamiento de PyMES.;55.0;1099.0;166.0;6,6 meses;38871745488.0;2026-05-29;https://provincia-prod-api.teocoop.site/uploads/F3_05_26_e4c7780349.pdf;2026-06-04 18:33:58.055076;RAÍCES PyME;2026-05-29;Pesos;medio;60 días;moderado;renta fija;38.871.745.488;9.167,826610;0,32%;1.66;6,79%;14,74%;10,99%;40.03;CPD PyME avalado 30 días;1,9%;0%;0%;1.9;;
rmnnb1f6s9tfxyiy7hwpv35m;RAÍCES PyME;2026-05-19;Clase A;3;9106860124;rmnnb1f6s9tfxyiy7hwpv35m;RAÍCES PyME;ARS;Moderado;Horizonte a 60 días;Financiamiento productivo;0.2248;https://www.provinciafondos.com.ar/nuestros-fondos/rmnnb1f6s9tfxyiy7hwpv35m;2026-06-04 18:32:59.456807;El fondo invierte mayormente en activos financieros emitidos por PyMES y/u otras entidades cuya emisión tenga como objetivo o finalidad el financiamiento de PyMES.;55.0;1099.0;166.0;6,6 meses;38871745488.0;2026-05-29;https://provincia-prod-api.teocoop.site/uploads/F3_05_26_e4c7780349.pdf;2026-06-04 18:33:58.055076;RAÍCES PyME;2026-05-29;Pesos;medio;60 días;moderado;renta fija;38.871.745.488;9.167,826610;0,32%;1.66;6,79%;14,74%;10,99%;40.03;CPD PyME avalado 30 días;1,9%;0%;0%;1.9;;
rmnnb1f6s9tfxyiy7hwpv35m;RAÍCES PyME;2026-05-18;Clase A;3;9098328534;rmnnb1f6s9tfxyiy7hwpv35m;RAÍCES PyME;ARS;Moderado;Horizonte a 60 días;Financiamiento productivo;0.2248;https://www.provinciafondos.com.ar/nuestros-fondos/rmnnb1f6s9tfxyiy7hwpv35m;2026-06-04 18:32:59.456807;El fondo invierte mayormente en activos financieros emitidos por PyMES y/u otras entidades cuya emisión tenga como objetivo o finalidad el financiamiento de PyMES.;55.0;1099.0;166.0;6,6 meses;38871745488.0;2026-05-29;https://provincia-prod-api.teocoop.site/uploads/F3_05_26_e4c7780349.pdf;2026-06-04 18:33:58.055076;RAÍCES PyME;2026-05-29;Pesos;medio;60 días;moderado;renta fija;38.871.745.488;9.167,826610;0,32%;1.66;6,79%;14,74%;10,99%;40.03;CPD PyME avalado 30 días;1,9%;0%;0%;1.9;;
rmnnb1f6s9tfxyiy7hwpv35m;RAÍCES PyME;2026-05-15;Clase A;3;9092791672;rmnnb1f6s9tfxyiy7hwpv35m;RAÍCES PyME;ARS;Moderado;Horizonte a 60 días;Financiamiento productivo;0.2248;https://www.provinciafondos.com.ar/nuestros-fondos/rmnnb1f6s9tfxyiy7hwpv35m;2026-06-04 18:32:59.456807;El fondo invierte mayormente en activos financieros emitidos por PyMES y/u otras entidades cuya emisión tenga como objetivo o finalidad el financiamiento de PyMES.;55.0;1099.0;166.0;6,6 meses;38871745488.0;2026-05-29;https://provincia-prod-api.teocoop.site/uploads/F3_05_26_e4c7780349.pdf;2026-06-04 18:33:58.055076;RAÍCES PyME;2026-05-29;Pesos;medio;60 días;moderado;renta fija;38.871.745.488;9.167,826610;0,32%;1.66;6,79%;14,74%;10,99%;40.03;CPD PyME avalado 30 días;1,9%;0%;0%;1.9;;
rmnnb1f6s9tfxyiy7hwpv35m;RAÍCES PyME;2026-05-14;Clase A;3;907346815;rmnnb1f6s9tfxyiy7hwpv35m;RAÍCES PyME;ARS;Moderado;Horizonte a 60 días;Financiamiento productivo;0.2248;https://www.provinciafondos.com.ar/nuestros-fondos/rmnnb1f6s9tfxyiy7hwpv35m;2026-06-04 18:32:59.456807;El fondo invierte mayormente en activos financieros emitidos por PyMES y/u otras entidades cuya emisión tenga como objetivo o finalidad el financiamiento de PyMES.;55.0;1099.0;166.0;6,6 meses;38871745488.0;2026-05-29;https://provincia-prod-api.teocoop.site/uploads/F3_05_26_e4c7780349.pdf;2026-06-04 18:33:58.055076;RAÍCES PyME;2026-05-29;Pesos;medio;60 días;moderado;renta fija;38.871.745.488;9.167,826610;0,32%;1.66;6,79%;14,74%;10,99%;40.03;CPD PyME avalado 30 días;1,9%;0%;0%;1.9;;
rmnnb1f6s9tfxyiy7hwpv35m;RAÍCES PyME;2026-05-13;Clase A;3;9071856191;rmnnb1f6s9tfxyiy7hwpv35m;RAÍCES PyME;ARS;Moderado;Horizonte a 60 días;Financiamiento productivo;0.2248;https://www.provinciafondos.com.ar/nuestros-fondos/rmnnb1f6s9tfxyiy7hwpv35m;2026-06-04 18:32:59.456807;El fondo invierte mayormente en activos financieros emitidos por PyMES y/u otras entidades cuya emisión tenga como objetivo o finalidad el financiamiento de PyMES.;55.0;1099.0;166.0;6,6 meses;38871745488.0;2026-05-29;https://provincia-prod-api.teocoop.site/uploads/F3_05_26_e4c7780349.pdf;2026-06-04 18:33:58.055076;RAÍCES PyME;2026-05-29;Pesos;medio;60 días;moderado;renta fija;38.871.745.488;9.167,826610;0,32%;1.66;6,79%;14,74%;10,99%;40.03;CPD PyME avalado 30 días;1,9%;0%;0%;1.9;;
rmnnb1f6s9tfxyiy7hwpv35m;RAÍCES PyME;2026-05-12;Clase A;3;9058891708;rmnnb1f6s9tfxyiy7hwpv35m;RAÍCES PyME;ARS;Moderado;Horizonte a 60 días;Financiamiento productivo;0.2248;https://www.provinciafondos.com.ar/nuestros-fondos/rmnnb1f6s9tfxyiy7hwpv35m;2026-06-04 18:32:59.456807;El fondo invierte mayormente en activos financieros emitidos por PyMES y/u otras entidades cuya emisión tenga como objetivo o finalidad el financiamiento de PyMES.;55.0;1099.0;166.0;6,6 meses;38871745488.0;2026-05-29;https://provincia-prod-api.teocoop.site/uploads/F3_05_26_e4c7780349.pdf;2026-06-04 18:33:58.055076;RAÍCES PyME;2026-05-29;Pesos;medio;60 días;moderado;renta fija;38.871.745.488;9.167,826610;0,32%;1.66;6,79%;14,74%;10,99%;40.03;CPD PyME avalado 30 días;1,9%;0%;0%;1.9;;
rmnnb1f6s9tfxyiy7hwpv35m;RAÍCES PyME;2026-05-11;Clase A;3;906037177;rmnnb1f6s9tfxyiy7hwpv35m;RAÍCES PyME;ARS;Moderado;Horizonte a 60 días;Financiamiento productivo;0.2248;https://www.provinciafondos.com.ar/nuestros-fondos/rmnnb1f6s9tfxyiy7hwpv35m;2026-06-04 18:32:59.456807;El fondo invierte mayormente en activos financieros emitidos por PyMES y/u otras entidades cuya emisión tenga como objetivo o finalidad el financiamiento de PyMES.;55.0;1099.0;166.0;6,6 meses;38871745488.0;2026-05-29;https://provincia-prod-api.teocoop.site/uploads/F3_05_26_e4c7780349.pdf;2026-06-04 18:33:58.055076;RAÍCES PyME;2026-05-29;Pesos;medio;60 días;moderado;renta fija;38.871.745.488;9.167,826610;0,32%;1.66;6,79%;14,74%;10,99%;40.03;CPD PyME avalado 30 días;1,9%;0%;0%;1.9;;
rmnnb1f6s9tfxyiy7hwpv35m;RAÍCES PyME;2026-05-08;Clase A;3;9058492421;rmnnb1f6s9tfxyiy7hwpv35m;RAÍCES PyME;ARS;Moderado;Horizonte a 60 días;Financiamiento productivo;0.2248;https://www.provinciafondos.com.ar/nuestros-fondos/rmnnb1f6s9tfxyiy7hwpv35m;2026-06-04 18:32:59.456807;El fondo invierte mayormente en activos financieros emitidos por PyMES y/u otras entidades cuya emisión tenga como objetivo o finalidad el financiamiento de PyMES.;55.0;1099.0;166.0;6,6 meses;38871745488.0;2026-05-29;https://provincia-prod-api.teocoop.site/uploads/F3_05_26_e4c7780349.pdf;2026-06-04 18:33:58.055076;RAÍCES PyME;2026-05-29;Pesos;medio;60 días;moderado;renta fija;38.871.745.488;9.167,826610;0,32%;1.66;6,79%;14,74%;10,99%;40.03;CPD PyME avalado 30 días;1,9%;0%;0%;1.9;;
rmnnb1f6s9tfxyiy7hwpv35m;RAÍCES PyME;2026-05-07;Clase A;3;9044225371;rmnnb1f6s9tfxyiy7hwpv35m;RAÍCES PyME;ARS;Moderado;Horizonte a 60 días;Financiamiento productivo;0.2248;https://www.provinciafondos.com.ar/nuestros-fondos/rmnnb1f6s9tfxyiy7hwpv35m;2026-06-04 18:32:59.456807;El fondo invierte mayormente en activos financieros emitidos por PyMES y/u otras entidades cuya emisión tenga como objetivo o finalidad el financiamiento de PyMES.;55.0;1099.0;166.0;6,6 meses;38871745488.0;2026-05-29;https://provincia-prod-api.teocoop.site/uploads/F3_05_26_e4c7780349.pdf;2026-06-04 18:33:58.055076;RAÍCES PyME;2026-05-29;Pesos;medio;60 días;moderado;renta fija;38.871.745.488;9.167,826610;0,32%;1.66;6,79%;14,74%;10,99%;40.03;CPD PyME avalado 30 días;1,9%;0%;0%;1.9;;
rmnnb1f6s9tfxyiy7hwpv35m;RAÍCES PyME;2026-05-06;Clase A;3;9029194686;rmnnb1f6s9tfxyiy7hwpv35m;RAÍCES PyME;ARS;Moderado;Horizonte a 60 días;Financiamiento productivo;0.2248;https://www.provinciafondos.com.ar/nuestros-fondos/rmnnb1f6s9tfxyiy7hwpv35m;2026-06-04 18:32:59.456807;El fondo invierte mayormente en activos financieros emitidos por PyMES y/u otras entidades cuya emisión tenga como objetivo o finalidad el financiamiento de PyMES.;55.0;1099.0;166.0;6,6 meses;38871745488.0;2026-05-29;https://provincia-prod-api.teocoop.site/uploads/F3_05_26_e4c7780349.pdf;2026-06-04 18:33:58.055076;RAÍCES PyME;2026-05-29;Pesos;medio;60 días;moderado;renta fija;38.871.745.488;9.167,826610;0,32%;1.66;6,79%;14,74%;10,99%;40.03;CPD PyME avalado 30 días;1,9%;0%;0%;1.9;;
ee9fv3kt5v8z9r5599algayw;RAÍCES RENTA EN DÓLARES;2026-06-03;Clase A;16;1012305;ee9fv3kt5v8z9r5599algayw;RAÍCES RENTA EN DÓLARES;ARS;Moderado;Horizonte a 180 días;Renta fija;0.2137;https://www.provinciafondos.com.ar/nuestros-fondos/ee9fv3kt5v8z9r5599algayw;2026-06-04 18:32:59.457549;El fondo invierte principalmente en activos de renta fija USD de corto plazo tanto públicos como privados de alta calidad crediticia.;12.0;0.0;42.0;12,8 meses;5496657.0;2026-05-29;https://provincia-prod-api.teocoop.site/uploads/F16_05_26_5c0f9729a0.pdf;2026-06-04 18:34:30.424041;RAÍCES RENTA EN DÓLARES;2026-05-29;Dólares;medio;180 días;moderado;renta fija;(USD): 5.496.657;1,009678;0,06%;0.42;;;;;-;0,75%;0%;0%;0.75;;
ee9fv3kt5v8z9r5599algayw;RAÍCES RENTA EN DÓLARES;2026-06-02;Clase A;16;1010146;ee9fv3kt5v8z9r5599algayw;RAÍCES RENTA EN DÓLARES;ARS;Moderado;Horizonte a 180 días;Renta fija;0.2137;https://www.provinciafondos.com.ar/nuestros-fondos/ee9fv3kt5v8z9r5599algayw;2026-06-04 18:32:59.457549;El fondo invierte principalmente en activos de renta fija USD de corto plazo tanto públicos como privados de alta calidad crediticia.;12.0;0.0;42.0;12,8 meses;5496657.0;2026-05-29;https://provincia-prod-api.teocoop.site/uploads/F16_05_26_5c0f9729a0.pdf;2026-06-04 18:34:30.424041;RAÍCES RENTA EN DÓLARES;2026-05-29;Dólares;medio;180 días;moderado;renta fija;(USD): 5.496.657;1,009678;0,06%;0.42;;;;;-;0,75%;0%;0%;0.75;;
ee9fv3kt5v8z9r5599algayw;RAÍCES RENTA EN DÓLARES;2026-06-01;Clase A;16;1009846;ee9fv3kt5v8z9r5599algayw;RAÍCES RENTA EN DÓLARES;ARS;Moderado;Horizonte a 180 días;Renta fija;0.2137;https://www.provinciafondos.com.ar/nuestros-fondos/ee9fv3kt5v8z9r5599algayw;2026-06-04 18:32:59.457549;El fondo invierte principalmente en activos de renta fija USD de corto plazo tanto públicos como privados de alta calidad crediticia.;12.0;0.0;42.0;12,8 meses;5496657.0;2026-05-29;https://provincia-prod-api.teocoop.site/uploads/F16_05_26_5c0f9729a0.pdf;2026-06-04 18:34:30.424041;RAÍCES RENTA EN DÓLARES;2026-05-29;Dólares;medio;180 días;moderado;renta fija;(USD): 5.496.657;1,009678;0,06%;0.42;;;;;-;0,75%;0%;0%;0.75;;
ee9fv3kt5v8z9r5599algayw;RAÍCES RENTA EN DÓLARES;2026-05-29;Clase A;16;1009678;ee9fv3kt5v8z9r5599algayw;RAÍCES RENTA EN DÓLARES;ARS;Moderado;Horizonte a 180 días;Renta fija;0.2137;https://www.provinciafondos.com.ar/nuestros-fondos/ee9fv3kt5v8z9r5599algayw;2026-06-04 18:32:59.457549;El fondo invierte principalmente en activos de renta fija USD de corto plazo tanto públicos como privados de alta calidad crediticia.;12.0;0.0;42.0;12,8 meses;5496657.0;2026-05-29;https://provincia-prod-api.teocoop.site/uploads/F16_05_26_5c0f9729a0.pdf;2026-06-04 18:34:30.424041;RAÍCES RENTA EN DÓLARES;2026-05-29;Dólares;medio;180 días;moderado;renta fija;(USD): 5.496.657;1,009678;0,06%;0.42;;;;;-;0,75%;0%;0%;0.75;;
ee9fv3kt5v8z9r5599algayw;RAÍCES RENTA EN DÓLARES;2026-05-28;Clase A;16;1008824;ee9fv3kt5v8z9r5599algayw;RAÍCES RENTA EN DÓLARES;ARS;Moderado;Horizonte a 180 días;Renta fija;0.2137;https://www.provinciafondos.com.ar/nuestros-fondos/ee9fv3kt5v8z9r5599algayw;2026-06-04 18:32:59.457549;El fondo invierte principalmente en activos de renta fija USD de corto plazo tanto públicos como privados de alta calidad crediticia.;12.0;0.0;42.0;12,8 meses;5496657.0;2026-05-29;https://provincia-prod-api.teocoop.site/uploads/F16_05_26_5c0f9729a0.pdf;2026-06-04 18:34:30.424041;RAÍCES RENTA EN DÓLARES;2026-05-29;Dólares;medio;180 días;moderado;renta fija;(USD): 5.496.657;1,009678;0,06%;0.42;;;;;-;0,75%;0%;0%;0.75;;
ee9fv3kt5v8z9r5599algayw;RAÍCES RENTA EN DÓLARES;2026-05-27;Clase A;16;1009259;ee9fv3kt5v8z9r5599algayw;RAÍCES RENTA EN DÓLARES;ARS;Moderado;Horizonte a 180 días;Renta fija;0.2137;https://www.provinciafondos.com.ar/nuestros-fondos/ee9fv3kt5v8z9r5599algayw;2026-06-04 18:32:59.457549;El fondo invierte principalmente en activos de renta fija USD de corto plazo tanto públicos como privados de alta calidad crediticia.;12.0;0.0;42.0;12,8 meses;5496657.0;2026-05-29;https://provincia-prod-api.teocoop.site/uploads/F16_05_26_5c0f9729a0.pdf;2026-06-04 18:34:30.424041;RAÍCES RENTA EN DÓLARES;2026-05-29;Dólares;medio;180 días;moderado;renta fija;(USD): 5.496.657;1,009678;0,06%;0.42;;;;;-;0,75%;0%;0%;0.75;;
ee9fv3kt5v8z9r5599algayw;RAÍCES RENTA EN DÓLARES;2026-05-26;Clase A;16;1009109;ee9fv3kt5v8z9r5599algayw;RAÍCES RENTA EN DÓLARES;ARS;Moderado;Horizonte a 180 días;Renta fija;0.2137;https://www.provinciafondos.com.ar/nuestros-fondos/ee9fv3kt5v8z9r5599algayw;2026-06-04 18:32:59.457549;El fondo invierte principalmente en activos de renta fija USD de corto plazo tanto públicos como privados de alta calidad crediticia.;12.0;0.0;42.0;12,8 meses;5496657.0;2026-05-29;https://provincia-prod-api.teocoop.site/uploads/F16_05_26_5c0f9729a0.pdf;2026-06-04 18:34:30.424041;RAÍCES RENTA EN DÓLARES;2026-05-29;Dólares;medio;180 días;moderado;renta fija;(USD): 5.496.657;1,009678;0,06%;0.42;;;;;-;0,75%;0%;0%;0.75;;
ee9fv3kt5v8z9r5599algayw;RAÍCES RENTA EN DÓLARES;2026-05-22;Clase A;16;1009026;ee9fv3kt5v8z9r5599algayw;RAÍCES RENTA EN DÓLARES;ARS;Moderado;Horizonte a 180 días;Renta fija;0.2137;https://www.provinciafondos.com.ar/nuestros-fondos/ee9fv3kt5v8z9r5599algayw;2026-06-04 18:32:59.457549;El fondo invierte principalmente en activos de renta fija USD de corto plazo tanto públicos como privados de alta calidad crediticia.;12.0;0.0;42.0;12,8 meses;5496657.0;2026-05-29;https://provincia-prod-api.teocoop.site/uploads/F16_05_26_5c0f9729a0.pdf;2026-06-04 18:34:30.424041;RAÍCES RENTA EN DÓLARES;2026-05-29;Dólares;medio;180 días;moderado;renta fija;(USD): 5.496.657;1,009678;0,06%;0.42;;;;;-;0,75%;0%;0%;0.75;;
ee9fv3kt5v8z9r5599algayw;RAÍCES RENTA EN DÓLARES;2026-05-21;Clase A;16;1008551;ee9fv3kt5v8z9r5599algayw;RAÍCES RENTA EN DÓLARES;ARS;Moderado;Horizonte a 180 días;Renta fija;0.2137;https://www.provinciafondos.com.ar/nuestros-fondos/ee9fv3kt5v8z9r5599algayw;2026-06-04 18:32:59.457549;El fondo invierte principalmente en activos de renta fija USD de corto plazo tanto públicos como privados de alta calidad crediticia.;12.0;0.0;42.0;12,8 meses;5496657.0;2026-05-29;https://provincia-prod-api.teocoop.site/uploads/F16_05_26_5c0f9729a0.pdf;2026-06-04 18:34:30.424041;RAÍCES RENTA EN DÓLARES;2026-05-29;Dólares;medio;180 días;moderado;renta fija;(USD): 5.496.657;1,009678;0,06%;0.42;;;;;-;0,75%;0%;0%;0.75;;
ee9fv3kt5v8z9r5599algayw;RAÍCES RENTA EN DÓLARES;2026-05-20;Clase A;16;1008717;ee9fv3kt5v8z9r5599algayw;RAÍCES RENTA EN DÓLARES;ARS;Moderado;Horizonte a 180 días;Renta fija;0.2137;https://www.provinciafondos.com.ar/nuestros-fondos/ee9fv3kt5v8z9r5599algayw;2026-06-04 18:32:59.457549;El fondo invierte principalmente en activos de renta fija USD de corto plazo tanto públicos como privados de alta calidad crediticia.;12.0;0.0;42.0;12,8 meses;5496657.0;2026-05-29;https://provincia-prod-api.teocoop.site/uploads/F16_05_26_5c0f9729a0.pdf;2026-06-04 18:34:30.424041;RAÍCES RENTA EN DÓLARES;2026-05-29;Dólares;medio;180 días;moderado;renta fija;(USD): 5.496.657;1,009678;0,06%;0.42;;;;;-;0,75%;0%;0%;0.75;;
ee9fv3kt5v8z9r5599algayw;RAÍCES RENTA EN DÓLARES;2026-05-19;Clase A;16;1008611;ee9fv3kt5v8z9r5599algayw;RAÍCES RENTA EN DÓLARES;ARS;Moderado;Horizonte a 180 días;Renta fija;0.2137;https://www.provinciafondos.com.ar/nuestros-fondos/ee9fv3kt5v8z9r5599algayw;2026-06-04 18:32:59.457549;El fondo invierte principalmente en activos de renta fija USD de corto plazo tanto públicos como privados de alta calidad crediticia.;12.0;0.0;42.0;12,8 meses;5496657.0;2026-05-29;https://provincia-prod-api.teocoop.site/uploads/F16_05_26_5c0f9729a0.pdf;2026-06-04 18:34:30.424041;RAÍCES RENTA EN DÓLARES;2026-05-29;Dólares;medio;180 días;moderado;renta fija;(USD): 5.496.657;1,009678;0,06%;0.42;;;;;-;0,75%;0%;0%;0.75;;
ee9fv3kt5v8z9r5599algayw;RAÍCES RENTA EN DÓLARES;2026-05-18;Clase A;16;100814;ee9fv3kt5v8z9r5599algayw;RAÍCES RENTA EN DÓLARES;ARS;Moderado;Horizonte a 180 días;Renta fija;0.2137;https://www.provinciafondos.com.ar/nuestros-fondos/ee9fv3kt5v8z9r5599algayw;2026-06-04 18:32:59.457549;El fondo invierte principalmente en activos de renta fija USD de corto plazo tanto públicos como privados de alta calidad crediticia.;12.0;0.0;42.0;12,8 meses;5496657.0;2026-05-29;https://provincia-prod-api.teocoop.site/uploads/F16_05_26_5c0f9729a0.pdf;2026-06-04 18:34:30.424041;RAÍCES RENTA EN DÓLARES;2026-05-29;Dólares;medio;180 días;moderado;renta fija;(USD): 5.496.657;1,009678;0,06%;0.42;;;;;-;0,75%;0%;0%;0.75;;
ee9fv3kt5v8z9r5599algayw;RAÍCES RENTA EN DÓLARES;2026-05-15;Clase A;16;1007656;ee9fv3kt5v8z9r5599algayw;RAÍCES RENTA EN DÓLARES;ARS;Moderado;Horizonte a 180 días;Renta fija;0.2137;https://www.provinciafondos.com.ar/nuestros-fondos/ee9fv3kt5v8z9r5599algayw;2026-06-04 18:32:59.457549;El fondo invierte principalmente en activos de renta fija USD de corto plazo tanto públicos como privados de alta calidad crediticia.;12.0;0.0;42.0;12,8 meses;5496657.0;2026-05-29;https://provincia-prod-api.teocoop.site/uploads/F16_05_26_5c0f9729a0.pdf;2026-06-04 18:34:30.424041;RAÍCES RENTA EN DÓLARES;2026-05-29;Dólares;medio;180 días;moderado;renta fija;(USD): 5.496.657;1,009678;0,06%;0.42;;;;;-;0,75%;0%;0%;0.75;;
ee9fv3kt5v8z9r5599algayw;RAÍCES RENTA EN DÓLARES;2026-05-14;Clase A;16;1007493;ee9fv3kt5v8z9r5599algayw;RAÍCES RENTA EN DÓLARES;ARS;Moderado;Horizonte a 180 días;Renta fija;0.2137;https://www.provinciafondos.com.ar/nuestros-fondos/ee9fv3kt5v8z9r5599algayw;2026-06-04 18:32:59.457549;El fondo invierte principalmente en activos de renta fija USD de corto plazo tanto públicos como privados de alta calidad crediticia.;12.0;0.0;42.0;12,8 meses;5496657.0;2026-05-29;https://provincia-prod-api.teocoop.site/uploads/F16_05_26_5c0f9729a0.pdf;2026-06-04 18:34:30.424041;RAÍCES RENTA EN DÓLARES;2026-05-29;Dólares;medio;180 días;moderado;renta fija;(USD): 5.496.657;1,009678;0,06%;0.42;;;;;-;0,75%;0%;0%;0.75;;
ee9fv3kt5v8z9r5599algayw;RAÍCES RENTA EN DÓLARES;2026-05-13;Clase A;16;1005727;ee9fv3kt5v8z9r5599algayw;RAÍCES RENTA EN DÓLARES;ARS;Moderado;Horizonte a 180 días;Renta fija;0.2137;https://www.provinciafondos.com.ar/nuestros-fondos/ee9fv3kt5v8z9r5599algayw;2026-06-04 18:32:59.457549;El fondo invierte principalmente en activos de renta fija USD de corto plazo tanto públicos como privados de alta calidad crediticia.;12.0;0.0;42.0;12,8 meses;5496657.0;2026-05-29;https://provincia-prod-api.teocoop.site/uploads/F16_05_26_5c0f9729a0.pdf;2026-06-04 18:34:30.424041;RAÍCES RENTA EN DÓLARES;2026-05-29;Dólares;medio;180 días;moderado;renta fija;(USD): 5.496.657;1,009678;0,06%;0.42;;;;;-;0,75%;0%;0%;0.75;;
ee9fv3kt5v8z9r5599algayw;RAÍCES RENTA EN DÓLARES;2026-05-12;Clase A;16;1005506;ee9fv3kt5v8z9r5599algayw;RAÍCES RENTA EN DÓLARES;ARS;Moderado;Horizonte a 180 días;Renta fija;0.2137;https://www.provinciafondos.com.ar/nuestros-fondos/ee9fv3kt5v8z9r5599algayw;2026-06-04 18:32:59.457549;El fondo invierte principalmente en activos de renta fija USD de corto plazo tanto públicos como privados de alta calidad crediticia.;12.0;0.0;42.0;12,8 meses;5496657.0;2026-05-29;https://provincia-prod-api.teocoop.site/uploads/F16_05_26_5c0f9729a0.pdf;2026-06-04 18:34:30.424041;RAÍCES RENTA EN DÓLARES;2026-05-29;Dólares;medio;180 días;moderado;renta fija;(USD): 5.496.657;1,009678;0,06%;0.42;;;;;-;0,75%;0%;0%;0.75;;
ee9fv3kt5v8z9r5599algayw;RAÍCES RENTA EN DÓLARES;2026-05-11;Clase A;16;1005547;ee9fv3kt5v8z9r5599algayw;RAÍCES RENTA EN DÓLARES;ARS;Moderado;Horizonte a 180 días;Renta fija;0.2137;https://www.provinciafondos.com.ar/nuestros-fondos/ee9fv3kt5v8z9r5599algayw;2026-06-04 18:32:59.457549;El fondo invierte principalmente en activos de renta fija USD de corto plazo tanto públicos como privados de alta calidad crediticia.;12.0;0.0;42.0;12,8 meses;5496657.0;2026-05-29;https://provincia-prod-api.teocoop.site/uploads/F16_05_26_5c0f9729a0.pdf;2026-06-04 18:34:30.424041;RAÍCES RENTA EN DÓLARES;2026-05-29;Dólares;medio;180 días;moderado;renta fija;(USD): 5.496.657;1,009678;0,06%;0.42;;;;;-;0,75%;0%;0%;0.75;;
ee9fv3kt5v8z9r5599algayw;RAÍCES RENTA EN DÓLARES;2026-05-08;Clase A;16;1005464;ee9fv3kt5v8z9r5599algayw;RAÍCES RENTA EN DÓLARES;ARS;Moderado;Horizonte a 180 días;Renta fija;0.2137;https://www.provinciafondos.com.ar/nuestros-fondos/ee9fv3kt5v8z9r5599algayw;2026-06-04 18:32:59.457549;El fondo invierte principalmente en activos de renta fija USD de corto plazo tanto públicos como privados de alta calidad crediticia.;12.0;0.0;42.0;12,8 meses;5496657.0;2026-05-29;https://provincia-prod-api.teocoop.site/uploads/F16_05_26_5c0f9729a0.pdf;2026-06-04 18:34:30.424041;RAÍCES RENTA EN DÓLARES;2026-05-29;Dólares;medio;180 días;moderado;renta fija;(USD): 5.496.657;1,009678;0,06%;0.42;;;;;-;0,75%;0%;0%;0.75;;
ee9fv3kt5v8z9r5599algayw;RAÍCES RENTA EN DÓLARES;2026-05-07;Clase A;16;1005059;ee9fv3kt5v8z9r5599algayw;RAÍCES RENTA EN DÓLARES;ARS;Moderado;Horizonte a 180 días;Renta fija;0.2137;https://www.provinciafondos.com.ar/nuestros-fondos/ee9fv3kt5v8z9r5599algayw;2026-06-04 18:32:59.457549;El fondo invierte principalmente en activos de renta fija USD de corto plazo tanto públicos como privados de alta calidad crediticia.;12.0;0.0;42.0;12,8 meses;5496657.0;2026-05-29;https://provincia-prod-api.teocoop.site/uploads/F16_05_26_5c0f9729a0.pdf;2026-06-04 18:34:30.424041;RAÍCES RENTA EN DÓLARES;2026-05-29;Dólares;medio;180 días;moderado;renta fija;(USD): 5.496.657;1,009678;0,06%;0.42;;;;;-;0,75%;0%;0%;0.75;;
ee9fv3kt5v8z9r5599algayw;RAÍCES RENTA EN DÓLARES;2026-05-06;Clase A;16;1004801;ee9fv3kt5v8z9r5599algayw;RAÍCES RENTA EN DÓLARES;ARS;Moderado;Horizonte a 180 días;Renta fija;0.2137;https://www.provinciafondos.com.ar/nuestros-fondos/ee9fv3kt5v8z9r5599algayw;2026-06-04 18:32:59.457549;El fondo invierte principalmente en activos de renta fija USD de corto plazo tanto públicos como privados de alta calidad crediticia.;12.0;0.0;42.0;12,8 meses;5496657.0;2026-05-29;https://provincia-prod-api.teocoop.site/uploads/F16_05_26_5c0f9729a0.pdf;2026-06-04 18:34:30.424041;RAÍCES RENTA EN DÓLARES;2026-05-29;Dólares;medio;180 días;moderado;renta fija;(USD): 5.496.657;1,009678;0,06%;0.42;;;;;-;0,75%;0%;0%;0.75;;
ee9fv3kt5v8z9r5599algayw;RAÍCES RENTA EN DÓLARES;2026-06-03;Clase A;16;1012305;ee9fv3kt5v8z9r5599algayw;RAÍCES RENTA EN DÓLARES;ARS;Moderado;Horizonte a 180 días;Renta fija;0.2137;https://www.provinciafondos.com.ar/nuestros-fondos/ee9fv3kt5v8z9r5599algayw;2026-06-04 18:32:59.457549;El fondo invierte principalmente en activos de renta fija USD de corto plazo tanto públicos como privados de alta calidad crediticia.;12.0;0.0;42.0;12,8 meses;5496657.0;2026-05-29;https://provincia-prod-api.teocoop.site/uploads/F16_05_26_5c0f9729a0.pdf;2026-06-04 18:34:30.424041;RAÍCES RENTA EN DÓLARES;2026-05-29;Dólares;medio;180 días;moderado;renta fija;(USD): 5.496.657;1,009678;0,06%;0.42;;;;;-;0,75%;0%;0%;0.75;;
ee9fv3kt5v8z9r5599algayw;RAÍCES RENTA EN DÓLARES;2026-06-02;Clase A;16;1010146;ee9fv3kt5v8z9r5599algayw;RAÍCES RENTA EN DÓLARES;ARS;Moderado;Horizonte a 180 días;Renta fija;0.2137;https://www.provinciafondos.com.ar/nuestros-fondos/ee9fv3kt5v8z9r5599algayw;2026-06-04 18:32:59.457549;El fondo invierte principalmente en activos de renta fija USD de corto plazo tanto públicos como privados de alta calidad crediticia.;12.0;0.0;42.0;12,8 meses;5496657.0;2026-05-29;https://provincia-prod-api.teocoop.site/uploads/F16_05_26_5c0f9729a0.pdf;2026-06-04 18:34:30.424041;RAÍCES RENTA EN DÓLARES;2026-05-29;Dólares;medio;180 días;moderado;renta fija;(USD): 5.496.657;1,009678;0,06%;0.42;;;;;-;0,75%;0%;0%;0.75;;
ee9fv3kt5v8z9r5599algayw;RAÍCES RENTA EN DÓLARES;2026-06-01;Clase A;16;1009846;ee9fv3kt5v8z9r5599algayw;RAÍCES RENTA EN DÓLARES;ARS;Moderado;Horizonte a 180 días;Renta fija;0.2137;https://www.provinciafondos.com.ar/nuestros-fondos/ee9fv3kt5v8z9r5599algayw;2026-06-04 18:32:59.457549;El fondo invierte principalmente en activos de renta fija USD de corto plazo tanto públicos como privados de alta calidad crediticia.;12.0;0.0;42.0;12,8 meses;5496657.0;2026-05-29;https://provincia-prod-api.teocoop.site/uploads/F16_05_26_5c0f9729a0.pdf;2026-06-04 18:34:30.424041;RAÍCES RENTA EN DÓLARES;2026-05-29;Dólares;medio;180 días;moderado;renta fija;(USD): 5.496.657;1,009678;0,06%;0.42;;;;;-;0,75%;0%;0%;0.75;;
ee9fv3kt5v8z9r5599algayw;RAÍCES RENTA EN DÓLARES;2026-05-29;Clase A;16;1009678;ee9fv3kt5v8z9r5599algayw;RAÍCES RENTA EN DÓLARES;ARS;Moderado;Horizonte a 180 días;Renta fija;0.2137;https://www.provinciafondos.com.ar/nuestros-fondos/ee9fv3kt5v8z9r5599algayw;2026-06-04 18:32:59.457549;El fondo invierte principalmente en activos de renta fija USD de corto plazo tanto públicos como privados de alta calidad crediticia.;12.0;0.0;42.0;12,8 meses;5496657.0;2026-05-29;https://provincia-prod-api.teocoop.site/uploads/F16_05_26_5c0f9729a0.pdf;2026-06-04 18:34:30.424041;RAÍCES RENTA EN DÓLARES;2026-05-29;Dólares;medio;180 días;moderado;renta fija;(USD): 5.496.657;1,009678;0,06%;0.42;;;;;-;0,75%;0%;0%;0.75;;
ee9fv3kt5v8z9r5599algayw;RAÍCES RENTA EN DÓLARES;2026-05-28;Clase A;16;1008824;ee9fv3kt5v8z9r5599algayw;RAÍCES RENTA EN DÓLARES;ARS;Moderado;Horizonte a 180 días;Renta fija;0.2137;https://www.provinciafondos.com.ar/nuestros-fondos/ee9fv3kt5v8z9r5599algayw;2026-06-04 18:32:59.457549;El fondo invierte principalmente en activos de renta fija USD de corto plazo tanto públicos como privados de alta calidad crediticia.;12.0;0.0;42.0;12,8 meses;5496657.0;2026-05-29;https://provincia-prod-api.teocoop.site/uploads/F16_05_26_5c0f9729a0.pdf;2026-06-04 18:34:30.424041;RAÍCES RENTA EN DÓLARES;2026-05-29;Dólares;medio;180 días;moderado;renta fija;(USD): 5.496.657;1,009678;0,06%;0.42;;;;;-;0,75%;0%;0%;0.75;;
ee9fv3kt5v8z9r5599algayw;RAÍCES RENTA EN DÓLARES;2026-05-27;Clase A;16;1009259;ee9fv3kt5v8z9r5599algayw;RAÍCES RENTA EN DÓLARES;ARS;Moderado;Horizonte a 180 días;Renta fija;0.2137;https://www.provinciafondos.com.ar/nuestros-fondos/ee9fv3kt5v8z9r5599algayw;2026-06-04 18:32:59.457549;El fondo invierte principalmente en activos de renta fija USD de corto plazo tanto públicos como privados de alta calidad crediticia.;12.0;0.0;42.0;12,8 meses;5496657.0;2026-05-29;https://provincia-prod-api.teocoop.site/uploads/F16_05_26_5c0f9729a0.pdf;2026-06-04 18:34:30.424041;RAÍCES RENTA EN DÓLARES;2026-05-29;Dólares;medio;180 días;moderado;renta fija;(USD): 5.496.657;1,009678;0,06%;0.42;;;;;-;0,75%;0%;0%;0.75;;
ee9fv3kt5v8z9r5599algayw;RAÍCES RENTA EN DÓLARES;2026-05-26;Clase A;16;1009109;ee9fv3kt5v8z9r5599algayw;RAÍCES RENTA EN DÓLARES;ARS;Moderado;Horizonte a 180 días;Renta fija;0.2137;https://www.provinciafondos.com.ar/nuestros-fondos/ee9fv3kt5v8z9r5599algayw;2026-06-04 18:32:59.457549;El fondo invierte principalmente en activos de renta fija USD de corto plazo tanto públicos como privados de alta calidad crediticia.;12.0;0.0;42.0;12,8 meses;5496657.0;2026-05-29;https://provincia-prod-api.teocoop.site/uploads/F16_05_26_5c0f9729a0.pdf;2026-06-04 18:34:30.424041;RAÍCES RENTA EN DÓLARES;2026-05-29;Dólares;medio;180 días;moderado;renta fija;(USD): 5.496.657;1,009678;0,06%;0.42;;;;;-;0,75%;0%;0%;0.75;;
ee9fv3kt5v8z9r5599algayw;RAÍCES RENTA EN DÓLARES;2026-05-22;Clase A;16;1009026;ee9fv3kt5v8z9r5599algayw;RAÍCES RENTA EN DÓLARES;ARS;Moderado;Horizonte a 180 días;Renta fija;0.2137;https://www.provinciafondos.com.ar/nuestros-fondos/ee9fv3kt5v8z9r5599algayw;2026-06-04 18:32:59.457549;El fondo invierte principalmente en activos de renta fija USD de corto plazo tanto públicos como privados de alta calidad crediticia.;12.0;0.0;42.0;12,8 meses;5496657.0;2026-05-29;https://provincia-prod-api.teocoop.site/uploads/F16_05_26_5c0f9729a0.pdf;2026-06-04 18:34:30.424041;RAÍCES RENTA EN DÓLARES;2026-05-29;Dólares;medio;180 días;moderado;renta fija;(USD): 5.496.657;1,009678;0,06%;0.42;;;;;-;0,75%;0%;0%;0.75;;
ee9fv3kt5v8z9r5599algayw;RAÍCES RENTA EN DÓLARES;2026-05-21;Clase A;16;1008551;ee9fv3kt5v8z9r5599algayw;RAÍCES RENTA EN DÓLARES;ARS;Moderado;Horizonte a 180 días;Renta fija;0.2137;https://www.provinciafondos.com.ar/nuestros-fondos/ee9fv3kt5v8z9r5599algayw;2026-06-04 18:32:59.457549;El fondo invierte principalmente en activos de renta fija USD de corto plazo tanto públicos como privados de alta calidad crediticia.;12.0;0.0;42.0;12,8 meses;5496657.0;2026-05-29;https://provincia-prod-api.teocoop.site/uploads/F16_05_26_5c0f9729a0.pdf;2026-06-04 18:34:30.424041;RAÍCES RENTA EN DÓLARES;2026-05-29;Dólares;medio;180 días;moderado;renta fija;(USD): 5.496.657;1,009678;0,06%;0.42;;;;;-;0,75%;0%;0%;0.75;;
ee9fv3kt5v8z9r5599algayw;RAÍCES RENTA EN DÓLARES;2026-05-20;Clase A;16;1008717;ee9fv3kt5v8z9r5599algayw;RAÍCES RENTA EN DÓLARES;ARS;Moderado;Horizonte a 180 días;Renta fija;0.2137;https://www.provinciafondos.com.ar/nuestros-fondos/ee9fv3kt5v8z9r5599algayw;2026-06-04 18:32:59.457549;El fondo invierte principalmente en activos de renta fija USD de corto plazo tanto públicos como privados de alta calidad crediticia.;12.0;0.0;42.0;12,8 meses;5496657.0;2026-05-29;https://provincia-prod-api.teocoop.site/uploads/F16_05_26_5c0f9729a0.pdf;2026-06-04 18:34:30.424041;RAÍCES RENTA EN DÓLARES;2026-05-29;Dólares;medio;180 días;moderado;renta fija;(USD): 5.496.657;1,009678;0,06%;0.42;;;;;-;0,75%;0%;0%;0.75;;
ee9fv3kt5v8z9r5599algayw;RAÍCES RENTA EN DÓLARES;2026-05-19;Clase A;16;1008611;ee9fv3kt5v8z9r5599algayw;RAÍCES RENTA EN DÓLARES;ARS;Moderado;Horizonte a 180 días;Renta fija;0.2137;https://www.provinciafondos.com.ar/nuestros-fondos/ee9fv3kt5v8z9r5599algayw;2026-06-04 18:32:59.457549;El fondo invierte principalmente en activos de renta fija USD de corto plazo tanto públicos como privados de alta calidad crediticia.;12.0;0.0;42.0;12,8 meses;5496657.0;2026-05-29;https://provincia-prod-api.teocoop.site/uploads/F16_05_26_5c0f9729a0.pdf;2026-06-04 18:34:30.424041;RAÍCES RENTA EN DÓLARES;2026-05-29;Dólares;medio;180 días;moderado;renta fija;(USD): 5.496.657;1,009678;0,06%;0.42;;;;;-;0,75%;0%;0%;0.75;;
ee9fv3kt5v8z9r5599algayw;RAÍCES RENTA EN DÓLARES;2026-05-18;Clase A;16;100814;ee9fv3kt5v8z9r5599algayw;RAÍCES RENTA EN DÓLARES;ARS;Moderado;Horizonte a 180 días;Renta fija;0.2137;https://www.provinciafondos.com.ar/nuestros-fondos/ee9fv3kt5v8z9r5599algayw;2026-06-04 18:32:59.457549;El fondo invierte principalmente en activos de renta fija USD de corto plazo tanto públicos como privados de alta calidad crediticia.;12.0;0.0;42.0;12,8 meses;5496657.0;2026-05-29;https://provincia-prod-api.teocoop.site/uploads/F16_05_26_5c0f9729a0.pdf;2026-06-04 18:34:30.424041;RAÍCES RENTA EN DÓLARES;2026-05-29;Dólares;medio;180 días;moderado;renta fija;(USD): 5.496.657;1,009678;0,06%;0.42;;;;;-;0,75%;0%;0%;0.75;;
ee9fv3kt5v8z9r5599algayw;RAÍCES RENTA EN DÓLARES;2026-05-15;Clase A;16;1007656;ee9fv3kt5v8z9r5599algayw;RAÍCES RENTA EN DÓLARES;ARS;Moderado;Horizonte a 180 días;Renta fija;0.2137;https://www.provinciafondos.com.ar/nuestros-fondos/ee9fv3kt5v8z9r5599algayw;2026-06-04 18:32:59.457549;El fondo invierte principalmente en activos de renta fija USD de corto plazo tanto públicos como privados de alta calidad crediticia.;12.0;0.0;42.0;12,8 meses;5496657.0;2026-05-29;https://provincia-prod-api.teocoop.site/uploads/F16_05_26_5c0f9729a0.pdf;2026-06-04 18:34:30.424041;RAÍCES RENTA EN DÓLARES;2026-05-29;Dólares;medio;180 días;moderado;renta fija;(USD): 5.496.657;1,009678;0,06%;0.42;;;;;-;0,75%;0%;0%;0.75;;
ee9fv3kt5v8z9r5599algayw;RAÍCES RENTA EN DÓLARES;2026-05-14;Clase A;16;1007493;ee9fv3kt5v8z9r5599algayw;RAÍCES RENTA EN DÓLARES;ARS;Moderado;Horizonte a 180 días;Renta fija;0.2137;https://www.provinciafondos.com.ar/nuestros-fondos/ee9fv3kt5v8z9r5599algayw;2026-06-04 18:32:59.457549;El fondo invierte principalmente en activos de renta fija USD de corto plazo tanto públicos como privados de alta calidad crediticia.;12.0;0.0;42.0;12,8 meses;5496657.0;2026-05-29;https://provincia-prod-api.teocoop.site/uploads/F16_05_26_5c0f9729a0.pdf;2026-06-04 18:34:30.424041;RAÍCES RENTA EN DÓLARES;2026-05-29;Dólares;medio;180 días;moderado;renta fija;(USD): 5.496.657;1,009678;0,06%;0.42;;;;;-;0,75%;0%;0%;0.75;;
ee9fv3kt5v8z9r5599algayw;RAÍCES RENTA EN DÓLARES;2026-05-13;Clase A;16;1005727;ee9fv3kt5v8z9r5599algayw;RAÍCES RENTA EN DÓLARES;ARS;Moderado;Horizonte a 180 días;Renta fija;0.2137;https://www.provinciafondos.com.ar/nuestros-fondos/ee9fv3kt5v8z9r5599algayw;2026-06-04 18:32:59.457549;El fondo invierte principalmente en activos de renta fija USD de corto plazo tanto públicos como privados de alta calidad crediticia.;12.0;0.0;42.0;12,8 meses;5496657.0;2026-05-29;https://provincia-prod-api.teocoop.site/uploads/F16_05_26_5c0f9729a0.pdf;2026-06-04 18:34:30.424041;RAÍCES RENTA EN DÓLARES;2026-05-29;Dólares;medio;180 días;moderado;renta fija;(USD): 5.496.657;1,009678;0,06%;0.42;;;;;-;0,75%;0%;0%;0.75;;
ee9fv3kt5v8z9r5599algayw;RAÍCES RENTA EN DÓLARES;2026-05-12;Clase A;16;1005506;ee9fv3kt5v8z9r5599algayw;RAÍCES RENTA EN DÓLARES;ARS;Moderado;Horizonte a 180 días;Renta fija;0.2137;https://www.provinciafondos.com.ar/nuestros-fondos/ee9fv3kt5v8z9r5599algayw;2026-06-04 18:32:59.457549;El fondo invierte principalmente en activos de renta fija USD de corto plazo tanto públicos como privados de alta calidad crediticia.;12.0;0.0;42.0;12,8 meses;5496657.0;2026-05-29;https://provincia-prod-api.teocoop.site/uploads/F16_05_26_5c0f9729a0.pdf;2026-06-04 18:34:30.424041;RAÍCES RENTA EN DÓLARES;2026-05-29;Dólares;medio;180 días;moderado;renta fija;(USD): 5.496.657;1,009678;0,06%;0.42;;;;;-;0,75%;0%;0%;0.75;;
ee9fv3kt5v8z9r5599algayw;RAÍCES RENTA EN DÓLARES;2026-05-11;Clase A;16;1005547;ee9fv3kt5v8z9r5599algayw;RAÍCES RENTA EN DÓLARES;ARS;Moderado;Horizonte a 180 días;Renta fija;0.2137;https://www.provinciafondos.com.ar/nuestros-fondos/ee9fv3kt5v8z9r5599algayw;2026-06-04 18:32:59.457549;El fondo invierte principalmente en activos de renta fija USD de corto plazo tanto públicos como privados de alta calidad crediticia.;12.0;0.0;42.0;12,8 meses;5496657.0;2026-05-29;https://provincia-prod-api.teocoop.site/uploads/F16_05_26_5c0f9729a0.pdf;2026-06-04 18:34:30.424041;RAÍCES RENTA EN DÓLARES;2026-05-29;Dólares;medio;180 días;moderado;renta fija;(USD): 5.496.657;1,009678;0,06%;0.42;;;;;-;0,75%;0%;0%;0.75;;
ee9fv3kt5v8z9r5599algayw;RAÍCES RENTA EN DÓLARES;2026-05-08;Clase A;16;1005464;ee9fv3kt5v8z9r5599algayw;RAÍCES RENTA EN DÓLARES;ARS;Moderado;Horizonte a 180 días;Renta fija;0.2137;https://www.provinciafondos.com.ar/nuestros-fondos/ee9fv3kt5v8z9r5599algayw;2026-06-04 18:32:59.457549;El fondo invierte principalmente en activos de renta fija USD de corto plazo tanto públicos como privados de alta calidad crediticia.;12.0;0.0;42.0;12,8 meses;5496657.0;2026-05-29;https://provincia-prod-api.teocoop.site/uploads/F16_05_26_5c0f9729a0.pdf;2026-06-04 18:34:30.424041;RAÍCES RENTA EN DÓLARES;2026-05-29;Dólares;medio;180 días;moderado;renta fija;(USD): 5.496.657;1,009678;0,06%;0.42;;;;;-;0,75%;0%;0%;0.75;;
ee9fv3kt5v8z9r5599algayw;RAÍCES RENTA EN DÓLARES;2026-05-07;Clase A;16;1005059;ee9fv3kt5v8z9r5599algayw;RAÍCES RENTA EN DÓLARES;ARS;Moderado;Horizonte a 180 días;Renta fija;0.2137;https://www.provinciafondos.com.ar/nuestros-fondos/ee9fv3kt5v8z9r5599algayw;2026-06-04 18:32:59.457549;El fondo invierte principalmente en activos de renta fija USD de corto plazo tanto públicos como privados de alta calidad crediticia.;12.0;0.0;42.0;12,8 meses;5496657.0;2026-05-29;https://provincia-prod-api.teocoop.site/uploads/F16_05_26_5c0f9729a0.pdf;2026-06-04 18:34:30.424041;RAÍCES RENTA EN DÓLARES;2026-05-29;Dólares;medio;180 días;moderado;renta fija;(USD): 5.496.657;1,009678;0,06%;0.42;;;;;-;0,75%;0%;0%;0.75;;
ee9fv3kt5v8z9r5599algayw;RAÍCES RENTA EN DÓLARES;2026-05-06;Clase A;16;1004801;ee9fv3kt5v8z9r5599algayw;RAÍCES RENTA EN DÓLARES;ARS;Moderado;Horizonte a 180 días;Renta fija;0.2137;https://www.provinciafondos.com.ar/nuestros-fondos/ee9fv3kt5v8z9r5599algayw;2026-06-04 18:32:59.457549;El fondo invierte principalmente en activos de renta fija USD de corto plazo tanto públicos como privados de alta calidad crediticia.;12.0;0.0;42.0;12,8 meses;5496657.0;2026-05-29;https://provincia-prod-api.teocoop.site/uploads/F16_05_26_5c0f9729a0.pdf;2026-06-04 18:34:30.424041;RAÍCES RENTA EN DÓLARES;2026-05-29;Dólares;medio;180 días;moderado;renta fija;(USD): 5.496.657;1,009678;0,06%;0.42;;;;;-;0,75%;0%;0%;0.75;;
fed0ggj42lc86o8hk4p27kqf;RAÍCES RENTA EN PESOS;2026-06-03;Clase A;2;14080535517;fed0ggj42lc86o8hk4p27kqf;RAÍCES RENTA EN PESOS;ARS;Moderado;Horizonte a 60 días;Renta fija;-0.0246;https://www.provinciafondos.com.ar/nuestros-fondos/fed0ggj42lc86o8hk4p27kqf;2026-06-04 18:32:59.457054;El fondo invierte principalmente en activos de renta fija vinculados a la inflación, los cuales indexan por coeficiente CER o UVA. El posicionamiento puede ser tanto en títulos públicos como corporativos.;49.0;1481.0;219.0;5,3 meses;58455875107.0;2026-05-29;https://provincia-prod-api.teocoop.site/uploads/F2_05_26_81ff1f2cfa.pdf;2026-06-04 18:34:08.817286;RAÍCES RENTA EN PESOS;2026-05-29;Pesos;medio;60 días;moderado;renta fija;58.455.875.107;14.041,358251;0,47%;2.19;8,41%;17,33%;14,81%;41.25;Tasa Tamar;2,2%;0%;8,6%;;;
fed0ggj42lc86o8hk4p27kqf;RAÍCES RENTA EN PESOS;2026-06-02;Clase A;2;14083993377;fed0ggj42lc86o8hk4p27kqf;RAÍCES RENTA EN PESOS;ARS;Moderado;Horizonte a 60 días;Renta fija;-0.0246;https://www.provinciafondos.com.ar/nuestros-fondos/fed0ggj42lc86o8hk4p27kqf;2026-06-04 18:32:59.457054;El fondo invierte principalmente en activos de renta fija vinculados a la inflación, los cuales indexan por coeficiente CER o UVA. El posicionamiento puede ser tanto en títulos públicos como corporativos.;49.0;1481.0;219.0;5,3 meses;58455875107.0;2026-05-29;https://provincia-prod-api.teocoop.site/uploads/F2_05_26_81ff1f2cfa.pdf;2026-06-04 18:34:08.817286;RAÍCES RENTA EN PESOS;2026-05-29;Pesos;medio;60 días;moderado;renta fija;58.455.875.107;14.041,358251;0,47%;2.19;8,41%;17,33%;14,81%;41.25;Tasa Tamar;2,2%;0%;8,6%;;;
fed0ggj42lc86o8hk4p27kqf;RAÍCES RENTA EN PESOS;2026-06-01;Clase A;2;14060257898;fed0ggj42lc86o8hk4p27kqf;RAÍCES RENTA EN PESOS;ARS;Moderado;Horizonte a 60 días;Renta fija;-0.0246;https://www.provinciafondos.com.ar/nuestros-fondos/fed0ggj42lc86o8hk4p27kqf;2026-06-04 18:32:59.457054;El fondo invierte principalmente en activos de renta fija vinculados a la inflación, los cuales indexan por coeficiente CER o UVA. El posicionamiento puede ser tanto en títulos públicos como corporativos.;49.0;1481.0;219.0;5,3 meses;58455875107.0;2026-05-29;https://provincia-prod-api.teocoop.site/uploads/F2_05_26_81ff1f2cfa.pdf;2026-06-04 18:34:08.817286;RAÍCES RENTA EN PESOS;2026-05-29;Pesos;medio;60 días;moderado;renta fija;58.455.875.107;14.041,358251;0,47%;2.19;8,41%;17,33%;14,81%;41.25;Tasa Tamar;2,2%;0%;8,6%;;;
fed0ggj42lc86o8hk4p27kqf;RAÍCES RENTA EN PESOS;2026-05-29;Clase A;2;14041358251;fed0ggj42lc86o8hk4p27kqf;RAÍCES RENTA EN PESOS;ARS;Moderado;Horizonte a 60 días;Renta fija;-0.0246;https://www.provinciafondos.com.ar/nuestros-fondos/fed0ggj42lc86o8hk4p27kqf;2026-06-04 18:32:59.457054;El fondo invierte principalmente en activos de renta fija vinculados a la inflación, los cuales indexan por coeficiente CER o UVA. El posicionamiento puede ser tanto en títulos públicos como corporativos.;49.0;1481.0;219.0;5,3 meses;58455875107.0;2026-05-29;https://provincia-prod-api.teocoop.site/uploads/F2_05_26_81ff1f2cfa.pdf;2026-06-04 18:34:08.817286;RAÍCES RENTA EN PESOS;2026-05-29;Pesos;medio;60 días;moderado;renta fija;58.455.875.107;14.041,358251;0,47%;2.19;8,41%;17,33%;14,81%;41.25;Tasa Tamar;2,2%;0%;8,6%;;;
fed0ggj42lc86o8hk4p27kqf;RAÍCES RENTA EN PESOS;2026-05-28;Clase A;2;14017017941;fed0ggj42lc86o8hk4p27kqf;RAÍCES RENTA EN PESOS;ARS;Moderado;Horizonte a 60 días;Renta fija;-0.0246;https://www.provinciafondos.com.ar/nuestros-fondos/fed0ggj42lc86o8hk4p27kqf;2026-06-04 18:32:59.457054;El fondo invierte principalmente en activos de renta fija vinculados a la inflación, los cuales indexan por coeficiente CER o UVA. El posicionamiento puede ser tanto en títulos públicos como corporativos.;49.0;1481.0;219.0;5,3 meses;58455875107.0;2026-05-29;https://provincia-prod-api.teocoop.site/uploads/F2_05_26_81ff1f2cfa.pdf;2026-06-04 18:34:08.817286;RAÍCES RENTA EN PESOS;2026-05-29;Pesos;medio;60 días;moderado;renta fija;58.455.875.107;14.041,358251;0,47%;2.19;8,41%;17,33%;14,81%;41.25;Tasa Tamar;2,2%;0%;8,6%;;;
fed0ggj42lc86o8hk4p27kqf;RAÍCES RENTA EN PESOS;2026-05-27;Clase A;2;13999275154;fed0ggj42lc86o8hk4p27kqf;RAÍCES RENTA EN PESOS;ARS;Moderado;Horizonte a 60 días;Renta fija;-0.0246;https://www.provinciafondos.com.ar/nuestros-fondos/fed0ggj42lc86o8hk4p27kqf;2026-06-04 18:32:59.457054;El fondo invierte principalmente en activos de renta fija vinculados a la inflación, los cuales indexan por coeficiente CER o UVA. El posicionamiento puede ser tanto en títulos públicos como corporativos.;49.0;1481.0;219.0;5,3 meses;58455875107.0;2026-05-29;https://provincia-prod-api.teocoop.site/uploads/F2_05_26_81ff1f2cfa.pdf;2026-06-04 18:34:08.817286;RAÍCES RENTA EN PESOS;2026-05-29;Pesos;medio;60 días;moderado;renta fija;58.455.875.107;14.041,358251;0,47%;2.19;8,41%;17,33%;14,81%;41.25;Tasa Tamar;2,2%;0%;8,6%;;;
fed0ggj42lc86o8hk4p27kqf;RAÍCES RENTA EN PESOS;2026-05-26;Clase A;2;13986764476;fed0ggj42lc86o8hk4p27kqf;RAÍCES RENTA EN PESOS;ARS;Moderado;Horizonte a 60 días;Renta fija;-0.0246;https://www.provinciafondos.com.ar/nuestros-fondos/fed0ggj42lc86o8hk4p27kqf;2026-06-04 18:32:59.457054;El fondo invierte principalmente en activos de renta fija vinculados a la inflación, los cuales indexan por coeficiente CER o UVA. El posicionamiento puede ser tanto en títulos públicos como corporativos.;49.0;1481.0;219.0;5,3 meses;58455875107.0;2026-05-29;https://provincia-prod-api.teocoop.site/uploads/F2_05_26_81ff1f2cfa.pdf;2026-06-04 18:34:08.817286;RAÍCES RENTA EN PESOS;2026-05-29;Pesos;medio;60 días;moderado;renta fija;58.455.875.107;14.041,358251;0,47%;2.19;8,41%;17,33%;14,81%;41.25;Tasa Tamar;2,2%;0%;8,6%;;;
fed0ggj42lc86o8hk4p27kqf;RAÍCES RENTA EN PESOS;2026-05-22;Clase A;2;13975897725;fed0ggj42lc86o8hk4p27kqf;RAÍCES RENTA EN PESOS;ARS;Moderado;Horizonte a 60 días;Renta fija;-0.0246;https://www.provinciafondos.com.ar/nuestros-fondos/fed0ggj42lc86o8hk4p27kqf;2026-06-04 18:32:59.457054;El fondo invierte principalmente en activos de renta fija vinculados a la inflación, los cuales indexan por coeficiente CER o UVA. El posicionamiento puede ser tanto en títulos públicos como corporativos.;49.0;1481.0;219.0;5,3 meses;58455875107.0;2026-05-29;https://provincia-prod-api.teocoop.site/uploads/F2_05_26_81ff1f2cfa.pdf;2026-06-04 18:34:08.817286;RAÍCES RENTA EN PESOS;2026-05-29;Pesos;medio;60 días;moderado;renta fija;58.455.875.107;14.041,358251;0,47%;2.19;8,41%;17,33%;14,81%;41.25;Tasa Tamar;2,2%;0%;8,6%;;;
fed0ggj42lc86o8hk4p27kqf;RAÍCES RENTA EN PESOS;2026-05-21;Clase A;2;13944998697;fed0ggj42lc86o8hk4p27kqf;RAÍCES RENTA EN PESOS;ARS;Moderado;Horizonte a 60 días;Renta fija;-0.0246;https://www.provinciafondos.com.ar/nuestros-fondos/fed0ggj42lc86o8hk4p27kqf;2026-06-04 18:32:59.457054;El fondo invierte principalmente en activos de renta fija vinculados a la inflación, los cuales indexan por coeficiente CER o UVA. El posicionamiento puede ser tanto en títulos públicos como corporativos.;49.0;1481.0;219.0;5,3 meses;58455875107.0;2026-05-29;https://provincia-prod-api.teocoop.site/uploads/F2_05_26_81ff1f2cfa.pdf;2026-06-04 18:34:08.817286;RAÍCES RENTA EN PESOS;2026-05-29;Pesos;medio;60 días;moderado;renta fija;58.455.875.107;14.041,358251;0,47%;2.19;8,41%;17,33%;14,81%;41.25;Tasa Tamar;2,2%;0%;8,6%;;;
fed0ggj42lc86o8hk4p27kqf;RAÍCES RENTA EN PESOS;2026-05-20;Clase A;2;13935817569;fed0ggj42lc86o8hk4p27kqf;RAÍCES RENTA EN PESOS;ARS;Moderado;Horizonte a 60 días;Renta fija;-0.0246;https://www.provinciafondos.com.ar/nuestros-fondos/fed0ggj42lc86o8hk4p27kqf;2026-06-04 18:32:59.457054;El fondo invierte principalmente en activos de renta fija vinculados a la inflación, los cuales indexan por coeficiente CER o UVA. El posicionamiento puede ser tanto en títulos públicos como corporativos.;49.0;1481.0;219.0;5,3 meses;58455875107.0;2026-05-29;https://provincia-prod-api.teocoop.site/uploads/F2_05_26_81ff1f2cfa.pdf;2026-06-04 18:34:08.817286;RAÍCES RENTA EN PESOS;2026-05-29;Pesos;medio;60 días;moderado;renta fija;58.455.875.107;14.041,358251;0,47%;2.19;8,41%;17,33%;14,81%;41.25;Tasa Tamar;2,2%;0%;8,6%;;;
fed0ggj42lc86o8hk4p27kqf;RAÍCES RENTA EN PESOS;2026-05-19;Clase A;2;13923185111;fed0ggj42lc86o8hk4p27kqf;RAÍCES RENTA EN PESOS;ARS;Moderado;Horizonte a 60 días;Renta fija;-0.0246;https://www.provinciafondos.com.ar/nuestros-fondos/fed0ggj42lc86o8hk4p27kqf;2026-06-04 18:32:59.457054;El fondo invierte principalmente en activos de renta fija vinculados a la inflación, los cuales indexan por coeficiente CER o UVA. El posicionamiento puede ser tanto en títulos públicos como corporativos.;49.0;1481.0;219.0;5,3 meses;58455875107.0;2026-05-29;https://provincia-prod-api.teocoop.site/uploads/F2_05_26_81ff1f2cfa.pdf;2026-06-04 18:34:08.817286;RAÍCES RENTA EN PESOS;2026-05-29;Pesos;medio;60 días;moderado;renta fija;58.455.875.107;14.041,358251;0,47%;2.19;8,41%;17,33%;14,81%;41.25;Tasa Tamar;2,2%;0%;8,6%;;;
fed0ggj42lc86o8hk4p27kqf;RAÍCES RENTA EN PESOS;2026-05-18;Clase A;2;13913424775;fed0ggj42lc86o8hk4p27kqf;RAÍCES RENTA EN PESOS;ARS;Moderado;Horizonte a 60 días;Renta fija;-0.0246;https://www.provinciafondos.com.ar/nuestros-fondos/fed0ggj42lc86o8hk4p27kqf;2026-06-04 18:32:59.457054;El fondo invierte principalmente en activos de renta fija vinculados a la inflación, los cuales indexan por coeficiente CER o UVA. El posicionamiento puede ser tanto en títulos públicos como corporativos.;49.0;1481.0;219.0;5,3 meses;58455875107.0;2026-05-29;https://provincia-prod-api.teocoop.site/uploads/F2_05_26_81ff1f2cfa.pdf;2026-06-04 18:34:08.817286;RAÍCES RENTA EN PESOS;2026-05-29;Pesos;medio;60 días;moderado;renta fija;58.455.875.107;14.041,358251;0,47%;2.19;8,41%;17,33%;14,81%;41.25;Tasa Tamar;2,2%;0%;8,6%;;;
fed0ggj42lc86o8hk4p27kqf;RAÍCES RENTA EN PESOS;2026-05-15;Clase A;2;13900678888;fed0ggj42lc86o8hk4p27kqf;RAÍCES RENTA EN PESOS;ARS;Moderado;Horizonte a 60 días;Renta fija;-0.0246;https://www.provinciafondos.com.ar/nuestros-fondos/fed0ggj42lc86o8hk4p27kqf;2026-06-04 18:32:59.457054;El fondo invierte principalmente en activos de renta fija vinculados a la inflación, los cuales indexan por coeficiente CER o UVA. El posicionamiento puede ser tanto en títulos públicos como corporativos.;49.0;1481.0;219.0;5,3 meses;58455875107.0;2026-05-29;https://provincia-prod-api.teocoop.site/uploads/F2_05_26_81ff1f2cfa.pdf;2026-06-04 18:34:08.817286;RAÍCES RENTA EN PESOS;2026-05-29;Pesos;medio;60 días;moderado;renta fija;58.455.875.107;14.041,358251;0,47%;2.19;8,41%;17,33%;14,81%;41.25;Tasa Tamar;2,2%;0%;8,6%;;;
fed0ggj42lc86o8hk4p27kqf;RAÍCES RENTA EN PESOS;2026-05-14;Clase A;2;1387511405;fed0ggj42lc86o8hk4p27kqf;RAÍCES RENTA EN PESOS;ARS;Moderado;Horizonte a 60 días;Renta fija;-0.0246;https://www.provinciafondos.com.ar/nuestros-fondos/fed0ggj42lc86o8hk4p27kqf;2026-06-04 18:32:59.457054;El fondo invierte principalmente en activos de renta fija vinculados a la inflación, los cuales indexan por coeficiente CER o UVA. El posicionamiento puede ser tanto en títulos públicos como corporativos.;49.0;1481.0;219.0;5,3 meses;58455875107.0;2026-05-29;https://provincia-prod-api.teocoop.site/uploads/F2_05_26_81ff1f2cfa.pdf;2026-06-04 18:34:08.817286;RAÍCES RENTA EN PESOS;2026-05-29;Pesos;medio;60 días;moderado;renta fija;58.455.875.107;14.041,358251;0,47%;2.19;8,41%;17,33%;14,81%;41.25;Tasa Tamar;2,2%;0%;8,6%;;;
fed0ggj42lc86o8hk4p27kqf;RAÍCES RENTA EN PESOS;2026-05-13;Clase A;2;13865998427;fed0ggj42lc86o8hk4p27kqf;RAÍCES RENTA EN PESOS;ARS;Moderado;Horizonte a 60 días;Renta fija;-0.0246;https://www.provinciafondos.com.ar/nuestros-fondos/fed0ggj42lc86o8hk4p27kqf;2026-06-04 18:32:59.457054;El fondo invierte principalmente en activos de renta fija vinculados a la inflación, los cuales indexan por coeficiente CER o UVA. El posicionamiento puede ser tanto en títulos públicos como corporativos.;49.0;1481.0;219.0;5,3 meses;58455875107.0;2026-05-29;https://provincia-prod-api.teocoop.site/uploads/F2_05_26_81ff1f2cfa.pdf;2026-06-04 18:34:08.817286;RAÍCES RENTA EN PESOS;2026-05-29;Pesos;medio;60 días;moderado;renta fija;58.455.875.107;14.041,358251;0,47%;2.19;8,41%;17,33%;14,81%;41.25;Tasa Tamar;2,2%;0%;8,6%;;;
fed0ggj42lc86o8hk4p27kqf;RAÍCES RENTA EN PESOS;2026-05-12;Clase A;2;13861498653;fed0ggj42lc86o8hk4p27kqf;RAÍCES RENTA EN PESOS;ARS;Moderado;Horizonte a 60 días;Renta fija;-0.0246;https://www.provinciafondos.com.ar/nuestros-fondos/fed0ggj42lc86o8hk4p27kqf;2026-06-04 18:32:59.457054;El fondo invierte principalmente en activos de renta fija vinculados a la inflación, los cuales indexan por coeficiente CER o UVA. El posicionamiento puede ser tanto en títulos públicos como corporativos.;49.0;1481.0;219.0;5,3 meses;58455875107.0;2026-05-29;https://provincia-prod-api.teocoop.site/uploads/F2_05_26_81ff1f2cfa.pdf;2026-06-04 18:34:08.817286;RAÍCES RENTA EN PESOS;2026-05-29;Pesos;medio;60 días;moderado;renta fija;58.455.875.107;14.041,358251;0,47%;2.19;8,41%;17,33%;14,81%;41.25;Tasa Tamar;2,2%;0%;8,6%;;;
fed0ggj42lc86o8hk4p27kqf;RAÍCES RENTA EN PESOS;2026-05-11;Clase A;2;13851820769;fed0ggj42lc86o8hk4p27kqf;RAÍCES RENTA EN PESOS;ARS;Moderado;Horizonte a 60 días;Renta fija;-0.0246;https://www.provinciafondos.com.ar/nuestros-fondos/fed0ggj42lc86o8hk4p27kqf;2026-06-04 18:32:59.457054;El fondo invierte principalmente en activos de renta fija vinculados a la inflación, los cuales indexan por coeficiente CER o UVA. El posicionamiento puede ser tanto en títulos públicos como corporativos.;49.0;1481.0;219.0;5,3 meses;58455875107.0;2026-05-29;https://provincia-prod-api.teocoop.site/uploads/F2_05_26_81ff1f2cfa.pdf;2026-06-04 18:34:08.817286;RAÍCES RENTA EN PESOS;2026-05-29;Pesos;medio;60 días;moderado;renta fija;58.455.875.107;14.041,358251;0,47%;2.19;8,41%;17,33%;14,81%;41.25;Tasa Tamar;2,2%;0%;8,6%;;;
fed0ggj42lc86o8hk4p27kqf;RAÍCES RENTA EN PESOS;2026-05-08;Clase A;2;13834302466;fed0ggj42lc86o8hk4p27kqf;RAÍCES RENTA EN PESOS;ARS;Moderado;Horizonte a 60 días;Renta fija;-0.0246;https://www.provinciafondos.com.ar/nuestros-fondos/fed0ggj42lc86o8hk4p27kqf;2026-06-04 18:32:59.457054;El fondo invierte principalmente en activos de renta fija vinculados a la inflación, los cuales indexan por coeficiente CER o UVA. El posicionamiento puede ser tanto en títulos públicos como corporativos.;49.0;1481.0;219.0;5,3 meses;58455875107.0;2026-05-29;https://provincia-prod-api.teocoop.site/uploads/F2_05_26_81ff1f2cfa.pdf;2026-06-04 18:34:08.817286;RAÍCES RENTA EN PESOS;2026-05-29;Pesos;medio;60 días;moderado;renta fija;58.455.875.107;14.041,358251;0,47%;2.19;8,41%;17,33%;14,81%;41.25;Tasa Tamar;2,2%;0%;8,6%;;;
fed0ggj42lc86o8hk4p27kqf;RAÍCES RENTA EN PESOS;2026-05-07;Clase A;2;13808078862;fed0ggj42lc86o8hk4p27kqf;RAÍCES RENTA EN PESOS;ARS;Moderado;Horizonte a 60 días;Renta fija;-0.0246;https://www.provinciafondos.com.ar/nuestros-fondos/fed0ggj42lc86o8hk4p27kqf;2026-06-04 18:32:59.457054;El fondo invierte principalmente en activos de renta fija vinculados a la inflación, los cuales indexan por coeficiente CER o UVA. El posicionamiento puede ser tanto en títulos públicos como corporativos.;49.0;1481.0;219.0;5,3 meses;58455875107.0;2026-05-29;https://provincia-prod-api.teocoop.site/uploads/F2_05_26_81ff1f2cfa.pdf;2026-06-04 18:34:08.817286;RAÍCES RENTA EN PESOS;2026-05-29;Pesos;medio;60 días;moderado;renta fija;58.455.875.107;14.041,358251;0,47%;2.19;8,41%;17,33%;14,81%;41.25;Tasa Tamar;2,2%;0%;8,6%;;;
fed0ggj42lc86o8hk4p27kqf;RAÍCES RENTA EN PESOS;2026-05-06;Clase A;2;13793243168;fed0ggj42lc86o8hk4p27kqf;RAÍCES RENTA EN PESOS;ARS;Moderado;Horizonte a 60 días;Renta fija;-0.0246;https://www.provinciafondos.com.ar/nuestros-fondos/fed0ggj42lc86o8hk4p27kqf;2026-06-04 18:32:59.457054;El fondo invierte principalmente en activos de renta fija vinculados a la inflación, los cuales indexan por coeficiente CER o UVA. El posicionamiento puede ser tanto en títulos públicos como corporativos.;49.0;1481.0;219.0;5,3 meses;58455875107.0;2026-05-29;https://provincia-prod-api.teocoop.site/uploads/F2_05_26_81ff1f2cfa.pdf;2026-06-04 18:34:08.817286;RAÍCES RENTA EN PESOS;2026-05-29;Pesos;medio;60 días;moderado;renta fija;58.455.875.107;14.041,358251;0,47%;2.19;8,41%;17,33%;14,81%;41.25;Tasa Tamar;2,2%;0%;8,6%;;;
fed0ggj42lc86o8hk4p27kqf;RAÍCES RENTA EN PESOS;2026-06-03;Clase A;2;14080535517;fed0ggj42lc86o8hk4p27kqf;RAÍCES RENTA EN PESOS;ARS;Moderado;Horizonte a 60 días;Renta fija;-0.0246;https://www.provinciafondos.com.ar/nuestros-fondos/fed0ggj42lc86o8hk4p27kqf;2026-06-04 18:32:59.457054;El fondo invierte principalmente en activos de renta fija vinculados a la inflación, los cuales indexan por coeficiente CER o UVA. El posicionamiento puede ser tanto en títulos públicos como corporativos.;49.0;1481.0;219.0;5,3 meses;58455875107.0;2026-05-29;https://provincia-prod-api.teocoop.site/uploads/F2_05_26_81ff1f2cfa.pdf;2026-06-04 18:34:08.817286;RAÍCES RENTA EN PESOS;2026-05-29;Pesos;medio;60 días;moderado;renta fija;58.455.875.107;14.041,358251;0,47%;2.19;8,41%;17,33%;14,81%;41.25;Tasa Tamar;2,2%;0%;8,6%;;;
fed0ggj42lc86o8hk4p27kqf;RAÍCES RENTA EN PESOS;2026-06-02;Clase A;2;14083993377;fed0ggj42lc86o8hk4p27kqf;RAÍCES RENTA EN PESOS;ARS;Moderado;Horizonte a 60 días;Renta fija;-0.0246;https://www.provinciafondos.com.ar/nuestros-fondos/fed0ggj42lc86o8hk4p27kqf;2026-06-04 18:32:59.457054;El fondo invierte principalmente en activos de renta fija vinculados a la inflación, los cuales indexan por coeficiente CER o UVA. El posicionamiento puede ser tanto en títulos públicos como corporativos.;49.0;1481.0;219.0;5,3 meses;58455875107.0;2026-05-29;https://provincia-prod-api.teocoop.site/uploads/F2_05_26_81ff1f2cfa.pdf;2026-06-04 18:34:08.817286;RAÍCES RENTA EN PESOS;2026-05-29;Pesos;medio;60 días;moderado;renta fija;58.455.875.107;14.041,358251;0,47%;2.19;8,41%;17,33%;14,81%;41.25;Tasa Tamar;2,2%;0%;8,6%;;;
fed0ggj42lc86o8hk4p27kqf;RAÍCES RENTA EN PESOS;2026-06-01;Clase A;2;14060257898;fed0ggj42lc86o8hk4p27kqf;RAÍCES RENTA EN PESOS;ARS;Moderado;Horizonte a 60 días;Renta fija;-0.0246;https://www.provinciafondos.com.ar/nuestros-fondos/fed0ggj42lc86o8hk4p27kqf;2026-06-04 18:32:59.457054;El fondo invierte principalmente en activos de renta fija vinculados a la inflación, los cuales indexan por coeficiente CER o UVA. El posicionamiento puede ser tanto en títulos públicos como corporativos.;49.0;1481.0;219.0;5,3 meses;58455875107.0;2026-05-29;https://provincia-prod-api.teocoop.site/uploads/F2_05_26_81ff1f2cfa.pdf;2026-06-04 18:34:08.817286;RAÍCES RENTA EN PESOS;2026-05-29;Pesos;medio;60 días;moderado;renta fija;58.455.875.107;14.041,358251;0,47%;2.19;8,41%;17,33%;14,81%;41.25;Tasa Tamar;2,2%;0%;8,6%;;;
fed0ggj42lc86o8hk4p27kqf;RAÍCES RENTA EN PESOS;2026-05-29;Clase A;2;14041358251;fed0ggj42lc86o8hk4p27kqf;RAÍCES RENTA EN PESOS;ARS;Moderado;Horizonte a 60 días;Renta fija;-0.0246;https://www.provinciafondos.com.ar/nuestros-fondos/fed0ggj42lc86o8hk4p27kqf;2026-06-04 18:32:59.457054;El fondo invierte principalmente en activos de renta fija vinculados a la inflación, los cuales indexan por coeficiente CER o UVA. El posicionamiento puede ser tanto en títulos públicos como corporativos.;49.0;1481.0;219.0;5,3 meses;58455875107.0;2026-05-29;https://provincia-prod-api.teocoop.site/uploads/F2_05_26_81ff1f2cfa.pdf;2026-06-04 18:34:08.817286;RAÍCES RENTA EN PESOS;2026-05-29;Pesos;medio;60 días;moderado;renta fija;58.455.875.107;14.041,358251;0,47%;2.19;8,41%;17,33%;14,81%;41.25;Tasa Tamar;2,2%;0%;8,6%;;;
fed0ggj42lc86o8hk4p27kqf;RAÍCES RENTA EN PESOS;2026-05-28;Clase A;2;14017017941;fed0ggj42lc86o8hk4p27kqf;RAÍCES RENTA EN PESOS;ARS;Moderado;Horizonte a 60 días;Renta fija;-0.0246;https://www.provinciafondos.com.ar/nuestros-fondos/fed0ggj42lc86o8hk4p27kqf;2026-06-04 18:32:59.457054;El fondo invierte principalmente en activos de renta fija vinculados a la inflación, los cuales indexan por coeficiente CER o UVA. El posicionamiento puede ser tanto en títulos públicos como corporativos.;49.0;1481.0;219.0;5,3 meses;58455875107.0;2026-05-29;https://provincia-prod-api.teocoop.site/uploads/F2_05_26_81ff1f2cfa.pdf;2026-06-04 18:34:08.817286;RAÍCES RENTA EN PESOS;2026-05-29;Pesos;medio;60 días;moderado;renta fija;58.455.875.107;14.041,358251;0,47%;2.19;8,41%;17,33%;14,81%;41.25;Tasa Tamar;2,2%;0%;8,6%;;;
fed0ggj42lc86o8hk4p27kqf;RAÍCES RENTA EN PESOS;2026-05-27;Clase A;2;13999275154;fed0ggj42lc86o8hk4p27kqf;RAÍCES RENTA EN PESOS;ARS;Moderado;Horizonte a 60 días;Renta fija;-0.0246;https://www.provinciafondos.com.ar/nuestros-fondos/fed0ggj42lc86o8hk4p27kqf;2026-06-04 18:32:59.457054;El fondo invierte principalmente en activos de renta fija vinculados a la inflación, los cuales indexan por coeficiente CER o UVA. El posicionamiento puede ser tanto en títulos públicos como corporativos.;49.0;1481.0;219.0;5,3 meses;58455875107.0;2026-05-29;https://provincia-prod-api.teocoop.site/uploads/F2_05_26_81ff1f2cfa.pdf;2026-06-04 18:34:08.817286;RAÍCES RENTA EN PESOS;2026-05-29;Pesos;medio;60 días;moderado;renta fija;58.455.875.107;14.041,358251;0,47%;2.19;8,41%;17,33%;14,81%;41.25;Tasa Tamar;2,2%;0%;8,6%;;;
fed0ggj42lc86o8hk4p27kqf;RAÍCES RENTA EN PESOS;2026-05-26;Clase A;2;13986764476;fed0ggj42lc86o8hk4p27kqf;RAÍCES RENTA EN PESOS;ARS;Moderado;Horizonte a 60 días;Renta fija;-0.0246;https://www.provinciafondos.com.ar/nuestros-fondos/fed0ggj42lc86o8hk4p27kqf;2026-06-04 18:32:59.457054;El fondo invierte principalmente en activos de renta fija vinculados a la inflación, los cuales indexan por coeficiente CER o UVA. El posicionamiento puede ser tanto en títulos públicos como corporativos.;49.0;1481.0;219.0;5,3 meses;58455875107.0;2026-05-29;https://provincia-prod-api.teocoop.site/uploads/F2_05_26_81ff1f2cfa.pdf;2026-06-04 18:34:08.817286;RAÍCES RENTA EN PESOS;2026-05-29;Pesos;medio;60 días;moderado;renta fija;58.455.875.107;14.041,358251;0,47%;2.19;8,41%;17,33%;14,81%;41.25;Tasa Tamar;2,2%;0%;8,6%;;;
fed0ggj42lc86o8hk4p27kqf;RAÍCES RENTA EN PESOS;2026-05-22;Clase A;2;13975897725;fed0ggj42lc86o8hk4p27kqf;RAÍCES RENTA EN PESOS;ARS;Moderado;Horizonte a 60 días;Renta fija;-0.0246;https://www.provinciafondos.com.ar/nuestros-fondos/fed0ggj42lc86o8hk4p27kqf;2026-06-04 18:32:59.457054;El fondo invierte principalmente en activos de renta fija vinculados a la inflación, los cuales indexan por coeficiente CER o UVA. El posicionamiento puede ser tanto en títulos públicos como corporativos.;49.0;1481.0;219.0;5,3 meses;58455875107.0;2026-05-29;https://provincia-prod-api.teocoop.site/uploads/F2_05_26_81ff1f2cfa.pdf;2026-06-04 18:34:08.817286;RAÍCES RENTA EN PESOS;2026-05-29;Pesos;medio;60 días;moderado;renta fija;58.455.875.107;14.041,358251;0,47%;2.19;8,41%;17,33%;14,81%;41.25;Tasa Tamar;2,2%;0%;8,6%;;;
fed0ggj42lc86o8hk4p27kqf;RAÍCES RENTA EN PESOS;2026-05-21;Clase A;2;13944998697;fed0ggj42lc86o8hk4p27kqf;RAÍCES RENTA EN PESOS;ARS;Moderado;Horizonte a 60 días;Renta fija;-0.0246;https://www.provinciafondos.com.ar/nuestros-fondos/fed0ggj42lc86o8hk4p27kqf;2026-06-04 18:32:59.457054;El fondo invierte principalmente en activos de renta fija vinculados a la inflación, los cuales indexan por coeficiente CER o UVA. El posicionamiento puede ser tanto en títulos públicos como corporativos.;49.0;1481.0;219.0;5,3 meses;58455875107.0;2026-05-29;https://provincia-prod-api.teocoop.site/uploads/F2_05_26_81ff1f2cfa.pdf;2026-06-04 18:34:08.817286;RAÍCES RENTA EN PESOS;2026-05-29;Pesos;medio;60 días;moderado;renta fija;58.455.875.107;14.041,358251;0,47%;2.19;8,41%;17,33%;14,81%;41.25;Tasa Tamar;2,2%;0%;8,6%;;;
fed0ggj42lc86o8hk4p27kqf;RAÍCES RENTA EN PESOS;2026-05-20;Clase A;2;13935817569;fed0ggj42lc86o8hk4p27kqf;RAÍCES RENTA EN PESOS;ARS;Moderado;Horizonte a 60 días;Renta fija;-0.0246;https://www.provinciafondos.com.ar/nuestros-fondos/fed0ggj42lc86o8hk4p27kqf;2026-06-04 18:32:59.457054;El fondo invierte principalmente en activos de renta fija vinculados a la inflación, los cuales indexan por coeficiente CER o UVA. El posicionamiento puede ser tanto en títulos públicos como corporativos.;49.0;1481.0;219.0;5,3 meses;58455875107.0;2026-05-29;https://provincia-prod-api.teocoop.site/uploads/F2_05_26_81ff1f2cfa.pdf;2026-06-04 18:34:08.817286;RAÍCES RENTA EN PESOS;2026-05-29;Pesos;medio;60 días;moderado;renta fija;58.455.875.107;14.041,358251;0,47%;2.19;8,41%;17,33%;14,81%;41.25;Tasa Tamar;2,2%;0%;8,6%;;;
fed0ggj42lc86o8hk4p27kqf;RAÍCES RENTA EN PESOS;2026-05-19;Clase A;2;13923185111;fed0ggj42lc86o8hk4p27kqf;RAÍCES RENTA EN PESOS;ARS;Moderado;Horizonte a 60 días;Renta fija;-0.0246;https://www.provinciafondos.com.ar/nuestros-fondos/fed0ggj42lc86o8hk4p27kqf;2026-06-04 18:32:59.457054;El fondo invierte principalmente en activos de renta fija vinculados a la inflación, los cuales indexan por coeficiente CER o UVA. El posicionamiento puede ser tanto en títulos públicos como corporativos.;49.0;1481.0;219.0;5,3 meses;58455875107.0;2026-05-29;https://provincia-prod-api.teocoop.site/uploads/F2_05_26_81ff1f2cfa.pdf;2026-06-04 18:34:08.817286;RAÍCES RENTA EN PESOS;2026-05-29;Pesos;medio;60 días;moderado;renta fija;58.455.875.107;14.041,358251;0,47%;2.19;8,41%;17,33%;14,81%;41.25;Tasa Tamar;2,2%;0%;8,6%;;;
fed0ggj42lc86o8hk4p27kqf;RAÍCES RENTA EN PESOS;2026-05-18;Clase A;2;13913424775;fed0ggj42lc86o8hk4p27kqf;RAÍCES RENTA EN PESOS;ARS;Moderado;Horizonte a 60 días;Renta fija;-0.0246;https://www.provinciafondos.com.ar/nuestros-fondos/fed0ggj42lc86o8hk4p27kqf;2026-06-04 18:32:59.457054;El fondo invierte principalmente en activos de renta fija vinculados a la inflación, los cuales indexan por coeficiente CER o UVA. El posicionamiento puede ser tanto en títulos públicos como corporativos.;49.0;1481.0;219.0;5,3 meses;58455875107.0;2026-05-29;https://provincia-prod-api.teocoop.site/uploads/F2_05_26_81ff1f2cfa.pdf;2026-06-04 18:34:08.817286;RAÍCES RENTA EN PESOS;2026-05-29;Pesos;medio;60 días;moderado;renta fija;58.455.875.107;14.041,358251;0,47%;2.19;8,41%;17,33%;14,81%;41.25;Tasa Tamar;2,2%;0%;8,6%;;;
fed0ggj42lc86o8hk4p27kqf;RAÍCES RENTA EN PESOS;2026-05-15;Clase A;2;13900678888;fed0ggj42lc86o8hk4p27kqf;RAÍCES RENTA EN PESOS;ARS;Moderado;Horizonte a 60 días;Renta fija;-0.0246;https://www.provinciafondos.com.ar/nuestros-fondos/fed0ggj42lc86o8hk4p27kqf;2026-06-04 18:32:59.457054;El fondo invierte principalmente en activos de renta fija vinculados a la inflación, los cuales indexan por coeficiente CER o UVA. El posicionamiento puede ser tanto en títulos públicos como corporativos.;49.0;1481.0;219.0;5,3 meses;58455875107.0;2026-05-29;https://provincia-prod-api.teocoop.site/uploads/F2_05_26_81ff1f2cfa.pdf;2026-06-04 18:34:08.817286;RAÍCES RENTA EN PESOS;2026-05-29;Pesos;medio;60 días;moderado;renta fija;58.455.875.107;14.041,358251;0,47%;2.19;8,41%;17,33%;14,81%;41.25;Tasa Tamar;2,2%;0%;8,6%;;;
fed0ggj42lc86o8hk4p27kqf;RAÍCES RENTA EN PESOS;2026-05-14;Clase A;2;1387511405;fed0ggj42lc86o8hk4p27kqf;RAÍCES RENTA EN PESOS;ARS;Moderado;Horizonte a 60 días;Renta fija;-0.0246;https://www.provinciafondos.com.ar/nuestros-fondos/fed0ggj42lc86o8hk4p27kqf;2026-06-04 18:32:59.457054;El fondo invierte principalmente en activos de renta fija vinculados a la inflación, los cuales indexan por coeficiente CER o UVA. El posicionamiento puede ser tanto en títulos públicos como corporativos.;49.0;1481.0;219.0;5,3 meses;58455875107.0;2026-05-29;https://provincia-prod-api.teocoop.site/uploads/F2_05_26_81ff1f2cfa.pdf;2026-06-04 18:34:08.817286;RAÍCES RENTA EN PESOS;2026-05-29;Pesos;medio;60 días;moderado;renta fija;58.455.875.107;14.041,358251;0,47%;2.19;8,41%;17,33%;14,81%;41.25;Tasa Tamar;2,2%;0%;8,6%;;;
fed0ggj42lc86o8hk4p27kqf;RAÍCES RENTA EN PESOS;2026-05-13;Clase A;2;13865998427;fed0ggj42lc86o8hk4p27kqf;RAÍCES RENTA EN PESOS;ARS;Moderado;Horizonte a 60 días;Renta fija;-0.0246;https://www.provinciafondos.com.ar/nuestros-fondos/fed0ggj42lc86o8hk4p27kqf;2026-06-04 18:32:59.457054;El fondo invierte principalmente en activos de renta fija vinculados a la inflación, los cuales indexan por coeficiente CER o UVA. El posicionamiento puede ser tanto en títulos públicos como corporativos.;49.0;1481.0;219.0;5,3 meses;58455875107.0;2026-05-29;https://provincia-prod-api.teocoop.site/uploads/F2_05_26_81ff1f2cfa.pdf;2026-06-04 18:34:08.817286;RAÍCES RENTA EN PESOS;2026-05-29;Pesos;medio;60 días;moderado;renta fija;58.455.875.107;14.041,358251;0,47%;2.19;8,41%;17,33%;14,81%;41.25;Tasa Tamar;2,2%;0%;8,6%;;;
fed0ggj42lc86o8hk4p27kqf;RAÍCES RENTA EN PESOS;2026-05-12;Clase A;2;13861498653;fed0ggj42lc86o8hk4p27kqf;RAÍCES RENTA EN PESOS;ARS;Moderado;Horizonte a 60 días;Renta fija;-0.0246;https://www.provinciafondos.com.ar/nuestros-fondos/fed0ggj42lc86o8hk4p27kqf;2026-06-04 18:32:59.457054;El fondo invierte principalmente en activos de renta fija vinculados a la inflación, los cuales indexan por coeficiente CER o UVA. El posicionamiento puede ser tanto en títulos públicos como corporativos.;49.0;1481.0;219.0;5,3 meses;58455875107.0;2026-05-29;https://provincia-prod-api.teocoop.site/uploads/F2_05_26_81ff1f2cfa.pdf;2026-06-04 18:34:08.817286;RAÍCES RENTA EN PESOS;2026-05-29;Pesos;medio;60 días;moderado;renta fija;58.455.875.107;14.041,358251;0,47%;2.19;8,41%;17,33%;14,81%;41.25;Tasa Tamar;2,2%;0%;8,6%;;;
fed0ggj42lc86o8hk4p27kqf;RAÍCES RENTA EN PESOS;2026-05-11;Clase A;2;13851820769;fed0ggj42lc86o8hk4p27kqf;RAÍCES RENTA EN PESOS;ARS;Moderado;Horizonte a 60 días;Renta fija;-0.0246;https://www.provinciafondos.com.ar/nuestros-fondos/fed0ggj42lc86o8hk4p27kqf;2026-06-04 18:32:59.457054;El fondo invierte principalmente en activos de renta fija vinculados a la inflación, los cuales indexan por coeficiente CER o UVA. El posicionamiento puede ser tanto en títulos públicos como corporativos.;49.0;1481.0;219.0;5,3 meses;58455875107.0;2026-05-29;https://provincia-prod-api.teocoop.site/uploads/F2_05_26_81ff1f2cfa.pdf;2026-06-04 18:34:08.817286;RAÍCES RENTA EN PESOS;2026-05-29;Pesos;medio;60 días;moderado;renta fija;58.455.875.107;14.041,358251;0,47%;2.19;8,41%;17,33%;14,81%;41.25;Tasa Tamar;2,2%;0%;8,6%;;;
fed0ggj42lc86o8hk4p27kqf;RAÍCES RENTA EN PESOS;2026-05-08;Clase A;2;13834302466;fed0ggj42lc86o8hk4p27kqf;RAÍCES RENTA EN PESOS;ARS;Moderado;Horizonte a 60 días;Renta fija;-0.0246;https://www.provinciafondos.com.ar/nuestros-fondos/fed0ggj42lc86o8hk4p27kqf;2026-06-04 18:32:59.457054;El fondo invierte principalmente en activos de renta fija vinculados a la inflación, los cuales indexan por coeficiente CER o UVA. El posicionamiento puede ser tanto en títulos públicos como corporativos.;49.0;1481.0;219.0;5,3 meses;58455875107.0;2026-05-29;https://provincia-prod-api.teocoop.site/uploads/F2_05_26_81ff1f2cfa.pdf;2026-06-04 18:34:08.817286;RAÍCES RENTA EN PESOS;2026-05-29;Pesos;medio;60 días;moderado;renta fija;58.455.875.107;14.041,358251;0,47%;2.19;8,41%;17,33%;14,81%;41.25;Tasa Tamar;2,2%;0%;8,6%;;;
fed0ggj42lc86o8hk4p27kqf;RAÍCES RENTA EN PESOS;2026-05-07;Clase A;2;13808078862;fed0ggj42lc86o8hk4p27kqf;RAÍCES RENTA EN PESOS;ARS;Moderado;Horizonte a 60 días;Renta fija;-0.0246;https://www.provinciafondos.com.ar/nuestros-fondos/fed0ggj42lc86o8hk4p27kqf;2026-06-04 18:32:59.457054;El fondo invierte principalmente en activos de renta fija vinculados a la inflación, los cuales indexan por coeficiente CER o UVA. El posicionamiento puede ser tanto en títulos públicos como corporativos.;49.0;1481.0;219.0;5,3 meses;58455875107.0;2026-05-29;https://provincia-prod-api.teocoop.site/uploads/F2_05_26_81ff1f2cfa.pdf;2026-06-04 18:34:08.817286;RAÍCES RENTA EN PESOS;2026-05-29;Pesos;medio;60 días;moderado;renta fija;58.455.875.107;14.041,358251;0,47%;2.19;8,41%;17,33%;14,81%;41.25;Tasa Tamar;2,2%;0%;8,6%;;;
fed0ggj42lc86o8hk4p27kqf;RAÍCES RENTA EN PESOS;2026-05-06;Clase A;2;13793243168;fed0ggj42lc86o8hk4p27kqf;RAÍCES RENTA EN PESOS;ARS;Moderado;Horizonte a 60 días;Renta fija;-0.0246;https://www.provinciafondos.com.ar/nuestros-fondos/fed0ggj42lc86o8hk4p27kqf;2026-06-04 18:32:59.457054;El fondo invierte principalmente en activos de renta fija vinculados a la inflación, los cuales indexan por coeficiente CER o UVA. El posicionamiento puede ser tanto en títulos públicos como corporativos.;49.0;1481.0;219.0;5,3 meses;58455875107.0;2026-05-29;https://provincia-prod-api.teocoop.site/uploads/F2_05_26_81ff1f2cfa.pdf;2026-06-04 18:34:08.817286;RAÍCES RENTA EN PESOS;2026-05-29;Pesos;medio;60 días;moderado;renta fija;58.455.875.107;14.041,358251;0,47%;2.19;8,41%;17,33%;14,81%;41.25;Tasa Tamar;2,2%;0%;8,6%;;;
kdddydmr1kqalu395pxaoudz;RAÍCES VALORES NEGOCIABLES;2026-06-03;Clase A;1;28998387447;kdddydmr1kqalu395pxaoudz;RAÍCES VALORES NEGOCIABLES;ARS;Agresivo;Horizonte a 1 año;Acciones renta variable;-1.8864;https://www.provinciafondos.com.ar/nuestros-fondos/kdddydmr1kqalu395pxaoudz;2026-06-04 18:32:59.458053;Es un fondo conformado por una cartera de activos de alta volatilidad, principalmente acciones. Permite el acceso de pequeños y medianos inversores a la Bolsa de Comercio.;447.0;;115.0;;42674831617.0;2026-05-29;https://provincia-prod-api.teocoop.site/uploads/F1_05_26_15bddeb0bd.pdf;2026-06-04 18:34:52.125307;RAÍCES VALORES NEGOCIABLES;2026-05-29;Pesos;alto;1 año;agresivo;renta variable;42.674.831.617;29.032,868343;11,22%;11.5;18,65%;3,61%;2,48%;32.5;S&P Merval;2,8%;0%;35,2%;7.7;;
kdddydmr1kqalu395pxaoudz;RAÍCES VALORES NEGOCIABLES;2026-06-02;Clase A;1;29555930959;kdddydmr1kqalu395pxaoudz;RAÍCES VALORES NEGOCIABLES;ARS;Agresivo;Horizonte a 1 año;Acciones renta variable;-1.8864;https://www.provinciafondos.com.ar/nuestros-fondos/kdddydmr1kqalu395pxaoudz;2026-06-04 18:32:59.458053;Es un fondo conformado por una cartera de activos de alta volatilidad, principalmente acciones. Permite el acceso de pequeños y medianos inversores a la Bolsa de Comercio.;447.0;;115.0;;42674831617.0;2026-05-29;https://provincia-prod-api.teocoop.site/uploads/F1_05_26_15bddeb0bd.pdf;2026-06-04 18:34:52.125307;RAÍCES VALORES NEGOCIABLES;2026-05-29;Pesos;alto;1 año;agresivo;renta variable;42.674.831.617;29.032,868343;11,22%;11.5;18,65%;3,61%;2,48%;32.5;S&P Merval;2,8%;0%;35,2%;7.7;;
kdddydmr1kqalu395pxaoudz;RAÍCES VALORES NEGOCIABLES;2026-06-01;Clase A;1;29726722581;kdddydmr1kqalu395pxaoudz;RAÍCES VALORES NEGOCIABLES;ARS;Agresivo;Horizonte a 1 año;Acciones renta variable;-1.8864;https://www.provinciafondos.com.ar/nuestros-fondos/kdddydmr1kqalu395pxaoudz;2026-06-04 18:32:59.458053;Es un fondo conformado por una cartera de activos de alta volatilidad, principalmente acciones. Permite el acceso de pequeños y medianos inversores a la Bolsa de Comercio.;447.0;;115.0;;42674831617.0;2026-05-29;https://provincia-prod-api.teocoop.site/uploads/F1_05_26_15bddeb0bd.pdf;2026-06-04 18:34:52.125307;RAÍCES VALORES NEGOCIABLES;2026-05-29;Pesos;alto;1 año;agresivo;renta variable;42.674.831.617;29.032,868343;11,22%;11.5;18,65%;3,61%;2,48%;32.5;S&P Merval;2,8%;0%;35,2%;7.7;;
kdddydmr1kqalu395pxaoudz;RAÍCES VALORES NEGOCIABLES;2026-05-29;Clase A;1;29032868343;kdddydmr1kqalu395pxaoudz;RAÍCES VALORES NEGOCIABLES;ARS;Agresivo;Horizonte a 1 año;Acciones renta variable;-1.8864;https://www.provinciafondos.com.ar/nuestros-fondos/kdddydmr1kqalu395pxaoudz;2026-06-04 18:32:59.458053;Es un fondo conformado por una cartera de activos de alta volatilidad, principalmente acciones. Permite el acceso de pequeños y medianos inversores a la Bolsa de Comercio.;447.0;;115.0;;42674831617.0;2026-05-29;https://provincia-prod-api.teocoop.site/uploads/F1_05_26_15bddeb0bd.pdf;2026-06-04 18:34:52.125307;RAÍCES VALORES NEGOCIABLES;2026-05-29;Pesos;alto;1 año;agresivo;renta variable;42.674.831.617;29.032,868343;11,22%;11.5;18,65%;3,61%;2,48%;32.5;S&P Merval;2,8%;0%;35,2%;7.7;;
kdddydmr1kqalu395pxaoudz;RAÍCES VALORES NEGOCIABLES;2026-05-28;Clase A;1;28329152759;kdddydmr1kqalu395pxaoudz;RAÍCES VALORES NEGOCIABLES;ARS;Agresivo;Horizonte a 1 año;Acciones renta variable;-1.8864;https://www.provinciafondos.com.ar/nuestros-fondos/kdddydmr1kqalu395pxaoudz;2026-06-04 18:32:59.458053;Es un fondo conformado por una cartera de activos de alta volatilidad, principalmente acciones. Permite el acceso de pequeños y medianos inversores a la Bolsa de Comercio.;447.0;;115.0;;42674831617.0;2026-05-29;https://provincia-prod-api.teocoop.site/uploads/F1_05_26_15bddeb0bd.pdf;2026-06-04 18:34:52.125307;RAÍCES VALORES NEGOCIABLES;2026-05-29;Pesos;alto;1 año;agresivo;renta variable;42.674.831.617;29.032,868343;11,22%;11.5;18,65%;3,61%;2,48%;32.5;S&P Merval;2,8%;0%;35,2%;7.7;;
kdddydmr1kqalu395pxaoudz;RAÍCES VALORES NEGOCIABLES;2026-05-27;Clase A;1;28170001144;kdddydmr1kqalu395pxaoudz;RAÍCES VALORES NEGOCIABLES;ARS;Agresivo;Horizonte a 1 año;Acciones renta variable;-1.8864;https://www.provinciafondos.com.ar/nuestros-fondos/kdddydmr1kqalu395pxaoudz;2026-06-04 18:32:59.458053;Es un fondo conformado por una cartera de activos de alta volatilidad, principalmente acciones. Permite el acceso de pequeños y medianos inversores a la Bolsa de Comercio.;447.0;;115.0;;42674831617.0;2026-05-29;https://provincia-prod-api.teocoop.site/uploads/F1_05_26_15bddeb0bd.pdf;2026-06-04 18:34:52.125307;RAÍCES VALORES NEGOCIABLES;2026-05-29;Pesos;alto;1 año;agresivo;renta variable;42.674.831.617;29.032,868343;11,22%;11.5;18,65%;3,61%;2,48%;32.5;S&P Merval;2,8%;0%;35,2%;7.7;;
kdddydmr1kqalu395pxaoudz;RAÍCES VALORES NEGOCIABLES;2026-05-26;Clase A;1;26814266344;kdddydmr1kqalu395pxaoudz;RAÍCES VALORES NEGOCIABLES;ARS;Agresivo;Horizonte a 1 año;Acciones renta variable;-1.8864;https://www.provinciafondos.com.ar/nuestros-fondos/kdddydmr1kqalu395pxaoudz;2026-06-04 18:32:59.458053;Es un fondo conformado por una cartera de activos de alta volatilidad, principalmente acciones. Permite el acceso de pequeños y medianos inversores a la Bolsa de Comercio.;447.0;;115.0;;42674831617.0;2026-05-29;https://provincia-prod-api.teocoop.site/uploads/F1_05_26_15bddeb0bd.pdf;2026-06-04 18:34:52.125307;RAÍCES VALORES NEGOCIABLES;2026-05-29;Pesos;alto;1 año;agresivo;renta variable;42.674.831.617;29.032,868343;11,22%;11.5;18,65%;3,61%;2,48%;32.5;S&P Merval;2,8%;0%;35,2%;7.7;;
kdddydmr1kqalu395pxaoudz;RAÍCES VALORES NEGOCIABLES;2026-05-22;Clase A;1;26103138397;kdddydmr1kqalu395pxaoudz;RAÍCES VALORES NEGOCIABLES;ARS;Agresivo;Horizonte a 1 año;Acciones renta variable;-1.8864;https://www.provinciafondos.com.ar/nuestros-fondos/kdddydmr1kqalu395pxaoudz;2026-06-04 18:32:59.458053;Es un fondo conformado por una cartera de activos de alta volatilidad, principalmente acciones. Permite el acceso de pequeños y medianos inversores a la Bolsa de Comercio.;447.0;;115.0;;42674831617.0;2026-05-29;https://provincia-prod-api.teocoop.site/uploads/F1_05_26_15bddeb0bd.pdf;2026-06-04 18:34:52.125307;RAÍCES VALORES NEGOCIABLES;2026-05-29;Pesos;alto;1 año;agresivo;renta variable;42.674.831.617;29.032,868343;11,22%;11.5;18,65%;3,61%;2,48%;32.5;S&P Merval;2,8%;0%;35,2%;7.7;;
kdddydmr1kqalu395pxaoudz;RAÍCES VALORES NEGOCIABLES;2026-05-21;Clase A;1;2639285561;kdddydmr1kqalu395pxaoudz;RAÍCES VALORES NEGOCIABLES;ARS;Agresivo;Horizonte a 1 año;Acciones renta variable;-1.8864;https://www.provinciafondos.com.ar/nuestros-fondos/kdddydmr1kqalu395pxaoudz;2026-06-04 18:32:59.458053;Es un fondo conformado por una cartera de activos de alta volatilidad, principalmente acciones. Permite el acceso de pequeños y medianos inversores a la Bolsa de Comercio.;447.0;;115.0;;42674831617.0;2026-05-29;https://provincia-prod-api.teocoop.site/uploads/F1_05_26_15bddeb0bd.pdf;2026-06-04 18:34:52.125307;RAÍCES VALORES NEGOCIABLES;2026-05-29;Pesos;alto;1 año;agresivo;renta variable;42.674.831.617;29.032,868343;11,22%;11.5;18,65%;3,61%;2,48%;32.5;S&P Merval;2,8%;0%;35,2%;7.7;;
kdddydmr1kqalu395pxaoudz;RAÍCES VALORES NEGOCIABLES;2026-05-20;Clase A;1;25576125025;kdddydmr1kqalu395pxaoudz;RAÍCES VALORES NEGOCIABLES;ARS;Agresivo;Horizonte a 1 año;Acciones renta variable;-1.8864;https://www.provinciafondos.com.ar/nuestros-fondos/kdddydmr1kqalu395pxaoudz;2026-06-04 18:32:59.458053;Es un fondo conformado por una cartera de activos de alta volatilidad, principalmente acciones. Permite el acceso de pequeños y medianos inversores a la Bolsa de Comercio.;447.0;;115.0;;42674831617.0;2026-05-29;https://provincia-prod-api.teocoop.site/uploads/F1_05_26_15bddeb0bd.pdf;2026-06-04 18:34:52.125307;RAÍCES VALORES NEGOCIABLES;2026-05-29;Pesos;alto;1 año;agresivo;renta variable;42.674.831.617;29.032,868343;11,22%;11.5;18,65%;3,61%;2,48%;32.5;S&P Merval;2,8%;0%;35,2%;7.7;;
kdddydmr1kqalu395pxaoudz;RAÍCES VALORES NEGOCIABLES;2026-05-19;Clase A;1;25448998142;kdddydmr1kqalu395pxaoudz;RAÍCES VALORES NEGOCIABLES;ARS;Agresivo;Horizonte a 1 año;Acciones renta variable;-1.8864;https://www.provinciafondos.com.ar/nuestros-fondos/kdddydmr1kqalu395pxaoudz;2026-06-04 18:32:59.458053;Es un fondo conformado por una cartera de activos de alta volatilidad, principalmente acciones. Permite el acceso de pequeños y medianos inversores a la Bolsa de Comercio.;447.0;;115.0;;42674831617.0;2026-05-29;https://provincia-prod-api.teocoop.site/uploads/F1_05_26_15bddeb0bd.pdf;2026-06-04 18:34:52.125307;RAÍCES VALORES NEGOCIABLES;2026-05-29;Pesos;alto;1 año;agresivo;renta variable;42.674.831.617;29.032,868343;11,22%;11.5;18,65%;3,61%;2,48%;32.5;S&P Merval;2,8%;0%;35,2%;7.7;;
kdddydmr1kqalu395pxaoudz;RAÍCES VALORES NEGOCIABLES;2026-05-18;Clase A;1;25832019648;kdddydmr1kqalu395pxaoudz;RAÍCES VALORES NEGOCIABLES;ARS;Agresivo;Horizonte a 1 año;Acciones renta variable;-1.8864;https://www.provinciafondos.com.ar/nuestros-fondos/kdddydmr1kqalu395pxaoudz;2026-06-04 18:32:59.458053;Es un fondo conformado por una cartera de activos de alta volatilidad, principalmente acciones. Permite el acceso de pequeños y medianos inversores a la Bolsa de Comercio.;447.0;;115.0;;42674831617.0;2026-05-29;https://provincia-prod-api.teocoop.site/uploads/F1_05_26_15bddeb0bd.pdf;2026-06-04 18:34:52.125307;RAÍCES VALORES NEGOCIABLES;2026-05-29;Pesos;alto;1 año;agresivo;renta variable;42.674.831.617;29.032,868343;11,22%;11.5;18,65%;3,61%;2,48%;32.5;S&P Merval;2,8%;0%;35,2%;7.7;;
kdddydmr1kqalu395pxaoudz;RAÍCES VALORES NEGOCIABLES;2026-05-15;Clase A;1;24844183058;kdddydmr1kqalu395pxaoudz;RAÍCES VALORES NEGOCIABLES;ARS;Agresivo;Horizonte a 1 año;Acciones renta variable;-1.8864;https://www.provinciafondos.com.ar/nuestros-fondos/kdddydmr1kqalu395pxaoudz;2026-06-04 18:32:59.458053;Es un fondo conformado por una cartera de activos de alta volatilidad, principalmente acciones. Permite el acceso de pequeños y medianos inversores a la Bolsa de Comercio.;447.0;;115.0;;42674831617.0;2026-05-29;https://provincia-prod-api.teocoop.site/uploads/F1_05_26_15bddeb0bd.pdf;2026-06-04 18:34:52.125307;RAÍCES VALORES NEGOCIABLES;2026-05-29;Pesos;alto;1 año;agresivo;renta variable;42.674.831.617;29.032,868343;11,22%;11.5;18,65%;3,61%;2,48%;32.5;S&P Merval;2,8%;0%;35,2%;7.7;;
kdddydmr1kqalu395pxaoudz;RAÍCES VALORES NEGOCIABLES;2026-05-14;Clase A;1;25207327615;kdddydmr1kqalu395pxaoudz;RAÍCES VALORES NEGOCIABLES;ARS;Agresivo;Horizonte a 1 año;Acciones renta variable;-1.8864;https://www.provinciafondos.com.ar/nuestros-fondos/kdddydmr1kqalu395pxaoudz;2026-06-04 18:32:59.458053;Es un fondo conformado por una cartera de activos de alta volatilidad, principalmente acciones. Permite el acceso de pequeños y medianos inversores a la Bolsa de Comercio.;447.0;;115.0;;42674831617.0;2026-05-29;https://provincia-prod-api.teocoop.site/uploads/F1_05_26_15bddeb0bd.pdf;2026-06-04 18:34:52.125307;RAÍCES VALORES NEGOCIABLES;2026-05-29;Pesos;alto;1 año;agresivo;renta variable;42.674.831.617;29.032,868343;11,22%;11.5;18,65%;3,61%;2,48%;32.5;S&P Merval;2,8%;0%;35,2%;7.7;;
kdddydmr1kqalu395pxaoudz;RAÍCES VALORES NEGOCIABLES;2026-05-13;Clase A;1;25129138336;kdddydmr1kqalu395pxaoudz;RAÍCES VALORES NEGOCIABLES;ARS;Agresivo;Horizonte a 1 año;Acciones renta variable;-1.8864;https://www.provinciafondos.com.ar/nuestros-fondos/kdddydmr1kqalu395pxaoudz;2026-06-04 18:32:59.458053;Es un fondo conformado por una cartera de activos de alta volatilidad, principalmente acciones. Permite el acceso de pequeños y medianos inversores a la Bolsa de Comercio.;447.0;;115.0;;42674831617.0;2026-05-29;https://provincia-prod-api.teocoop.site/uploads/F1_05_26_15bddeb0bd.pdf;2026-06-04 18:34:52.125307;RAÍCES VALORES NEGOCIABLES;2026-05-29;Pesos;alto;1 año;agresivo;renta variable;42.674.831.617;29.032,868343;11,22%;11.5;18,65%;3,61%;2,48%;32.5;S&P Merval;2,8%;0%;35,2%;7.7;;
kdddydmr1kqalu395pxaoudz;RAÍCES VALORES NEGOCIABLES;2026-05-12;Clase A;1;25629980453;kdddydmr1kqalu395pxaoudz;RAÍCES VALORES NEGOCIABLES;ARS;Agresivo;Horizonte a 1 año;Acciones renta variable;-1.8864;https://www.provinciafondos.com.ar/nuestros-fondos/kdddydmr1kqalu395pxaoudz;2026-06-04 18:32:59.458053;Es un fondo conformado por una cartera de activos de alta volatilidad, principalmente acciones. Permite el acceso de pequeños y medianos inversores a la Bolsa de Comercio.;447.0;;115.0;;42674831617.0;2026-05-29;https://provincia-prod-api.teocoop.site/uploads/F1_05_26_15bddeb0bd.pdf;2026-06-04 18:34:52.125307;RAÍCES VALORES NEGOCIABLES;2026-05-29;Pesos;alto;1 año;agresivo;renta variable;42.674.831.617;29.032,868343;11,22%;11.5;18,65%;3,61%;2,48%;32.5;S&P Merval;2,8%;0%;35,2%;7.7;;
kdddydmr1kqalu395pxaoudz;RAÍCES VALORES NEGOCIABLES;2026-05-11;Clase A;1;26006936937;kdddydmr1kqalu395pxaoudz;RAÍCES VALORES NEGOCIABLES;ARS;Agresivo;Horizonte a 1 año;Acciones renta variable;-1.8864;https://www.provinciafondos.com.ar/nuestros-fondos/kdddydmr1kqalu395pxaoudz;2026-06-04 18:32:59.458053;Es un fondo conformado por una cartera de activos de alta volatilidad, principalmente acciones. Permite el acceso de pequeños y medianos inversores a la Bolsa de Comercio.;447.0;;115.0;;42674831617.0;2026-05-29;https://provincia-prod-api.teocoop.site/uploads/F1_05_26_15bddeb0bd.pdf;2026-06-04 18:34:52.125307;RAÍCES VALORES NEGOCIABLES;2026-05-29;Pesos;alto;1 año;agresivo;renta variable;42.674.831.617;29.032,868343;11,22%;11.5;18,65%;3,61%;2,48%;32.5;S&P Merval;2,8%;0%;35,2%;7.7;;
kdddydmr1kqalu395pxaoudz;RAÍCES VALORES NEGOCIABLES;2026-05-08;Clase A;1;25436588705;kdddydmr1kqalu395pxaoudz;RAÍCES VALORES NEGOCIABLES;ARS;Agresivo;Horizonte a 1 año;Acciones renta variable;-1.8864;https://www.provinciafondos.com.ar/nuestros-fondos/kdddydmr1kqalu395pxaoudz;2026-06-04 18:32:59.458053;Es un fondo conformado por una cartera de activos de alta volatilidad, principalmente acciones. Permite el acceso de pequeños y medianos inversores a la Bolsa de Comercio.;447.0;;115.0;;42674831617.0;2026-05-29;https://provincia-prod-api.teocoop.site/uploads/F1_05_26_15bddeb0bd.pdf;2026-06-04 18:34:52.125307;RAÍCES VALORES NEGOCIABLES;2026-05-29;Pesos;alto;1 año;agresivo;renta variable;42.674.831.617;29.032,868343;11,22%;11.5;18,65%;3,61%;2,48%;32.5;S&P Merval;2,8%;0%;35,2%;7.7;;
kdddydmr1kqalu395pxaoudz;RAÍCES VALORES NEGOCIABLES;2026-05-07;Clase A;1;26039301235;kdddydmr1kqalu395pxaoudz;RAÍCES VALORES NEGOCIABLES;ARS;Agresivo;Horizonte a 1 año;Acciones renta variable;-1.8864;https://www.provinciafondos.com.ar/nuestros-fondos/kdddydmr1kqalu395pxaoudz;2026-06-04 18:32:59.458053;Es un fondo conformado por una cartera de activos de alta volatilidad, principalmente acciones. Permite el acceso de pequeños y medianos inversores a la Bolsa de Comercio.;447.0;;115.0;;42674831617.0;2026-05-29;https://provincia-prod-api.teocoop.site/uploads/F1_05_26_15bddeb0bd.pdf;2026-06-04 18:34:52.125307;RAÍCES VALORES NEGOCIABLES;2026-05-29;Pesos;alto;1 año;agresivo;renta variable;42.674.831.617;29.032,868343;11,22%;11.5;18,65%;3,61%;2,48%;32.5;S&P Merval;2,8%;0%;35,2%;7.7;;
kdddydmr1kqalu395pxaoudz;RAÍCES VALORES NEGOCIABLES;2026-05-06;Clase A;1;26474852768;kdddydmr1kqalu395pxaoudz;RAÍCES VALORES NEGOCIABLES;ARS;Agresivo;Horizonte a 1 año;Acciones renta variable;-1.8864;https://www.provinciafondos.com.ar/nuestros-fondos/kdddydmr1kqalu395pxaoudz;2026-06-04 18:32:59.458053;Es un fondo conformado por una cartera de activos de alta volatilidad, principalmente acciones. Permite el acceso de pequeños y medianos inversores a la Bolsa de Comercio.;447.0;;115.0;;42674831617.0;2026-05-29;https://provincia-prod-api.teocoop.site/uploads/F1_05_26_15bddeb0bd.pdf;2026-06-04 18:34:52.125307;RAÍCES VALORES NEGOCIABLES;2026-05-29;Pesos;alto;1 año;agresivo;renta variable;42.674.831.617;29.032,868343;11,22%;11.5;18,65%;3,61%;2,48%;32.5;S&P Merval;2,8%;0%;35,2%;7.7;;
kdddydmr1kqalu395pxaoudz;RAÍCES VALORES NEGOCIABLES;2026-06-03;Clase A;1;28998387447;kdddydmr1kqalu395pxaoudz;RAÍCES VALORES NEGOCIABLES;ARS;Agresivo;Horizonte a 1 año;Acciones renta variable;-1.8864;https://www.provinciafondos.com.ar/nuestros-fondos/kdddydmr1kqalu395pxaoudz;2026-06-04 18:32:59.458053;Es un fondo conformado por una cartera de activos de alta volatilidad, principalmente acciones. Permite el acceso de pequeños y medianos inversores a la Bolsa de Comercio.;447.0;;115.0;;42674831617.0;2026-05-29;https://provincia-prod-api.teocoop.site/uploads/F1_05_26_15bddeb0bd.pdf;2026-06-04 18:34:52.125307;RAÍCES VALORES NEGOCIABLES;2026-05-29;Pesos;alto;1 año;agresivo;renta variable;42.674.831.617;29.032,868343;11,22%;11.5;18,65%;3,61%;2,48%;32.5;S&P Merval;2,8%;0%;35,2%;7.7;;
kdddydmr1kqalu395pxaoudz;RAÍCES VALORES NEGOCIABLES;2026-06-02;Clase A;1;29555930959;kdddydmr1kqalu395pxaoudz;RAÍCES VALORES NEGOCIABLES;ARS;Agresivo;Horizonte a 1 año;Acciones renta variable;-1.8864;https://www.provinciafondos.com.ar/nuestros-fondos/kdddydmr1kqalu395pxaoudz;2026-06-04 18:32:59.458053;Es un fondo conformado por una cartera de activos de alta volatilidad, principalmente acciones. Permite el acceso de pequeños y medianos inversores a la Bolsa de Comercio.;447.0;;115.0;;42674831617.0;2026-05-29;https://provincia-prod-api.teocoop.site/uploads/F1_05_26_15bddeb0bd.pdf;2026-06-04 18:34:52.125307;RAÍCES VALORES NEGOCIABLES;2026-05-29;Pesos;alto;1 año;agresivo;renta variable;42.674.831.617;29.032,868343;11,22%;11.5;18,65%;3,61%;2,48%;32.5;S&P Merval;2,8%;0%;35,2%;7.7;;
kdddydmr1kqalu395pxaoudz;RAÍCES VALORES NEGOCIABLES;2026-06-01;Clase A;1;29726722581;kdddydmr1kqalu395pxaoudz;RAÍCES VALORES NEGOCIABLES;ARS;Agresivo;Horizonte a 1 año;Acciones renta variable;-1.8864;https://www.provinciafondos.com.ar/nuestros-fondos/kdddydmr1kqalu395pxaoudz;2026-06-04 18:32:59.458053;Es un fondo conformado por una cartera de activos de alta volatilidad, principalmente acciones. Permite el acceso de pequeños y medianos inversores a la Bolsa de Comercio.;447.0;;115.0;;42674831617.0;2026-05-29;https://provincia-prod-api.teocoop.site/uploads/F1_05_26_15bddeb0bd.pdf;2026-06-04 18:34:52.125307;RAÍCES VALORES NEGOCIABLES;2026-05-29;Pesos;alto;1 año;agresivo;renta variable;42.674.831.617;29.032,868343;11,22%;11.5;18,65%;3,61%;2,48%;32.5;S&P Merval;2,8%;0%;35,2%;7.7;;
kdddydmr1kqalu395pxaoudz;RAÍCES VALORES NEGOCIABLES;2026-05-29;Clase A;1;29032868343;kdddydmr1kqalu395pxaoudz;RAÍCES VALORES NEGOCIABLES;ARS;Agresivo;Horizonte a 1 año;Acciones renta variable;-1.8864;https://www.provinciafondos.com.ar/nuestros-fondos/kdddydmr1kqalu395pxaoudz;2026-06-04 18:32:59.458053;Es un fondo conformado por una cartera de activos de alta volatilidad, principalmente acciones. Permite el acceso de pequeños y medianos inversores a la Bolsa de Comercio.;447.0;;115.0;;42674831617.0;2026-05-29;https://provincia-prod-api.teocoop.site/uploads/F1_05_26_15bddeb0bd.pdf;2026-06-04 18:34:52.125307;RAÍCES VALORES NEGOCIABLES;2026-05-29;Pesos;alto;1 año;agresivo;renta variable;42.674.831.617;29.032,868343;11,22%;11.5;18,65%;3,61%;2,48%;32.5;S&P Merval;2,8%;0%;35,2%;7.7;;
kdddydmr1kqalu395pxaoudz;RAÍCES VALORES NEGOCIABLES;2026-05-28;Clase A;1;28329152759;kdddydmr1kqalu395pxaoudz;RAÍCES VALORES NEGOCIABLES;ARS;Agresivo;Horizonte a 1 año;Acciones renta variable;-1.8864;https://www.provinciafondos.com.ar/nuestros-fondos/kdddydmr1kqalu395pxaoudz;2026-06-04 18:32:59.458053;Es un fondo conformado por una cartera de activos de alta volatilidad, principalmente acciones. Permite el acceso de pequeños y medianos inversores a la Bolsa de Comercio.;447.0;;115.0;;42674831617.0;2026-05-29;https://provincia-prod-api.teocoop.site/uploads/F1_05_26_15bddeb0bd.pdf;2026-06-04 18:34:52.125307;RAÍCES VALORES NEGOCIABLES;2026-05-29;Pesos;alto;1 año;agresivo;renta variable;42.674.831.617;29.032,868343;11,22%;11.5;18,65%;3,61%;2,48%;32.5;S&P Merval;2,8%;0%;35,2%;7.7;;
kdddydmr1kqalu395pxaoudz;RAÍCES VALORES NEGOCIABLES;2026-05-27;Clase A;1;28170001144;kdddydmr1kqalu395pxaoudz;RAÍCES VALORES NEGOCIABLES;ARS;Agresivo;Horizonte a 1 año;Acciones renta variable;-1.8864;https://www.provinciafondos.com.ar/nuestros-fondos/kdddydmr1kqalu395pxaoudz;2026-06-04 18:32:59.458053;Es un fondo conformado por una cartera de activos de alta volatilidad, principalmente acciones. Permite el acceso de pequeños y medianos inversores a la Bolsa de Comercio.;447.0;;115.0;;42674831617.0;2026-05-29;https://provincia-prod-api.teocoop.site/uploads/F1_05_26_15bddeb0bd.pdf;2026-06-04 18:34:52.125307;RAÍCES VALORES NEGOCIABLES;2026-05-29;Pesos;alto;1 año;agresivo;renta variable;42.674.831.617;29.032,868343;11,22%;11.5;18,65%;3,61%;2,48%;32.5;S&P Merval;2,8%;0%;35,2%;7.7;;
kdddydmr1kqalu395pxaoudz;RAÍCES VALORES NEGOCIABLES;2026-05-26;Clase A;1;26814266344;kdddydmr1kqalu395pxaoudz;RAÍCES VALORES NEGOCIABLES;ARS;Agresivo;Horizonte a 1 año;Acciones renta variable;-1.8864;https://www.provinciafondos.com.ar/nuestros-fondos/kdddydmr1kqalu395pxaoudz;2026-06-04 18:32:59.458053;Es un fondo conformado por una cartera de activos de alta volatilidad, principalmente acciones. Permite el acceso de pequeños y medianos inversores a la Bolsa de Comercio.;447.0;;115.0;;42674831617.0;2026-05-29;https://provincia-prod-api.teocoop.site/uploads/F1_05_26_15bddeb0bd.pdf;2026-06-04 18:34:52.125307;RAÍCES VALORES NEGOCIABLES;2026-05-29;Pesos;alto;1 año;agresivo;renta variable;42.674.831.617;29.032,868343;11,22%;11.5;18,65%;3,61%;2,48%;32.5;S&P Merval;2,8%;0%;35,2%;7.7;;
kdddydmr1kqalu395pxaoudz;RAÍCES VALORES NEGOCIABLES;2026-05-22;Clase A;1;26103138397;kdddydmr1kqalu395pxaoudz;RAÍCES VALORES NEGOCIABLES;ARS;Agresivo;Horizonte a 1 año;Acciones renta variable;-1.8864;https://www.provinciafondos.com.ar/nuestros-fondos/kdddydmr1kqalu395pxaoudz;2026-06-04 18:32:59.458053;Es un fondo conformado por una cartera de activos de alta volatilidad, principalmente acciones. Permite el acceso de pequeños y medianos inversores a la Bolsa de Comercio.;447.0;;115.0;;42674831617.0;2026-05-29;https://provincia-prod-api.teocoop.site/uploads/F1_05_26_15bddeb0bd.pdf;2026-06-04 18:34:52.125307;RAÍCES VALORES NEGOCIABLES;2026-05-29;Pesos;alto;1 año;agresivo;renta variable;42.674.831.617;29.032,868343;11,22%;11.5;18,65%;3,61%;2,48%;32.5;S&P Merval;2,8%;0%;35,2%;7.7;;
kdddydmr1kqalu395pxaoudz;RAÍCES VALORES NEGOCIABLES;2026-05-21;Clase A;1;2639285561;kdddydmr1kqalu395pxaoudz;RAÍCES VALORES NEGOCIABLES;ARS;Agresivo;Horizonte a 1 año;Acciones renta variable;-1.8864;https://www.provinciafondos.com.ar/nuestros-fondos/kdddydmr1kqalu395pxaoudz;2026-06-04 18:32:59.458053;Es un fondo conformado por una cartera de activos de alta volatilidad, principalmente acciones. Permite el acceso de pequeños y medianos inversores a la Bolsa de Comercio.;447.0;;115.0;;42674831617.0;2026-05-29;https://provincia-prod-api.teocoop.site/uploads/F1_05_26_15bddeb0bd.pdf;2026-06-04 18:34:52.125307;RAÍCES VALORES NEGOCIABLES;2026-05-29;Pesos;alto;1 año;agresivo;renta variable;42.674.831.617;29.032,868343;11,22%;11.5;18,65%;3,61%;2,48%;32.5;S&P Merval;2,8%;0%;35,2%;7.7;;
kdddydmr1kqalu395pxaoudz;RAÍCES VALORES NEGOCIABLES;2026-05-20;Clase A;1;25576125025;kdddydmr1kqalu395pxaoudz;RAÍCES VALORES NEGOCIABLES;ARS;Agresivo;Horizonte a 1 año;Acciones renta variable;-1.8864;https://www.provinciafondos.com.ar/nuestros-fondos/kdddydmr1kqalu395pxaoudz;2026-06-04 18:32:59.458053;Es un fondo conformado por una cartera de activos de alta volatilidad, principalmente acciones. Permite el acceso de pequeños y medianos inversores a la Bolsa de Comercio.;447.0;;115.0;;42674831617.0;2026-05-29;https://provincia-prod-api.teocoop.site/uploads/F1_05_26_15bddeb0bd.pdf;2026-06-04 18:34:52.125307;RAÍCES VALORES NEGOCIABLES;2026-05-29;Pesos;alto;1 año;agresivo;renta variable;42.674.831.617;29.032,868343;11,22%;11.5;18,65%;3,61%;2,48%;32.5;S&P Merval;2,8%;0%;35,2%;7.7;;
kdddydmr1kqalu395pxaoudz;RAÍCES VALORES NEGOCIABLES;2026-05-19;Clase A;1;25448998142;kdddydmr1kqalu395pxaoudz;RAÍCES VALORES NEGOCIABLES;ARS;Agresivo;Horizonte a 1 año;Acciones renta variable;-1.8864;https://www.provinciafondos.com.ar/nuestros-fondos/kdddydmr1kqalu395pxaoudz;2026-06-04 18:32:59.458053;Es un fondo conformado por una cartera de activos de alta volatilidad, principalmente acciones. Permite el acceso de pequeños y medianos inversores a la Bolsa de Comercio.;447.0;;115.0;;42674831617.0;2026-05-29;https://provincia-prod-api.teocoop.site/uploads/F1_05_26_15bddeb0bd.pdf;2026-06-04 18:34:52.125307;RAÍCES VALORES NEGOCIABLES;2026-05-29;Pesos;alto;1 año;agresivo;renta variable;42.674.831.617;29.032,868343;11,22%;11.5;18,65%;3,61%;2,48%;32.5;S&P Merval;2,8%;0%;35,2%;7.7;;
kdddydmr1kqalu395pxaoudz;RAÍCES VALORES NEGOCIABLES;2026-05-18;Clase A;1;25832019648;kdddydmr1kqalu395pxaoudz;RAÍCES VALORES NEGOCIABLES;ARS;Agresivo;Horizonte a 1 año;Acciones renta variable;-1.8864;https://www.provinciafondos.com.ar/nuestros-fondos/kdddydmr1kqalu395pxaoudz;2026-06-04 18:32:59.458053;Es un fondo conformado por una cartera de activos de alta volatilidad, principalmente acciones. Permite el acceso de pequeños y medianos inversores a la Bolsa de Comercio.;447.0;;115.0;;42674831617.0;2026-05-29;https://provincia-prod-api.teocoop.site/uploads/F1_05_26_15bddeb0bd.pdf;2026-06-04 18:34:52.125307;RAÍCES VALORES NEGOCIABLES;2026-05-29;Pesos;alto;1 año;agresivo;renta variable;42.674.831.617;29.032,868343;11,22%;11.5;18,65%;3,61%;2,48%;32.5;S&P Merval;2,8%;0%;35,2%;7.7;;
kdddydmr1kqalu395pxaoudz;RAÍCES VALORES NEGOCIABLES;2026-05-15;Clase A;1;24844183058;kdddydmr1kqalu395pxaoudz;RAÍCES VALORES NEGOCIABLES;ARS;Agresivo;Horizonte a 1 año;Acciones renta variable;-1.8864;https://www.provinciafondos.com.ar/nuestros-fondos/kdddydmr1kqalu395pxaoudz;2026-06-04 18:32:59.458053;Es un fondo conformado por una cartera de activos de alta volatilidad, principalmente acciones. Permite el acceso de pequeños y medianos inversores a la Bolsa de Comercio.;447.0;;115.0;;42674831617.0;2026-05-29;https://provincia-prod-api.teocoop.site/uploads/F1_05_26_15bddeb0bd.pdf;2026-06-04 18:34:52.125307;RAÍCES VALORES NEGOCIABLES;2026-05-29;Pesos;alto;1 año;agresivo;renta variable;42.674.831.617;29.032,868343;11,22%;11.5;18,65%;3,61%;2,48%;32.5;S&P Merval;2,8%;0%;35,2%;7.7;;
kdddydmr1kqalu395pxaoudz;RAÍCES VALORES NEGOCIABLES;2026-05-14;Clase A;1;25207327615;kdddydmr1kqalu395pxaoudz;RAÍCES VALORES NEGOCIABLES;ARS;Agresivo;Horizonte a 1 año;Acciones renta variable;-1.8864;https://www.provinciafondos.com.ar/nuestros-fondos/kdddydmr1kqalu395pxaoudz;2026-06-04 18:32:59.458053;Es un fondo conformado por una cartera de activos de alta volatilidad, principalmente acciones. Permite el acceso de pequeños y medianos inversores a la Bolsa de Comercio.;447.0;;115.0;;42674831617.0;2026-05-29;https://provincia-prod-api.teocoop.site/uploads/F1_05_26_15bddeb0bd.pdf;2026-06-04 18:34:52.125307;RAÍCES VALORES NEGOCIABLES;2026-05-29;Pesos;alto;1 año;agresivo;renta variable;42.674.831.617;29.032,868343;11,22%;11.5;18,65%;3,61%;2,48%;32.5;S&P Merval;2,8%;0%;35,2%;7.7;;
kdddydmr1kqalu395pxaoudz;RAÍCES VALORES NEGOCIABLES;2026-05-13;Clase A;1;25129138336;kdddydmr1kqalu395pxaoudz;RAÍCES VALORES NEGOCIABLES;ARS;Agresivo;Horizonte a 1 año;Acciones renta variable;-1.8864;https://www.provinciafondos.com.ar/nuestros-fondos/kdddydmr1kqalu395pxaoudz;2026-06-04 18:32:59.458053;Es un fondo conformado por una cartera de activos de alta volatilidad, principalmente acciones. Permite el acceso de pequeños y medianos inversores a la Bolsa de Comercio.;447.0;;115.0;;42674831617.0;2026-05-29;https://provincia-prod-api.teocoop.site/uploads/F1_05_26_15bddeb0bd.pdf;2026-06-04 18:34:52.125307;RAÍCES VALORES NEGOCIABLES;2026-05-29;Pesos;alto;1 año;agresivo;renta variable;42.674.831.617;29.032,868343;11,22%;11.5;18,65%;3,61%;2,48%;32.5;S&P Merval;2,8%;0%;35,2%;7.7;;
kdddydmr1kqalu395pxaoudz;RAÍCES VALORES NEGOCIABLES;2026-05-12;Clase A;1;25629980453;kdddydmr1kqalu395pxaoudz;RAÍCES VALORES NEGOCIABLES;ARS;Agresivo;Horizonte a 1 año;Acciones renta variable;-1.8864;https://www.provinciafondos.com.ar/nuestros-fondos/kdddydmr1kqalu395pxaoudz;2026-06-04 18:32:59.458053;Es un fondo conformado por una cartera de activos de alta volatilidad, principalmente acciones. Permite el acceso de pequeños y medianos inversores a la Bolsa de Comercio.;447.0;;115.0;;42674831617.0;2026-05-29;https://provincia-prod-api.teocoop.site/uploads/F1_05_26_15bddeb0bd.pdf;2026-06-04 18:34:52.125307;RAÍCES VALORES NEGOCIABLES;2026-05-29;Pesos;alto;1 año;agresivo;renta variable;42.674.831.617;29.032,868343;11,22%;11.5;18,65%;3,61%;2,48%;32.5;S&P Merval;2,8%;0%;35,2%;7.7;;
kdddydmr1kqalu395pxaoudz;RAÍCES VALORES NEGOCIABLES;2026-05-11;Clase A;1;26006936937;kdddydmr1kqalu395pxaoudz;RAÍCES VALORES NEGOCIABLES;ARS;Agresivo;Horizonte a 1 año;Acciones renta variable;-1.8864;https://www.provinciafondos.com.ar/nuestros-fondos/kdddydmr1kqalu395pxaoudz;2026-06-04 18:32:59.458053;Es un fondo conformado por una cartera de activos de alta volatilidad, principalmente acciones. Permite el acceso de pequeños y medianos inversores a la Bolsa de Comercio.;447.0;;115.0;;42674831617.0;2026-05-29;https://provincia-prod-api.teocoop.site/uploads/F1_05_26_15bddeb0bd.pdf;2026-06-04 18:34:52.125307;RAÍCES VALORES NEGOCIABLES;2026-05-29;Pesos;alto;1 año;agresivo;renta variable;42.674.831.617;29.032,868343;11,22%;11.5;18,65%;3,61%;2,48%;32.5;S&P Merval;2,8%;0%;35,2%;7.7;;
kdddydmr1kqalu395pxaoudz;RAÍCES VALORES NEGOCIABLES;2026-05-08;Clase A;1;25436588705;kdddydmr1kqalu395pxaoudz;RAÍCES VALORES NEGOCIABLES;ARS;Agresivo;Horizonte a 1 año;Acciones renta variable;-1.8864;https://www.provinciafondos.com.ar/nuestros-fondos/kdddydmr1kqalu395pxaoudz;2026-06-04 18:32:59.458053;Es un fondo conformado por una cartera de activos de alta volatilidad, principalmente acciones. Permite el acceso de pequeños y medianos inversores a la Bolsa de Comercio.;447.0;;115.0;;42674831617.0;2026-05-29;https://provincia-prod-api.teocoop.site/uploads/F1_05_26_15bddeb0bd.pdf;2026-06-04 18:34:52.125307;RAÍCES VALORES NEGOCIABLES;2026-05-29;Pesos;alto;1 año;agresivo;renta variable;42.674.831.617;29.032,868343;11,22%;11.5;18,65%;3,61%;2,48%;32.5;S&P Merval;2,8%;0%;35,2%;7.7;;
kdddydmr1kqalu395pxaoudz;RAÍCES VALORES NEGOCIABLES;2026-05-07;Clase A;1;26039301235;kdddydmr1kqalu395pxaoudz;RAÍCES VALORES NEGOCIABLES;ARS;Agresivo;Horizonte a 1 año;Acciones renta variable;-1.8864;https://www.provinciafondos.com.ar/nuestros-fondos/kdddydmr1kqalu395pxaoudz;2026-06-04 18:32:59.458053;Es un fondo conformado por una cartera de activos de alta volatilidad, principalmente acciones. Permite el acceso de pequeños y medianos inversores a la Bolsa de Comercio.;447.0;;115.0;;42674831617.0;2026-05-29;https://provincia-prod-api.teocoop.site/uploads/F1_05_26_15bddeb0bd.pdf;2026-06-04 18:34:52.125307;RAÍCES VALORES NEGOCIABLES;2026-05-29;Pesos;alto;1 año;agresivo;renta variable;42.674.831.617;29.032,868343;11,22%;11.5;18,65%;3,61%;2,48%;32.5;S&P Merval;2,8%;0%;35,2%;7.7;;
kdddydmr1kqalu395pxaoudz;RAÍCES VALORES NEGOCIABLES;2026-05-06;Clase A;1;26474852768;kdddydmr1kqalu395pxaoudz;RAÍCES VALORES NEGOCIABLES;ARS;Agresivo;Horizonte a 1 año;Acciones renta variable;-1.8864;https://www.provinciafondos.com.ar/nuestros-fondos/kdddydmr1kqalu395pxaoudz;2026-06-04 18:32:59.458053;Es un fondo conformado por una cartera de activos de alta volatilidad, principalmente acciones. Permite el acceso de pequeños y medianos inversores a la Bolsa de Comercio.;447.0;;115.0;;42674831617.0;2026-05-29;https://provincia-prod-api.teocoop.site/uploads/F1_05_26_15bddeb0bd.pdf;2026-06-04 18:34:52.125307;RAÍCES VALORES NEGOCIABLES;2026-05-29;Pesos;alto;1 año;agresivo;renta variable;42.674.831.617;29.032,868343;11,22%;11.5;18,65%;3,61%;2,48%;32.5;S&P Merval;2,8%;0%;35,2%;7.7;;
